Hero;Player;Total Count;Winrate;Avg. KAL
Terrorblade;Ame;177;66,67%;4,69
Morphling;Ame;136;66,91%;6,15
Sven;Ame;119;72,27%;5,67
Gyrocopter;Ame;114;60,53%;4,54
Juggernaut;Ame;113;58,41%;5,04
Faceless Void;Ame;113;65,49%;5,95
Phantom Lancer;Ame;102;57,84%;4,49
Monkey King;Ame;96;65,62%;4,50
Slark;Ame;92;56,52%;5,08
Lifestealer;Ame;88;57,95%;5,53
Troll Warlord;Ame;88;61,36%;4,16
Phantom Assassin;Ame;81;64,20%;5,70
Luna;Ame;78;53,85%;4,05
Drow Ranger;Ame;76;64,47%;3,96
Spectre;Ame;75;64,00%;8,10
Anti-Mage;Ame;71;66,20%;6,55
Naga Siren;Ame;65;61,54%;6,44
Ursa;Ame;60;50,00%;3,97
Clinkz;Ame;46;67,39%;4,19
Weaver;Ame;43;60,47%;6,35
Ember Spirit;Ame;40;45,00%;4,28
Templar Assassin;Ame;40;57,50%;4,02
Lycan;Ame;40;67,50%;6,53
Alchemist;Ame;35;60,00%;4,17
Medusa;Ame;34;64,71%;4,45
Lone Druid;Ame;32;68,75%;5,96
Chaos Knight;Ame;31;58,06%;3,37
Shadow Fiend;Ame;29;62,07%;3,68
Tiny;Ame;29;41,38%;3,21
Dragon Knight;Ame;26;61,54%;4,55
Timbersaw;Ame;26;50,00%;3,80
Bristleback;Ame;26;76,92%;4,81
Bloodseeker;Ame;25;64,00%;4,20
Arc Warden;Ame;24;50,00%;3,78
Wraith King;Ame;22;59,09%;4,33
Kez;Ame;22;40,91%;3,65
Razor;Ame;20;55,00%;3,65
Nature's Prophet;Ame;20;60,00%;4,92
Beastmaster;Ame;15;60,00%;3,63
Huskar;Ame;15;46,67%;2,78
Windranger;Ame;14;57,14%;4,39
Riki;Ame;12;75,00%;6,52
Muerta;Ame;10;40,00%;2,47
Shadow Fiend;Arteezy;113;75,22%;4,11
Terrorblade;Arteezy;109;59,63%;4,55
Naga Siren;Arteezy;87;67,82%;5,15
Morphling;Arteezy;85;65,88%;4,82
Lycan;Arteezy;81;76,54%;5,80
Ursa;Arteezy;75;65,33%;4,56
Lifestealer;Arteezy;75;62,67%;5,52
Luna;Arteezy;75;56,00%;4,28
Razor;Arteezy;72;72,22%;4,68
Sven;Arteezy;72;55,56%;4,36
Drow Ranger;Arteezy;71;71,83%;3,57
Gyrocopter;Arteezy;67;58,21%;4,26
Phantom Assassin;Arteezy;62;66,13%;5,08
Templar Assassin;Arteezy;52;71,15%;4,56
Anti-Mage;Arteezy;49;67,35%;6,30
Faceless Void;Arteezy;46;60,87%;6,01
Spectre;Arteezy;44;63,64%;5,33
Bloodseeker;Arteezy;43;69,77%;5,44
Troll Warlord;Arteezy;42;66,67%;4,75
Juggernaut;Arteezy;41;53,66%;3,80
Medusa;Arteezy;38;60,53%;5,18
Nature's Prophet;Arteezy;38;57,89%;4,91
Lone Druid;Arteezy;38;65,79%;5,31
Alchemist;Arteezy;37;59,46%;4,81
Outworld Devourer;Arteezy;35;57,14%;3,38
Clinkz;Arteezy;33;57,58%;3,79
Phantom Lancer;Arteezy;30;66,67%;4,66
Tiny;Arteezy;29;75,86%;5,21
Tinker;Arteezy;28;75,00%;3,83
Arc Warden;Arteezy;28;67,86%;5,88
Slark;Arteezy;28;42,86%;4,00
Weaver;Arteezy;26;50,00%;5,83
Dragon Knight;Arteezy;26;53,85%;2,92
Wraith King;Arteezy;25;60,00%;4,65
Storm Spirit;Arteezy;24;54,17%;4,32
Death Prophet;Arteezy;24;70,83%;4,26
Chaos Knight;Arteezy;23;34,78%;2,93
Venomancer;Arteezy;17;64,71%;3,76
Windranger;Arteezy;16;62,50%;6,28
Leshrac;Arteezy;15;73,33%;4,07
Timbersaw;Arteezy;15;66,67%;5,13
Ember Spirit;Arteezy;15;66,67%;3,96
Puck;Arteezy;15;66,67%;4,83
Monkey King;Arteezy;14;50,00%;4,62
Queen of Pain;Arteezy;13;53,85%;4,72
Bristleback;Arteezy;12;66,67%;3,96
Invoker;Arteezy;12;50,00%;3,00
Sniper;Arteezy;12;66,67%;5,11
Pudge;Arteezy;10;70,00%;5,55
Razor;Crystallis;117;52,99%;4,40
Monkey King;Crystallis;106;60,38%;5,27
Bloodseeker;Crystallis;63;57,14%;4,82
Dragon Knight;Crystallis;57;57,89%;4,04
Juggernaut;Crystallis;47;57,45%;4,50
Gyrocopter;Crystallis;43;58,14%;4,45
Troll Warlord;Crystallis;42;52,38%;3,63
Sven;Crystallis;39;46,15%;3,73
Ursa;Crystallis;38;57,89%;4,59
Terrorblade;Crystallis;38;39,47%;4,62
Abaddon;Crystallis;35;57,14%;6,27
Faceless Void;Crystallis;33;39,39%;4,79
Medusa;Crystallis;32;37,50%;3,63
Alchemist;Crystallis;32;53,12%;4,96
Morphling;Crystallis;31;45,16%;6,36
Lifestealer;Crystallis;30;50,00%;4,70
Shadow Fiend;Crystallis;28;39,29%;3,44
Huskar;Crystallis;27;66,67%;3,90
Bristleback;Crystallis;27;51,85%;4,22
Templar Assassin;Crystallis;24;58,33%;4,95
Drow Ranger;Crystallis;23;47,83%;3,65
Wraith King;Crystallis;21;66,67%;5,84
Slark;Crystallis;20;55,00%;7,55
Phantom Assassin;Crystallis;19;73,68%;6,51
Luna;Crystallis;16;50,00%;3,41
Marci;Crystallis;15;73,33%;5,89
Phantom Lancer;Crystallis;14;42,86%;4,76
Dawnbreaker;Crystallis;13;61,54%;6,72
Naga Siren;Crystallis;13;46,15%;4,82
Windranger;Crystallis;12;33,33%;3,34
Weaver;Crystallis;11;27,27%;3,51
Anti-Mage;Crystallis;11;63,64%;7,22
Tiny;Crystallis;11;63,64%;5,71
Lifestealer;DyrachYO;63;68,25%;4,45
Chaos Knight;DyrachYO;58;72,41%;4,41
Terrorblade;DyrachYO;55;63,64%;3,85
Alchemist;DyrachYO;51;60,78%;4,34
Morphling;DyrachYO;44;50,00%;3,46
Phantom Assassin;DyrachYO;43;58,14%;4,50
Faceless Void;DyrachYO;43;62,79%;4,51
Slark;DyrachYO;40;57,50%;3,56
Medusa;DyrachYO;35;68,57%;4,03
Gyrocopter;DyrachYO;34;50,00%;2,82
Bloodseeker;DyrachYO;34;52,94%;3,14
Bristleback;DyrachYO;32;62,50%;3,56
Wraith King;DyrachYO;30;50,00%;3,63
Juggernaut;DyrachYO;30;63,33%;4,33
Sven;DyrachYO;29;37,93%;2,93
Monkey King;DyrachYO;29;58,62%;3,29
Ursa;DyrachYO;27;44,44%;2,77
Clinkz;DyrachYO;25;76,00%;3,87
Troll Warlord;DyrachYO;22;45,45%;3,11
Luna;DyrachYO;21;47,62%;3,00
Spectre;DyrachYO;20;35,00%;3,08
Weaver;DyrachYO;19;73,68%;4,19
Razor;DyrachYO;18;72,22%;4,11
Drow Ranger;DyrachYO;18;44,44%;2,63
Lina;DyrachYO;17;82,35%;4,71
Magnus;DyrachYO;16;68,75%;4,31
Tiny;DyrachYO;15;60,00%;3,43
Dragon Knight;DyrachYO;14;50,00%;2,79
Sniper;DyrachYO;14;42,86%;2,83
Naga Siren;DyrachYO;13;61,54%;3,98
Pudge;DyrachYO;13;53,85%;3,40
Templar Assassin;DyrachYO;12;58,33%;3,35
Nature's Prophet;DyrachYO;12;66,67%;4,29
Broodmother;DyrachYO;12;58,33%;3,71
Anti-Mage;DyrachYO;10;60,00%;3,39
Morphling;MiCKe;106;49,06%;5,52
Monkey King;MiCKe;103;62,14%;5,41
Luna;MiCKe;94;56,38%;4,67
Tiny;MiCKe;81;59,26%;5,02
Templar Assassin;MiCKe;65;60,00%;4,56
Sven;MiCKe;64;62,50%;5,13
Weaver;MiCKe;62;61,29%;5,94
Gyrocopter;MiCKe;60;43,33%;4,01
Windranger;MiCKe;59;67,80%;6,39
Shadow Fiend;MiCKe;59;64,41%;4,81
Juggernaut;MiCKe;53;52,83%;5,12
Faceless Void;MiCKe;52;67,31%;6,43
Nature's Prophet;MiCKe;49;69,39%;6,19
Dragon Knight;MiCKe;45;57,78%;4,36
Drow Ranger;MiCKe;45;53,33%;3,17
Troll Warlord;MiCKe;41;56,10%;4,78
Razor;MiCKe;40;67,50%;4,55
Bloodseeker;MiCKe;39;58,97%;5,38
Kez;MiCKe;38;63,16%;5,17
Phantom Assassin;MiCKe;38;47,37%;5,03
Ursa;MiCKe;35;54,29%;4,73
Terrorblade;MiCKe;34;44,12%;3,74
Bristleback;MiCKe;33;60,61%;4,43
Queen of Pain;MiCKe;33;57,58%;7,06
Spectre;MiCKe;31;51,61%;5,39
Slark;MiCKe;30;46,67%;3,96
Medusa;MiCKe;29;58,62%;5,34
Phantom Lancer;MiCKe;26;38,46%;3,59
Lina;MiCKe;25;36,00%;2,98
Muerta;MiCKe;24;50,00%;3,30
Alchemist;MiCKe;22;50,00%;3,86
Lifestealer;MiCKe;21;47,62%;4,47
Anti-Mage;MiCKe;17;52,94%;5,85
Mirana;MiCKe;15;60,00%;4,93
Marci;MiCKe;14;85,71%;6,20
Pudge;MiCKe;14;42,86%;2,98
Shadow Fiend;Miracle-;86;61,63%;3,63
Morphling;Miracle-;79;53,16%;5,07
Anti-Mage;Miracle-;75;62,67%;5,02
Templar Assassin;Miracle-;56;60,71%;4,47
Gyrocopter;Miracle-;56;60,71%;4,82
Terrorblade;Miracle-;53;69,81%;5,80
Juggernaut;Miracle-;46;63,04%;4,77
Phantom Lancer;Miracle-;42;57,14%;4,84
Slark;Miracle-;40;62,50%;5,45
Sven;Miracle-;38;57,89%;4,44
Medusa;Miracle-;36;63,89%;5,40
Faceless Void;Miracle-;34;52,94%;5,27
Phantom Assassin;Miracle-;32;62,50%;4,47
Alchemist;Miracle-;31;70,97%;3,79
Lifestealer;Miracle-;30;56,67%;4,46
Troll Warlord;Miracle-;26;61,54%;4,00
Spectre;Miracle-;26;53,85%;5,83
Luna;Miracle-;26;65,38%;5,76
Windranger;Miracle-;26;46,15%;3,52
Monkey King;Miracle-;25;72,00%;4,13
Tiny;Miracle-;25;56,00%;3,12
Lina;Miracle-;22;50,00%;3,01
Dragon Knight;Miracle-;22;50,00%;2,68
Drow Ranger;Miracle-;20;35,00%;2,41
Razor;Miracle-;19;73,68%;4,16
Arc Warden;Miracle-;19;52,63%;2,77
Ursa;Miracle-;18;33,33%;2,97
Weaver;Miracle-;18;50,00%;4,55
Bristleback;Miracle-;14;64,29%;4,79
Bloodseeker;Miracle-;13;53,85%;3,75
Nature's Prophet;Miracle-;12;83,33%;7,52
Mirana;Miracle-;10;50,00%;3,84
Riki;Miracle-;10;70,00%;3,98
Naga Siren;Miracle-;10;50,00%;3,44
Ursa;Nightfall;97;62,89%;6,83
Morphling;Nightfall;79;55,70%;6,62
Sven;Nightfall;71;47,89%;4,85
Faceless Void;Nightfall;62;67,74%;8,08
Tiny;Nightfall;56;50,00%;5,28
Terrorblade;Nightfall;56;51,79%;6,10
Medusa;Nightfall;54;62,96%;7,21
Windranger;Nightfall;51;62,75%;7,66
Gyrocopter;Nightfall;51;58,82%;5,72
Abaddon;Nightfall;49;65,31%;6,91
Phantom Lancer;Nightfall;49;77,55%;9,44
Phantom Assassin;Nightfall;48;62,50%;8,19
Troll Warlord;Nightfall;36;55,56%;5,01
Lifestealer;Nightfall;36;52,78%;7,68
Dragon Knight;Nightfall;36;55,56%;5,60
Alchemist;Nightfall;32;75,00%;8,38
Monkey King;Nightfall;26;80,77%;7,83
Luna;Nightfall;25;52,00%;4,77
Bloodseeker;Nightfall;24;70,83%;9,70
Razor;Nightfall;24;62,50%;5,51
Shadow Fiend;Nightfall;24;66,67%;6,00
Juggernaut;Nightfall;23;56,52%;6,68
Broodmother;Nightfall;21;80,95%;7,44
Beastmaster;Nightfall;18;33,33%;4,52
Wraith King;Nightfall;18;55,56%;7,11
Naga Siren;Nightfall;18;66,67%;7,00
Weaver;Nightfall;17;64,71%;8,86
Anti-Mage;Nightfall;12;66,67%;9,05
Chaos Knight;Nightfall;12;41,67%;4,83
Slark;Nightfall;12;58,33%;9,48
Nature's Prophet;Nightfall;11;45,45%;6,05
Lycan;Nightfall;11;63,64%;12,23
Gyrocopter;Parker;72;59,72%;5,03
Morphling;Parker;65;56,92%;5,31
Templar Assassin;Parker;64;56,25%;5,78
Medusa;Parker;53;60,38%;5,42
Shadow Fiend;Parker;40;62,50%;4,75
Sven;Parker;37;56,76%;5,04
Terrorblade;Parker;36;36,11%;4,25
Monkey King;Parker;29;55,17%;4,01
Luna;Parker;21;52,38%;3,43
Phantom Assassin;Parker;20;45,00%;4,36
Chaos Knight;Parker;14;50,00%;3,78
Lina;Parker;13;69,23%;4,16
Juggernaut;Parker;12;50,00%;3,52
Meepo;Parker;11;54,55%;4,83
Faceless Void;Parker;11;45,45%;6,29
Muerta;Parker;11;81,82%;3,81
Huskar;Parker;10;60,00%;4,42
Bloodseeker;Parker;10;40,00%;5,45
Morphling;Pure;56;55,36%;4,49
Templar Assassin;Pure;48;66,67%;5,23
Ursa;Pure;46;58,70%;4,04
Luna;Pure;42;66,67%;4,89
Alchemist;Pure;38;68,42%;6,23
Drow Ranger;Pure;34;64,71%;4,20
Dragon Knight;Pure;33;63,64%;4,43
Monkey King;Pure;32;59,38%;4,62
Gyrocopter;Pure;31;61,29%;4,27
Lifestealer;Pure;31;70,97%;7,50
Shadow Fiend;Pure;30;56,67%;4,24
Kez;Pure;30;60,00%;4,35
Muerta;Pure;27;77,78%;4,92
Phantom Assassin;Pure;25;56,00%;4,83
Faceless Void;Pure;20;65,00%;6,17
Lone Druid;Pure;20;45,00%;3,98
Sniper;Pure;18;83,33%;7,58
Windranger;Pure;17;52,94%;4,16
Bloodseeker;Pure;16;56,25%;4,31
Terrorblade;Pure;15;26,67%;3,82
Nature's Prophet;Pure;15;53,33%;4,78
Pudge;Pure;15;80,00%;5,85
Sven;Pure;14;50,00%;4,53
Chaos Knight;Pure;14;85,71%;6,73
Slark;Pure;14;42,86%;3,49
Juggernaut;Pure;13;76,92%;6,29
Marci;Pure;13;69,23%;5,42
Meepo;Pure;13;53,85%;4,98
Broodmother;Pure;12;83,33%;7,49
Troll Warlord;Pure;12;75,00%;5,42
Abaddon;Pure;11;63,64%;5,39
Lina;Pure;11;72,73%;2,82
Razor;Pure;10;80,00%;6,33
Naga Siren;Pure;10;40,00%;3,91
Bristleback;Pure;10;60,00%;5,37
Clinkz;Pure;10;80,00%;4,61
Terrorblade;RAMZES666;103;59,22%;5,54
Juggernaut;RAMZES666;98;61,22%;5,68
Sven;RAMZES666;84;58,33%;4,22
Morphling;RAMZES666;74;56,76%;5,92
Lifestealer;RAMZES666;68;72,06%;7,53
Gyrocopter;RAMZES666;62;56,45%;4,70
Luna;RAMZES666;57;68,42%;5,90
Ursa;RAMZES666;52;65,38%;5,38
Alchemist;RAMZES666;50;62,00%;4,07
Faceless Void;RAMZES666;43;55,81%;5,72
Nature's Prophet;RAMZES666;41;58,54%;4,40
Bloodseeker;RAMZES666;40;50,00%;4,01
Troll Warlord;RAMZES666;40;57,50%;5,50
Drow Ranger;RAMZES666;39;64,10%;3,75
Medusa;RAMZES666;39;69,23%;5,56
Spectre;RAMZES666;38;63,16%;6,35
Slark;RAMZES666;35;65,71%;8,04
Broodmother;RAMZES666;34;52,94%;3,71
Weaver;RAMZES666;29;51,72%;5,64
Anti-Mage;RAMZES666;27;62,96%;4,72
Dragon Knight;RAMZES666;27;66,67%;4,29
Phantom Lancer;RAMZES666;26;61,54%;5,96
Phantom Assassin;RAMZES666;23;39,13%;4,17
Chaos Knight;RAMZES666;22;36,36%;3,60
Lycan;RAMZES666;20;55,00%;5,14
Abaddon;RAMZES666;18;77,78%;4,83
Wraith King;RAMZES666;18;44,44%;5,00
Lone Druid;RAMZES666;17;47,06%;5,02
Slardar;RAMZES666;17;41,18%;2,25
Razor;RAMZES666;17;64,71%;5,20
Naga Siren;RAMZES666;16;62,50%;5,36
Templar Assassin;RAMZES666;15;53,33%;2,95
Windranger;RAMZES666;14;42,86%;2,69
Monkey King;RAMZES666;12;58,33%;3,83
Terrorblade;Satanic;65;63,08%;5,26
Morphling;Satanic;56;60,71%;5,14
Templar Assassin;Satanic;43;65,12%;6,69
Kez;Satanic;41;68,29%;6,57
Shadow Fiend;Satanic;39;64,10%;4,52
Medusa;Satanic;36;66,67%;5,33
Phantom Assassin;Satanic;30;63,33%;5,66
Luna;Satanic;29;51,72%;4,46
Sven;Satanic;24;50,00%;4,83
Naga Siren;Satanic;21;61,90%;5,25
Nature's Prophet;Satanic;21;57,14%;6,03
Faceless Void;Satanic;20;65,00%;5,38
Tiny;Satanic;18;83,33%;6,13
Dragon Knight;Satanic;18;38,89%;3,12
Meepo;Satanic;16;81,25%;7,63
Lifestealer;Satanic;15;73,33%;6,19
Ursa;Satanic;15;46,67%;3,79
Monkey King;Satanic;14;78,57%;7,54
Phantom Lancer;Satanic;13;38,46%;4,59
Weaver;Satanic;12;83,33%;6,85
Troll Warlord;Satanic;12;66,67%;4,39
Drow Ranger;Satanic;11;81,82%;4,77
Gyrocopter;Satanic;11;63,64%;5,93
Muerta;Satanic;11;54,55%;4,40
Alchemist;Satanic;10;30,00%;3,31
Lifestealer;skiter;127;59,84%;6,23
Gyrocopter;skiter;120;55,83%;4,71
Sven;skiter;119;59,66%;4,85
Dragon Knight;skiter;97;64,95%;5,05
Wraith King;skiter;95;66,32%;7,42
Chaos Knight;skiter;89;64,04%;5,27
Faceless Void;skiter;87;64,37%;6,68
Ursa;skiter;86;58,14%;4,76
Terrorblade;skiter;82;53,66%;4,73
Weaver;skiter;78;65,38%;6,07
Troll Warlord;skiter;77;44,16%;3,89
Luna;skiter;70;61,43%;5,23
Naga Siren;skiter;60;71,67%;7,28
Alchemist;skiter;59;59,32%;5,22
Abaddon;skiter;47;46,81%;4,37
Spectre;skiter;47;63,83%;6,59
Bloodseeker;skiter;46;52,17%;4,61
Phantom Assassin;skiter;45;51,11%;6,04
Medusa;skiter;44;61,36%;5,36
Tiny;skiter;41;65,85%;4,66
Razor;skiter;37;45,95%;3,86
Juggernaut;skiter;37;59,46%;5,32
Slark;skiter;30;60,00%;5,09
Nature's Prophet;skiter;27;62,96%;8,01
Phantom Lancer;skiter;25;32,00%;4,44
Drow Ranger;skiter;23;47,83%;4,40
Lycan;skiter;22;50,00%;7,12
Anti-Mage;skiter;22;59,09%;7,65
Windranger;skiter;20;75,00%;7,78
Clinkz;skiter;15;53,33%;3,22
Bristleback;skiter;14;50,00%;3,17
Kez;skiter;13;69,23%;5,28
Lina;skiter;13;69,23%;5,04
Shadow Fiend;skiter;13;69,23%;4,18
Ember Spirit;skiter;12;16,67%;3,10
Morphling;skiter;11;36,36%;4,61
Vengeful Spirit;skiter;10;40,00%;2,42
Morphling;Timado;110;52,73%;4,96
Terrorblade;Timado;86;50,00%;3,76
Gyrocopter;Timado;65;58,46%;4,16
Luna;Timado;59;62,71%;5,08
Faceless Void;Timado;50;70,00%;6,73
Templar Assassin;Timado;47;51,06%;4,91
Monkey King;Timado;47;63,83%;5,12
Lifestealer;Timado;46;50,00%;5,15
Juggernaut;Timado;42;52,38%;6,03
Ursa;Timado;41;41,46%;3,69
Sven;Timado;40;55,00%;4,49
Dragon Knight;Timado;39;56,41%;4,93
Chaos Knight;Timado;37;67,57%;5,62
Spectre;Timado;36;63,89%;6,59
Troll Warlord;Timado;35;57,14%;4,17
Shadow Fiend;Timado;33;54,55%;4,20
Drow Ranger;Timado;31;32,26%;2,76
Naga Siren;Timado;31;38,71%;4,10
Alchemist;Timado;30;56,67%;5,29
Weaver;Timado;29;51,72%;4,97
Phantom Assassin;Timado;28;42,86%;4,76
Muerta;Timado;28;39,29%;2,94
Medusa;Timado;26;30,77%;3,40
Razor;Timado;26;61,54%;4,98
Bloodseeker;Timado;26;30,77%;4,64
Anti-Mage;Timado;26;46,15%;5,16
Windranger;Timado;25;64,00%;5,07
Phantom Lancer;Timado;25;48,00%;4,91
Puck;Timado;23;39,13%;4,18
Tiny;Timado;22;40,91%;3,57
Nature's Prophet;Timado;20;45,00%;5,57
Abaddon;Timado;20;80,00%;6,73
Ember Spirit;Timado;20;45,00%;4,04
Lina;Timado;19;68,42%;4,73
Slark;Timado;19;42,11%;4,06
Queen of Pain;Timado;19;57,89%;6,08
Wraith King;Timado;18;27,78%;4,94
Magnus;Timado;17;58,82%;5,33
Death Prophet;Timado;15;60,00%;4,56
Viper;Timado;13;69,23%;4,59
Clinkz;Timado;13;38,46%;2,82
Lone Druid;Timado;12;41,67%;3,36
Lycan;Timado;11;54,55%;5,82
Invoker;Timado;10;50,00%;4,27
Arc Warden;Timado;10;70,00%;4,59
Terrorblade;Watson;93;51,61%;5,52
Morphling;Watson;80;52,50%;5,70
Templar Assassin;Watson;73;65,75%;5,92
Ursa;Watson;50;74,00%;8,70
Luna;Watson;42;52,38%;4,18
Shadow Fiend;Watson;40;52,50%;4,31
Monkey King;Watson;37;45,95%;3,91
Nature's Prophet;Watson;31;64,52%;7,35
Slark;Watson;30;53,33%;4,99
Gyrocopter;Watson;27;70,37%;5,81
Naga Siren;Watson;25;60,00%;6,71
Sven;Watson;25;48,00%;5,11
Phantom Lancer;Watson;25;64,00%;6,56
Medusa;Watson;24;50,00%;5,35
Faceless Void;Watson;23;26,09%;4,16
Troll Warlord;Watson;23;60,87%;4,66
Drow Ranger;Watson;23;78,26%;8,06
Kez;Watson;22;63,64%;5,00
Phantom Assassin;Watson;21;61,90%;6,39
Lina;Watson;21;66,67%;4,82
Pudge;Watson;20;60,00%;6,17
Clinkz;Watson;18;61,11%;5,67
Windranger;Watson;18;55,56%;4,82
Marci;Watson;18;38,89%;4,63
Razor;Watson;17;52,94%;3,92
Weaver;Watson;17;52,94%;6,30
Meepo;Watson;16;56,25%;6,54
Dragon Knight;Watson;16;37,50%;4,24
Tiny;Watson;16;43,75%;3,51
Juggernaut;Watson;14;57,14%;5,36
Muerta;Watson;13;23,08%;3,17
Alchemist;Watson;13;23,08%;2,90
Chaos Knight;Watson;12;41,67%;3,38
Doom;Watson;11;54,55%;3,88
Beastmaster;Watson;11;63,64%;6,11
Bloodseeker;Watson;11;54,55%;5,48
Lifestealer;XBOCT;120;73,33%;5,13
Gyrocopter;XBOCT;111;61,26%;3,94
Luna;XBOCT;57;68,42%;3,56
Juggernaut;XBOCT;52;65,38%;3,66
Mirana;XBOCT;48;68,75%;4,23
Weaver;XBOCT;40;57,50%;4,31
Anti-Mage;XBOCT;39;53,85%;3,78
Lycan;XBOCT;31;67,74%;3,80
Faceless Void;XBOCT;30;60,00%;2,91
Chaos Knight;XBOCT;29;55,17%;3,92
Alchemist;XBOCT;26;57,69%;3,11
Razor;XBOCT;26;34,62%;2,74
Slardar;XBOCT;24;45,83%;3,05
Spectre;XBOCT;22;59,09%;4,58
Troll Warlord;XBOCT;19;47,37%;2,37
Phantom Lancer;XBOCT;18;50,00%;3,57
Tiny;XBOCT;18;55,56%;2,64
Medusa;XBOCT;18;50,00%;3,30
Bristleback;XBOCT;16;25,00%;2,69
Slark;XBOCT;16;31,25%;2,91
Sven;XBOCT;15;46,67%;2,36
Viper;XBOCT;15;53,33%;3,42
Phantom Assassin;XBOCT;13;53,85%;4,21
Drow Ranger;XBOCT;13;53,85%;2,47
Vengeful Spirit;XBOCT;13;30,77%;2,22
Naga Siren;XBOCT;12;66,67%;4,94
Lone Druid;XBOCT;11;63,64%;5,00
Clinkz;XBOCT;10;50,00%;3,29
Terrorblade;Yatoro;102;63,73%;5,38
Morphling;Yatoro;91;60,44%;5,34
Faceless Void;Yatoro;75;68,00%;5,23
Sven;Yatoro;65;56,92%;4,51
Troll Warlord;Yatoro;64;71,88%;4,81
Drow Ranger;Yatoro;59;66,10%;4,63
Ursa;Yatoro;59;72,88%;5,83
Phantom Assassin;Yatoro;55;61,82%;5,70
Templar Assassin;Yatoro;48;60,42%;5,17
Monkey King;Yatoro;47;48,94%;4,35
Lifestealer;Yatoro;40;55,00%;5,51
Juggernaut;Yatoro;37;56,76%;4,58
Luna;Yatoro;33;45,45%;3,13
Gyrocopter;Yatoro;33;69,70%;5,58
Medusa;Yatoro;33;75,76%;7,35
Anti-Mage;Yatoro;32;68,75%;7,72
Phantom Lancer;Yatoro;26;69,23%;5,25
Weaver;Yatoro;25;76,00%;7,06
Shadow Fiend;Yatoro;25;68,00%;4,97
Dragon Knight;Yatoro;25;52,00%;3,57
Tiny;Yatoro;25;68,00%;5,08
Slark;Yatoro;23;60,87%;4,41
Spectre;Yatoro;23;47,83%;4,33
Bloodseeker;Yatoro;23;60,87%;6,46
Clinkz;Yatoro;22;68,18%;4,58
Windranger;Yatoro;21;61,90%;4,15
Nature's Prophet;Yatoro;20;70,00%;5,09
Wraith King;Yatoro;19;73,68%;7,23
Kez;Yatoro;19;42,11%;3,74
Chaos Knight;Yatoro;18;50,00%;4,16
Alchemist;Yatoro;16;43,75%;3,75
Naga Siren;Yatoro;16;56,25%;4,02
Bristleback;Yatoro;14;78,57%;5,00
Muerta;Yatoro;12;66,67%;3,62
Abaddon;Yatoro;12;66,67%;6,78
Lina;Yatoro;10;40,00%;4,18
Enchantress;Dukalis;104;53,85%;2,58
Chen;Dukalis;71;66,20%;4,54
Jakiro;Dukalis;69;60,87%;2,92
Disruptor;Dukalis;56;62,50%;3,14
Ancient Apparition;Dukalis;52;55,77%;3,16
Pugna;Dukalis;44;56,82%;2,59
Clockwerk;Dukalis;43;53,49%;1,90
Elder Titan;Dukalis;41;56,10%;3,21
Crystal Maiden;Dukalis;36;52,78%;2,09
Bane;Dukalis;36;58,33%;1,73
Warlock;Dukalis;35;54,29%;3,19
Phoenix;Dukalis;34;52,94%;2,90
Oracle;Dukalis;33;72,73%;3,22
Hoodwink;Dukalis;32;59,38%;3,09
Io;Dukalis;29;51,72%;2,37
Grimstroke;Dukalis;27;59,26%;3,44
Snapfire;Dukalis;27;74,07%;2,99
Treant Protector;Dukalis;27;59,26%;2,55
Winter Wyvern;Dukalis;27;66,67%;3,07
Vengeful Spirit;Dukalis;23;47,83%;1,64
Ringmaster;Dukalis;22;72,73%;3,83
Witch Doctor;Dukalis;22;63,64%;2,76
Undying;Dukalis;21;61,90%;2,37
Mirana;Dukalis;19;63,16%;3,45
Lich;Dukalis;16;56,25%;1,77
Nature's Prophet;Dukalis;14;50,00%;2,66
Techies;Dukalis;14;42,86%;1,90
Ogre Magi;Dukalis;13;53,85%;2,17
Silencer;Dukalis;12;66,67%;2,33
Venomancer;Dukalis;11;63,64%;2,89
Abaddon;Dukalis;10;40,00%;2,02
Dazzle;Dukalis;10;40,00%;1,68
Death Prophet;Dukalis;10;40,00%;1,39
Crystal Maiden;Fly;165;56,97%;2,81
Phoenix;Fly;159;56,60%;3,13
Dazzle;Fly;147;68,03%;2,99
Jakiro;Fly;141;46,81%;2,05
Rubick;Fly;128;58,59%;2,84
Lich;Fly;114;56,14%;2,80
Undying;Fly;114;64,04%;3,10
Bane;Fly;112;56,25%;2,21
Enchantress;Fly;108;57,41%;2,72
Keeper of the Light;Fly;107;66,36%;3,48
Shadow Demon;Fly;104;57,69%;2,67
Warlock;Fly;97;60,82%;3,52
Disruptor;Fly;95;65,26%;3,07
Vengeful Spirit;Fly;85;52,94%;2,46
Chen;Fly;84;57,14%;3,51
Witch Doctor;Fly;82;57,32%;2,61
Winter Wyvern;Fly;80;55,00%;2,50
Enigma;Fly;80;62,50%;3,59
Ancient Apparition;Fly;76;53,95%;3,44
Treant Protector;Fly;64;57,81%;3,08
Oracle;Fly;64;64,06%;3,19
Venomancer;Fly;62;58,06%;3,00
Shadow Shaman;Fly;56;62,50%;2,28
Silencer;Fly;51;68,63%;3,22
Grimstroke;Fly;40;60,00%;3,33
Clockwerk;Fly;39;48,72%;2,38
Nature's Prophet;Fly;39;69,23%;3,65
Lion;Fly;37;56,76%;2,21
Ogre Magi;Fly;36;41,67%;2,55
Tidehunter;Fly;32;87,50%;5,35
Naga Siren;Fly;28;57,14%;3,14
Elder Titan;Fly;26;53,85%;3,39
Snapfire;Fly;24;70,83%;3,18
Pugna;Fly;23;47,83%;2,30
Mirana;Fly;20;60,00%;4,76
Tusk;Fly;18;50,00%;1,84
Skywrath Mage;Fly;17;58,82%;3,28
Abaddon;Fly;17;76,47%;4,06
Windranger;Fly;16;68,75%;3,26
Batrider;Fly;15;53,33%;2,48
Nyx Assassin;Fly;15;73,33%;3,14
Leshrac;Fly;15;33,33%;1,80
Ringmaster;Fly;14;28,57%;2,64
Techies;Fly;13;76,92%;2,67
Sven;Fly;12;75,00%;3,18
Spirit Breaker;Fly;10;80,00%;3,89
Oracle;INSaNiA;167;63,47%;3,38
Crystal Maiden;INSaNiA;131;57,25%;2,91
Rubick;INSaNiA;116;48,28%;3,38
Grimstroke;INSaNiA;97;49,48%;3,03
Keeper of the Light;INSaNiA;94;60,64%;3,65
Disruptor;INSaNiA;85;56,47%;3,51
Jakiro;INSaNiA;83;65,06%;3,34
Enchantress;INSaNiA;71;54,93%;3,01
Undying;INSaNiA;70;60,00%;3,33
Vengeful Spirit;INSaNiA;67;59,70%;2,14
Ancient Apparition;INSaNiA;64;60,94%;3,44
Phoenix;INSaNiA;53;45,28%;2,85
Treant Protector;INSaNiA;43;69,77%;3,78
Warlock;INSaNiA;42;50,00%;3,34
Lich;INSaNiA;41;46,34%;2,64
Silencer;INSaNiA;41;60,98%;4,59
Bane;INSaNiA;38;65,79%;2,47
Elder Titan;INSaNiA;37;56,76%;3,62
Chen;INSaNiA;35;45,71%;3,27
Shadow Demon;INSaNiA;35;48,57%;2,54
Io;INSaNiA;32;50,00%;3,57
Clockwerk;INSaNiA;29;62,07%;2,64
Winter Wyvern;INSaNiA;28;28,57%;1,78
Witch Doctor;INSaNiA;27;44,44%;2,83
Pugna;INSaNiA;24;66,67%;3,56
Ogre Magi;INSaNiA;22;63,64%;3,85
Snapfire;INSaNiA;21;47,62%;2,56
Mirana;INSaNiA;15;73,33%;4,42
Lion;INSaNiA;14;42,86%;2,13
Abaddon;INSaNiA;13;46,15%;2,24
Tinker;INSaNiA;13;46,15%;3,85
Sven;INSaNiA;13;69,23%;3,55
Enigma;INSaNiA;11;63,64%;3,43
Dazzle;INSaNiA;11;45,45%;2,13
Phoenix;Kaori;149;61,07%;3,15
Warlock;Kaori;90;65,56%;3,61
Jakiro;Kaori;72;66,67%;2,43
Shadow Demon;Kaori;59;64,41%;2,54
Enchantress;Kaori;50;54,00%;2,99
Undying;Kaori;37;51,35%;2,30
Silencer;Kaori;31;54,84%;2,09
Shadow Shaman;Kaori;30;63,33%;2,23
Treant Protector;Kaori;26;69,23%;2,84
Bane;Kaori;24;37,50%;1,83
Ancient Apparition;Kaori;23;65,22%;3,19
Clockwerk;Kaori;21;52,38%;1,94
Disruptor;Kaori;20;40,00%;1,91
Oracle;Kaori;19;42,11%;2,49
Batrider;Kaori;18;38,89%;2,30
Pugna;Kaori;18;44,44%;2,09
Crystal Maiden;Kaori;17;58,82%;3,06
Io;Kaori;16;62,50%;3,31
Venomancer;Kaori;11;63,64%;2,99
Nature's Prophet;Kaori;11;63,64%;2,86
Ogre Magi;Kaori;11;54,55%;2,84
Weaver;Kaori;10;50,00%;2,27
Tusk;Kataomi;82;54,88%;2,16
Winter Wyvern;Kataomi;71;64,79%;3,17
Bane;Kataomi;67;70,15%;2,55
Jakiro;Kataomi;55;60,00%;2,54
Tiny;Kataomi;50;50,00%;3,14
Spirit Breaker;Kataomi;49;73,47%;4,03
Warlock;Kataomi;42;40,48%;3,41
Silencer;Kataomi;40;60,00%;3,34
Nyx Assassin;Kataomi;38;65,79%;2,60
Treant Protector;Kataomi;37;64,86%;4,66
Rubick;Kataomi;36;47,22%;2,95
Lich;Kataomi;34;58,82%;2,41
Disruptor;Kataomi;33;51,52%;2,66
Crystal Maiden;Kataomi;31;54,84%;2,66
Skywrath Mage;Kataomi;30;53,33%;3,80
Io;Kataomi;29;75,86%;3,88
Oracle;Kataomi;29;48,28%;3,09
Grimstroke;Kataomi;26;61,54%;4,40
Clockwerk;Kataomi;22;45,45%;2,24
Naga Siren;Kataomi;22;81,82%;4,66
Hoodwink;Kataomi;21;42,86%;3,23
Monkey King;Kataomi;20;65,00%;3,33
Ogre Magi;Kataomi;20;55,00%;2,83
Batrider;Kataomi;20;70,00%;3,86
Tinker;Kataomi;17;70,59%;4,24
Snapfire;Kataomi;16;50,00%;4,11
Phoenix;Kataomi;16;62,50%;3,34
Zeus;Kataomi;16;75,00%;7,26
Enchantress;Kataomi;15;66,67%;3,14
Shadow Demon;Kataomi;14;42,86%;3,12
Ancient Apparition;Kataomi;14;57,14%;2,98
Sven;Kataomi;13;61,54%;4,91
Dark Willow;Kataomi;12;58,33%;3,06
Pudge;Kataomi;10;50,00%;2,72
Weaver;Kataomi;10;60,00%;3,63
Alchemist;Kataomi;10;70,00%;5,88
Techies;Kataomi;10;40,00%;2,17
Marci;Kataomi;10;60,00%;2,66
Muerta;Kataomi;10;60,00%;3,02
Rubick;KuroKy;232;62,93%;2,87
Chen;KuroKy;119;68,07%;3,42
Enchantress;KuroKy;88;53,41%;2,50
Io;KuroKy;84;63,10%;2,37
Vengeful Spirit;KuroKy;78;70,51%;2,41
Lion;KuroKy;68;64,71%;2,24
Bane;KuroKy;63;69,84%;2,46
Disruptor;KuroKy;57;57,89%;2,64
Dazzle;KuroKy;55;69,09%;3,46
Undying;KuroKy;54;61,11%;3,21
Witch Doctor;KuroKy;54;70,37%;2,81
Ancient Apparition;KuroKy;52;57,69%;3,12
Lich;KuroKy;50;70,00%;3,02
Crystal Maiden;KuroKy;49;55,10%;2,29
Nyx Assassin;KuroKy;47;68,09%;2,84
Shadow Shaman;KuroKy;41;58,54%;1,68
Oracle;KuroKy;41;56,10%;2,40
Winter Wyvern;KuroKy;40;55,00%;2,50
Tusk;KuroKy;38;63,16%;2,58
Enigma;KuroKy;37;54,05%;2,56
Bounty Hunter;KuroKy;37;72,97%;2,55
Shadow Demon;KuroKy;36;55,56%;2,11
Warlock;KuroKy;34;58,82%;2,88
Elder Titan;KuroKy;32;68,75%;3,50
Keeper of the Light;KuroKy;32;62,50%;2,52
Spirit Breaker;KuroKy;31;64,52%;2,60
Phoenix;KuroKy;31;58,06%;2,93
Grimstroke;KuroKy;31;58,06%;2,46
Ogre Magi;KuroKy;30;33,33%;1,89
Abaddon;KuroKy;30;66,67%;2,95
Jakiro;KuroKy;29;51,72%;1,86
Nature's Prophet;KuroKy;27;40,74%;2,12
Silencer;KuroKy;27;59,26%;2,72
Naga Siren;KuroKy;27;77,78%;4,34
Treant Protector;KuroKy;25;60,00%;2,18
Windranger;KuroKy;24;58,33%;2,72
Earthshaker;KuroKy;22;54,55%;2,13
Skywrath Mage;KuroKy;21;61,90%;2,63
Batrider;KuroKy;19;31,58%;1,86
Clockwerk;KuroKy;18;55,56%;1,87
Omniknight;KuroKy;18;55,56%;2,33
Mirana;KuroKy;18;44,44%;3,23
Snapfire;KuroKy;17;41,18%;1,93
Venomancer;KuroKy;14;57,14%;2,37
Leshrac;KuroKy;13;46,15%;2,84
Zeus;KuroKy;10;90,00%;6,70
Tiny;KuroKy;10;60,00%;2,67
Jakiro;Malady;83;59,04%;2,66
Treant Protector;Malady;78;75,64%;3,92
Disruptor;Malady;48;52,08%;2,49
Warlock;Malady;47;61,70%;4,05
Undying;Malady;30;56,67%;2,94
Enchantress;Malady;28;50,00%;2,47
Clockwerk;Malady;28;53,57%;2,25
Pugna;Malady;28;53,57%;2,51
Tusk;Malady;28;39,29%;1,86
Chen;Malady;27;62,96%;3,96
Ogre Magi;Malady;26;61,54%;2,44
Silencer;Malady;26;53,85%;2,48
Bane;Malady;25;60,00%;2,31
Phoenix;Malady;24;50,00%;2,27
Abaddon;Malady;24;54,17%;2,39
Lich;Malady;22;45,45%;1,81
Crystal Maiden;Malady;20;40,00%;2,20
Winter Wyvern;Malady;20;90,00%;2,91
Ancient Apparition;Malady;19;68,42%;3,15
Tinker;Malady;16;68,75%;2,98
Vengeful Spirit;Malady;14;35,71%;1,39
Dazzle;Malady;13;46,15%;2,31
Oracle;Malady;13;53,85%;2,37
Io;Malady;13;53,85%;3,03
Witch Doctor;Malady;13;46,15%;2,00
Snapfire;Malady;12;33,33%;2,65
Enchantress;Miposhka;144;60,42%;2,95
Disruptor;Miposhka;142;54,23%;2,86
Bane;Miposhka;92;68,48%;2,47
Ancient Apparition;Miposhka;85;56,47%;3,04
Oracle;Miposhka;81;51,85%;2,77
Elder Titan;Miposhka;76;73,68%;4,14
Shadow Demon;Miposhka;69;60,87%;2,46
Earth Spirit;Miposhka;67;55,22%;3,12
Clockwerk;Miposhka;63;60,32%;2,49
Ogre Magi;Miposhka;63;55,56%;2,35
Grimstroke;Miposhka;61;52,46%;3,01
Jakiro;Miposhka;60;56,67%;3,06
Lich;Miposhka;57;54,39%;2,41
Phoenix;Miposhka;56;55,36%;2,97
Silencer;Miposhka;48;52,08%;3,02
Shadow Shaman;Miposhka;46;58,70%;2,05
Winter Wyvern;Miposhka;45;60,00%;2,79
Undying;Miposhka;44;45,45%;2,27
Tusk;Miposhka;43;58,14%;2,49
Rubick;Miposhka;37;48,65%;2,33
Warlock;Miposhka;37;75,68%;4,23
Crystal Maiden;Miposhka;34;47,06%;2,17
Witch Doctor;Miposhka;32;46,88%;2,05
Treant Protector;Miposhka;31;67,74%;3,34
Chen;Miposhka;30;66,67%;3,51
Hoodwink;Miposhka;29;58,62%;3,35
Vengeful Spirit;Miposhka;28;64,29%;2,03
Pugna;Miposhka;26;46,15%;2,16
Spirit Breaker;Miposhka;24;62,50%;3,60
Keeper of the Light;Miposhka;23;56,52%;3,01
Batrider;Miposhka;23;60,87%;2,63
Kunkka;Miposhka;22;59,09%;3,01
Bounty Hunter;Miposhka;21;61,90%;3,27
Doom;Miposhka;21;47,62%;2,52
Lion;Miposhka;20;60,00%;1,97
Mirana;Miposhka;18;50,00%;4,61
Omniknight;Miposhka;16;62,50%;2,61
Earthshaker;Miposhka;14;50,00%;2,57
Nyx Assassin;Miposhka;11;27,27%;1,74
Dazzle;Miposhka;11;45,45%;2,83
Snapfire;Miposhka;11;63,64%;3,28
Night Stalker;Miposhka;11;36,36%;2,53
Sven;Miposhka;10;50,00%;2,98
Riki;Miposhka;10;70,00%;3,86
Bane;Ppd;124;68,55%;2,42
Crystal Maiden;Ppd;105;60,00%;2,60
Dazzle;Ppd;93;60,22%;2,32
Witch Doctor;Ppd;87;63,22%;2,61
Vengeful Spirit;Ppd;78;69,23%;3,46
Treant Protector;Ppd;77;72,73%;2,59
Lich;Ppd;61;54,10%;2,93
Abaddon;Ppd;59;64,41%;2,70
Jakiro;Ppd;58;58,62%;2,14
Winter Wyvern;Ppd;58;68,97%;2,95
Shadow Demon;Ppd;56;64,29%;2,80
Ancient Apparition;Ppd;50;68,00%;3,63
Ogre Magi;Ppd;49;46,94%;2,03
Chen;Ppd;43;48,84%;2,33
Rubick;Ppd;40;50,00%;2,32
Earthshaker;Ppd;39;76,92%;3,28
Lion;Ppd;39;64,10%;2,11
Disruptor;Ppd;33;45,45%;1,98
Oracle;Ppd;28;42,86%;2,17
Undying;Ppd;28;57,14%;2,56
Warlock;Ppd;19;52,63%;2,54
Elder Titan;Ppd;19;47,37%;2,43
Venomancer;Ppd;18;61,11%;3,56
Nature's Prophet;Ppd;18;50,00%;2,87
Silencer;Ppd;16;50,00%;2,94
Shadow Shaman;Ppd;14;64,29%;2,11
Keeper of the Light;Ppd;14;64,29%;3,96
Visage;Ppd;13;92,31%;5,68
Enchantress;Ppd;12;33,33%;1,79
Naga Siren;Ppd;12;66,67%;3,03
Tusk;Ppd;11;36,36%;2,17
Chen;Puppey;273;66,30%;4,32
Enchantress;Puppey;181;61,33%;3,14
Enigma;Puppey;125;66,40%;3,70
Crystal Maiden;Puppey;118;70,34%;3,31
Keeper of the Light;Puppey;102;65,69%;3,17
Bane;Puppey;102;67,65%;2,43
Ancient Apparition;Puppey;95;65,26%;3,52
Dazzle;Puppey;89;67,42%;2,12
Ogre Magi;Puppey;75;66,67%;3,17
Treant Protector;Puppey;71;61,97%;3,27
Vengeful Spirit;Puppey;63;68,25%;2,51
Nature's Prophet;Puppey;56;71,43%;4,08
Lich;Puppey;56;58,93%;2,63
Witch Doctor;Puppey;55;69,09%;3,08
Io;Puppey;54;55,56%;2,82
Jakiro;Puppey;54;59,26%;3,03
Disruptor;Puppey;48;56,25%;2,93
Bounty Hunter;Puppey;44;79,55%;3,91
Shadow Demon;Puppey;41;46,34%;2,22
Elder Titan;Puppey;40;42,50%;3,41
Silencer;Puppey;40;62,50%;3,22
Clockwerk;Puppey;40;60,00%;2,77
Mirana;Puppey;39;64,10%;3,77
Spirit Breaker;Puppey;39;53,85%;2,56
Earthshaker;Puppey;36;75,00%;3,98
Venomancer;Puppey;32;59,38%;2,91
Batrider;Puppey;31;58,06%;2,99
Tusk;Puppey;31;41,94%;2,19
Oracle;Puppey;28;60,71%;3,83
Winter Wyvern;Puppey;28;35,71%;1,75
Snapfire;Puppey;28;57,14%;3,42
Axe;Puppey;26;69,23%;2,93
Undying;Puppey;25;48,00%;3,09
Shadow Shaman;Puppey;25;64,00%;2,45
Nyx Assassin;Puppey;25;72,00%;4,26
Lion;Puppey;23;69,57%;2,52
Naga Siren;Puppey;23;56,52%;3,74
Warlock;Puppey;22;59,09%;3,96
Leshrac;Puppey;21;76,19%;2,72
Sand King;Puppey;19;42,11%;2,76
Rubick;Puppey;19;78,95%;3,55
Omniknight;Puppey;18;50,00%;2,17
Weaver;Puppey;17;76,47%;3,26
Lina;Puppey;17;70,59%;2,93
Visage;Puppey;17;58,82%;3,01
Grimstroke;Puppey;17;41,18%;2,41
Puck;Puppey;16;75,00%;3,76
Abaddon;Puppey;16;68,75%;2,17
Pugna;Puppey;16;37,50%;2,17
Brewmaster;Puppey;15;80,00%;3,93
Night Stalker;Puppey;15;53,33%;2,82
Phoenix;Puppey;15;33,33%;3,30
Lycan;Puppey;14;64,29%;4,62
Doom;Puppey;14;64,29%;3,17
Slardar;Puppey;12;83,33%;4,19
Magnus;Puppey;11;72,73%;3,22
Sven;Puppey;11;90,91%;3,66
Kunkka;Puppey;10;40,00%;3,41
Enchantress;Seleri;215;58,60%;3,12
Io;Seleri;115;59,13%;3,14
Chen;Seleri;111;60,36%;3,79
Undying;Seleri;99;57,58%;2,83
Snapfire;Seleri;93;56,99%;3,67
Crystal Maiden;Seleri;87;51,72%;2,61
Pugna;Seleri;61;63,93%;2,71
Grimstroke;Seleri;57;64,91%;3,43
Vengeful Spirit;Seleri;53;58,49%;2,24
Disruptor;Seleri;45;62,22%;3,09
Treant Protector;Seleri;44;59,09%;3,28
Warlock;Seleri;34;47,06%;3,50
Jakiro;Seleri;31;48,39%;2,39
Clockwerk;Seleri;28;57,14%;2,21
Lich;Seleri;25;60,00%;2,41
Rubick;Seleri;25;68,00%;3,19
Bane;Seleri;22;40,91%;1,68
Shadow Demon;Seleri;21;42,86%;2,52
Nature's Prophet;Seleri;19;57,89%;2,81
Dazzle;Seleri;17;47,06%;2,56
Batrider;Seleri;17;64,71%;2,75
Ogre Magi;Seleri;15;40,00%;2,18
Phoenix;Seleri;15;53,33%;3,10
Witch Doctor;Seleri;14;21,43%;1,71
Oracle;Seleri;13;30,77%;1,90
Tusk;Seleri;13;46,15%;1,67
Silencer;Seleri;13;61,54%;3,18
Abaddon;Seleri;12;41,67%;2,08
Keeper of the Light;Seleri;12;50,00%;2,41
Ancient Apparition;Seleri;10;70,00%;3,45
Hoodwink;Seleri;10;60,00%;2,65
Enchantress;Sneyking;151;62,25%;3,12
Mirana;Sneyking;151;66,89%;4,23
Crystal Maiden;Sneyking;127;66,14%;2,77
Chen;Sneyking;95;68,42%;3,78
Phoenix;Sneyking;93;63,44%;3,04
Clockwerk;Sneyking;87;54,02%;2,71
Dark Seer;Sneyking;72;52,78%;4,21
Pugna;Sneyking;71;70,42%;3,40
Jakiro;Sneyking;66;57,58%;2,58
Nature's Prophet;Sneyking;54;55,56%;3,16
Rubick;Sneyking;52;51,92%;2,99
Batrider;Sneyking;50;50,00%;2,97
Io;Sneyking;49;53,06%;2,80
Omniknight;Sneyking;39;69,23%;3,26
Shadow Demon;Sneyking;39;66,67%;3,06
Enigma;Sneyking;37;70,27%;3,99
Tusk;Sneyking;34;67,65%;2,75
Weaver;Sneyking;34;52,94%;3,42
Gyrocopter;Sneyking;32;56,25%;2,77
Snapfire;Sneyking;31;58,06%;3,67
Silencer;Sneyking;31;48,39%;2,46
Lich;Sneyking;30;56,67%;1,98
Grimstroke;Sneyking;30;60,00%;2,94
Naga Siren;Sneyking;30;73,33%;5,30
Venomancer;Sneyking;29;75,86%;3,21
Abaddon;Sneyking;29;58,62%;2,89
Undying;Sneyking;29;68,97%;2,80
Queen of Pain;Sneyking;28;39,29%;3,31
Tiny;Sneyking;27;40,74%;2,48
Warlock;Sneyking;26;50,00%;3,11
Magnus;Sneyking;26;46,15%;3,37
Winter Wyvern;Sneyking;25;48,00%;2,43
Nyx Assassin;Sneyking;25;68,00%;2,71
Centaur Warrunner;Sneyking;24;50,00%;3,09
Shadow Shaman;Sneyking;22;36,36%;1,47
Lion;Sneyking;21;66,67%;2,61
Viper;Sneyking;21;71,43%;3,83
Death Prophet;Sneyking;20;75,00%;3,64
Earthshaker;Sneyking;20;40,00%;2,74
Keeper of the Light;Sneyking;20;55,00%;4,09
Techies;Sneyking;20;55,00%;1,97
Ancient Apparition;Sneyking;19;57,89%;3,19
Windranger;Sneyking;18;61,11%;3,89
Vengeful Spirit;Sneyking;17;58,82%;2,12
Bounty Hunter;Sneyking;17;76,47%;4,47
Spirit Breaker;Sneyking;17;52,94%;2,77
Sven;Sneyking;16;62,50%;4,41
Bane;Sneyking;15;93,33%;3,33
Disruptor;Sneyking;14;57,14%;2,21
Treant Protector;Sneyking;14;50,00%;2,76
Earth Spirit;Sneyking;13;46,15%;2,91
Ogre Magi;Sneyking;13;69,23%;2,97
Dazzle;Sneyking;13;69,23%;3,46
Lina;Sneyking;12;50,00%;3,15
Ringmaster;Sneyking;12;50,00%;2,74
Zeus;Sneyking;12;50,00%;3,26
Oracle;Sneyking;10;50,00%;2,51
Leshrac;Sneyking;10;40,00%;1,98
Disruptor;Solo;174;62,64%;2,72
Shadow Demon;Solo;105;66,67%;2,24
Undying;Solo;98;56,12%;2,65
Oracle;Solo;84;52,38%;2,26
Enchantress;Solo;78;57,69%;2,74
Chen;Solo;77;58,44%;2,74
Warlock;Solo;76;50,00%;2,71
Rubick;Solo;76;59,21%;2,45
Io;Solo;73;61,64%;2,38
Witch Doctor;Solo;71;59,15%;2,44
Bane;Solo;71;61,97%;2,05
Silencer;Solo;67;55,22%;2,99
Vengeful Spirit;Solo;66;60,61%;1,93
Ogre Magi;Solo;62;61,29%;2,33
Ancient Apparition;Solo;61;70,49%;2,97
Dazzle;Solo;59;57,63%;2,16
Lich;Solo;53;60,38%;2,43
Abaddon;Solo;48;50,00%;1,92
Elder Titan;Solo;48;58,33%;2,77
Treant Protector;Solo;45;51,11%;2,40
Winter Wyvern;Solo;43;48,84%;1,94
Crystal Maiden;Solo;42;47,62%;2,21
Shadow Shaman;Solo;40;55,00%;2,15
Lion;Solo;40;55,00%;1,80
Keeper of the Light;Solo;39;53,85%;2,13
Nature's Prophet;Solo;38;44,74%;2,45
Doom;Solo;35;48,57%;2,69
Jakiro;Solo;32;50,00%;2,11
Clockwerk;Solo;31;32,26%;1,70
Pugna;Solo;31;74,19%;2,64
Skywrath Mage;Solo;29;62,07%;3,04
Night Stalker;Solo;28;67,86%;3,41
Ember Spirit;Solo;28;64,29%;3,57
Enigma;Solo;27;59,26%;3,04
Grimstroke;Solo;25;48,00%;2,50
Invoker;Solo;24;50,00%;2,91
Naga Siren;Solo;23;56,52%;2,17
Batrider;Solo;22;36,36%;1,70
Phoenix;Solo;22;31,82%;1,86
Lina;Solo;22;54,55%;2,17
Puck;Solo;20;40,00%;2,56
Spirit Breaker;Solo;18;50,00%;2,71
Earthshaker;Solo;17;52,94%;2,29
Magnus;Solo;17;29,41%;2,10
Brewmaster;Solo;16;87,50%;5,07
Nyx Assassin;Solo;14;50,00%;2,36
Snapfire;Solo;14;64,29%;3,03
Mirana;Solo;13;69,23%;4,64
Queen of Pain;Solo;13;76,92%;4,54
Death Prophet;Solo;13;38,46%;2,43
Templar Assassin;Solo;13;61,54%;3,67
Sven;Solo;12;41,67%;2,00
Tusk;Solo;12;50,00%;2,18
Bounty Hunter;Solo;12;75,00%;4,29
Omniknight;Solo;12;58,33%;2,73
Storm Spirit;Solo;11;45,45%;2,35
Earth Spirit;Solo;10;50,00%;2,64
Io;SoNNeikO;118;56,78%;2,67
Disruptor;SoNNeikO;109;53,21%;2,67
Oracle;SoNNeikO;84;48,81%;2,73
Winter Wyvern;SoNNeikO;79;60,76%;2,69
Chen;SoNNeikO;62;58,06%;3,44
Vengeful Spirit;SoNNeikO;60;53,33%;2,17
Ancient Apparition;SoNNeikO;50;58,00%;3,14
Bane;SoNNeikO;45;71,11%;2,30
Earth Spirit;SoNNeikO;44;52,27%;2,94
Bounty Hunter;SoNNeikO;42;52,38%;2,94
Phoenix;SoNNeikO;41;60,98%;3,28
Shadow Demon;SoNNeikO;41;58,54%;2,39
Rubick;SoNNeikO;41;36,59%;2,42
Dazzle;SoNNeikO;40;47,50%;2,07
Enchantress;SoNNeikO;39;41,03%;2,07
Witch Doctor;SoNNeikO;39;46,15%;2,66
Jakiro;SoNNeikO;37;45,95%;2,40
Keeper of the Light;SoNNeikO;35;57,14%;2,55
Warlock;SoNNeikO;34;47,06%;2,69
Nature's Prophet;SoNNeikO;30;70,00%;3,77
Lion;SoNNeikO;29;48,28%;2,18
Undying;SoNNeikO;29;44,83%;2,50
Grimstroke;SoNNeikO;28;25,00%;2,78
Silencer;SoNNeikO;28;46,43%;2,88
Skywrath Mage;SoNNeikO;28;32,14%;2,50
Clockwerk;SoNNeikO;27;51,85%;2,42
Crystal Maiden;SoNNeikO;24;50,00%;2,02
Lich;SoNNeikO;24;58,33%;2,56
Tusk;SoNNeikO;23;43,48%;2,38
Treant Protector;SoNNeikO;22;54,55%;2,61
Ogre Magi;SoNNeikO;21;38,10%;1,64
Abaddon;SoNNeikO;18;38,89%;3,21
Shadow Shaman;SoNNeikO;17;41,18%;1,84
Elder Titan;SoNNeikO;14;57,14%;3,55
Sand King;SoNNeikO;14;42,86%;2,40
Snapfire;SoNNeikO;13;53,85%;2,87
Visage;SoNNeikO;12;41,67%;3,02
Slardar;SoNNeikO;12;25,00%;1,70
Omniknight;SoNNeikO;12;41,67%;1,68
Marci;SoNNeikO;11;63,64%;2,00
Earthshaker;SoNNeikO;11;63,64%;2,86
Weaver;SoNNeikO;11;63,64%;3,78
Wraith King;SoNNeikO;10;70,00%;5,88
Enigma;SoNNeikO;10;70,00%;2,58
Phoenix;Whitemon;107;63,55%;2,90
Disruptor;Whitemon;98;60,20%;3,20
Jakiro;Whitemon;82;53,66%;2,73
Enchantress;Whitemon;75;60,00%;3,03
Chen;Whitemon;71;61,97%;4,64
Warlock;Whitemon;67;56,72%;3,61
Bane;Whitemon;67;73,13%;2,94
Clockwerk;Whitemon;59;50,85%;2,49
Lion;Whitemon;59;55,93%;2,41
Undying;Whitemon;51;50,98%;2,75
Elder Titan;Whitemon;50;62,00%;3,75
Tusk;Whitemon;47;61,70%;2,56
Pugna;Whitemon;45;57,78%;3,02
Treant Protector;Whitemon;45;68,89%;4,00
Lich;Whitemon;44;45,45%;2,47
Ogre Magi;Whitemon;44;52,27%;2,24
Grimstroke;Whitemon;44;56,82%;3,62
Techies;Whitemon;40;65,00%;3,08
Crystal Maiden;Whitemon;33;60,61%;2,72
Shadow Demon;Whitemon;33;51,52%;2,59
Oracle;Whitemon;32;59,38%;2,74
Vengeful Spirit;Whitemon;30;56,67%;2,30
Mirana;Whitemon;24;54,17%;4,34
Ringmaster;Whitemon;23;52,17%;3,06
Io;Whitemon;22;63,64%;3,93
Ancient Apparition;Whitemon;21;57,14%;3,18
Snapfire;Whitemon;20;60,00%;3,56
Silencer;Whitemon;20;20,00%;1,65
Abaddon;Whitemon;19;42,11%;2,72
Naga Siren;Whitemon;16;87,50%;5,70
Dazzle;Whitemon;14;50,00%;2,69
Tinker;Whitemon;14;71,43%;4,38
Winter Wyvern;Whitemon;12;58,33%;2,60
Rubick;Whitemon;11;54,55%;4,00
Shadow Shaman;Whitemon;11;36,36%;1,64
Oracle;Y`;133;64,66%;2,90
Elder Titan;Y`;110;69,09%;3,47
Undying;Y`;104;63,46%;2,79
Jakiro;Y`;99;51,52%;2,35
Disruptor;Y`;95;50,53%;2,82
Dazzle;Y`;82;53,66%;2,71
Phoenix;Y`;81;53,09%;2,79
Ancient Apparition;Y`;79;59,49%;3,41
Bane;Y`;77;67,53%;2,14
Lich;Y`;76;51,32%;2,12
Enchantress;Y`;72;61,11%;3,02
Warlock;Y`;69;56,52%;3,17
Treant Protector;Y`;69;73,91%;3,09
Io;Y`;63;63,49%;2,58
Shadow Demon;Y`;62;64,52%;2,90
Vengeful Spirit;Y`;61;57,38%;2,05
Rubick;Y`;60;51,67%;2,91
Clockwerk;Y`;54;66,67%;2,51
Grimstroke;Y`;51;49,02%;2,45
Ogre Magi;Y`;49;63,27%;2,85
Crystal Maiden;Y`;48;52,08%;2,35
Witch Doctor;Y`;47;51,06%;2,24
Winter Wyvern;Y`;47;57,45%;2,15
Chen;Y`;40;55,00%;2,79
Silencer;Y`;38;47,37%;2,87
Keeper of the Light;Y`;37;62,16%;2,81
Bounty Hunter;Y`;36;75,00%;3,24
Lion;Y`;36;41,67%;1,84
Visage;Y`;25;40,00%;2,74
Abaddon;Y`;25;56,00%;1,98
Snapfire;Y`;22;36,36%;1,77
Tusk;Y`;21;28,57%;1,99
Pugna;Y`;18;72,22%;3,29
Shadow Shaman;Y`;18;50,00%;2,06
Riki;Y`;15;53,33%;3,05
Nature's Prophet;Y`;15;40,00%;2,26
Mirana;Y`;10;30,00%;2,98
Night Stalker;Y`;10;60,00%;3,02
Storm Spirit;Abed;186;55,91%;6,00
Ember Spirit;Abed;153;58,82%;6,41
Puck;Abed;148;63,51%;6,80
Invoker;Abed;136;50,00%;5,00
Templar Assassin;Abed;98;69,39%;6,11
Void Spirit;Abed;67;58,21%;5,53
Pangolier;Abed;66;51,52%;7,39
Dragon Knight;Abed;65;61,54%;5,44
Queen of Pain;Abed;60;51,67%;7,60
Tiny;Abed;54;51,85%;5,36
Kunkka;Abed;50;56,00%;6,37
Outworld Devourer;Abed;47;61,70%;4,39
Timbersaw;Abed;43;44,19%;4,32
Lina;Abed;40;50,00%;4,42
Meepo;Abed;39;69,23%;4,86
Shadow Fiend;Abed;36;58,33%;5,15
Leshrac;Abed;33;75,76%;5,33
Tinker;Abed;33;48,48%;4,47
Death Prophet;Abed;30;46,67%;4,56
Earth Spirit;Abed;29;51,72%;5,78
Primal Beast;Abed;28;57,14%;5,54
Razor;Abed;26;57,69%;5,14
Medusa;Abed;26;42,31%;3,84
Batrider;Abed;25;56,00%;6,08
Phantom Lancer;Abed;22;63,64%;6,24
Magnus;Abed;21;66,67%;7,11
Mirana;Abed;18;61,11%;4,61
Visage;Abed;16;62,50%;4,96
Alchemist;Abed;15;53,33%;4,27
Windranger;Abed;14;50,00%;3,67
Naga Siren;Abed;13;61,54%;4,31
Zeus;Abed;13;61,54%;9,29
Monkey King;Abed;12;50,00%;4,35
Broodmother;Abed;11;72,73%;6,88
Lifestealer;Abed;11;72,73%;7,24
Sniper;Abed;11;45,45%;4,13
Arc Warden;Abed;11;54,55%;5,79
Sven;Abed;10;70,00%;5,25
Gyrocopter;Abed;10;50,00%;5,60
Invoker;bzm;157;60,51%;4,92
Ember Spirit;bzm;106;66,98%;6,67
Puck;bzm;96;50,00%;4,77
Storm Spirit;bzm;89;51,69%;4,81
Void Spirit;bzm;85;57,65%;4,89
Pangolier;bzm;65;69,23%;4,96
Tiny;bzm;60;71,67%;5,09
Dragon Knight;bzm;52;61,54%;3,51
Queen of Pain;bzm;39;58,97%;5,24
Templar Assassin;bzm;37;62,16%;5,22
Beastmaster;bzm;36;72,22%;6,64
Kunkka;bzm;28;53,57%;4,94
Primal Beast;bzm;26;46,15%;3,28
Batrider;bzm;26;34,62%;3,29
Leshrac;bzm;25;64,00%;3,80
Earth Spirit;bzm;23;60,87%;4,71
Earthshaker;bzm;23;56,52%;4,24
Monkey King;bzm;19;68,42%;4,81
Shadow Fiend;bzm;17;58,82%;3,45
Morphling;bzm;16;50,00%;5,15
Tinker;bzm;15;40,00%;3,72
Razor;bzm;14;57,14%;3,08
Zeus;bzm;13;30,77%;4,84
Sand King;bzm;12;58,33%;3,23
Timbersaw;bzm;12;58,33%;4,12
Snapfire;bzm;11;18,18%;3,48
Windranger;bzm;11;54,55%;4,33
Keeper of the Light;bzm;10;40,00%;4,33
Pangolier;CHIRA JUNIOR;78;48,72%;4,39
Invoker;CHIRA JUNIOR;73;60,27%;4,54
Tiny;CHIRA JUNIOR;58;63,79%;4,08
Ember Spirit;CHIRA JUNIOR;55;50,91%;4,03
Storm Spirit;CHIRA JUNIOR;37;59,46%;5,53
Puck;CHIRA JUNIOR;37;43,24%;4,93
Slardar;CHIRA JUNIOR;32;65,62%;6,44
Void Spirit;CHIRA JUNIOR;30;43,33%;4,16
Dragon Knight;CHIRA JUNIOR;29;55,17%;3,84
Monkey King;CHIRA JUNIOR;25;60,00%;3,78
Leshrac;CHIRA JUNIOR;20;60,00%;4,28
Kunkka;CHIRA JUNIOR;17;47,06%;5,72
Templar Assassin;CHIRA JUNIOR;16;56,25%;4,86
Shadow Fiend;CHIRA JUNIOR;15;80,00%;4,29
Windranger;CHIRA JUNIOR;15;46,67%;4,31
Primal Beast;CHIRA JUNIOR;14;35,71%;2,80
Viper;CHIRA JUNIOR;13;61,54%;3,72
Sand King;CHIRA JUNIOR;12;66,67%;5,84
Queen of Pain;CHIRA JUNIOR;12;25,00%;4,00
Earth Spirit;CHIRA JUNIOR;11;54,55%;6,48
Beastmaster;CHIRA JUNIOR;10;40,00%;2,91
Zeus;CHIRA JUNIOR;10;30,00%;5,47
Nature's Prophet;CHIRA JUNIOR;10;60,00%;6,42
Puck;Dendi;185;50,27%;4,84
Queen of Pain;Dendi;181;48,07%;4,84
Shadow Fiend;Dendi;121;52,07%;3,73
Invoker;Dendi;117;45,30%;4,17
Templar Assassin;Dendi;115;58,26%;4,57
Magnus;Dendi;109;59,63%;4,41
Storm Spirit;Dendi;96;59,38%;4,48
Windranger;Dendi;63;49,21%;4,36
Lina;Dendi;62;40,32%;2,77
Tinker;Dendi;60;53,33%;4,00
Batrider;Dendi;53;49,06%;3,60
Dragon Knight;Dendi;53;49,06%;3,36
Death Prophet;Dendi;52;50,00%;3,94
Ember Spirit;Dendi;52;46,15%;4,22
Pudge;Dendi;51;60,78%;3,64
Viper;Dendi;45;48,89%;3,58
Outworld Devourer;Dendi;43;55,81%;3,73
Void Spirit;Dendi;41;26,83%;2,87
Zeus;Dendi;29;51,72%;5,15
Razor;Dendi;29;55,17%;3,19
Tiny;Dendi;27;59,26%;5,24
Sniper;Dendi;25;56,00%;4,99
Brewmaster;Dendi;24;50,00%;3,87
Mirana;Dendi;23;52,17%;4,21
Timbersaw;Dendi;21;61,90%;4,00
Ancient Apparition;Dendi;21;76,19%;4,91
Rubick;Dendi;18;61,11%;2,58
Pugna;Dendi;16;31,25%;3,38
Leshrac;Dendi;16;62,50%;3,76
Kunkka;Dendi;15;40,00%;3,70
Night Stalker;Dendi;13;53,85%;3,44
Primal Beast;Dendi;12;41,67%;4,45
Troll Warlord;Dendi;11;54,55%;3,61
Earthshaker;Dendi;11;81,82%;5,92
Sand King;Dendi;10;60,00%;3,64
Storm Spirit;Gpk;143;55,24%;6,21
Puck;Gpk;118;63,56%;8,47
Ember Spirit;Gpk;103;63,11%;8,02
Invoker;Gpk;77;59,74%;6,26
Void Spirit;Gpk;77;54,55%;6,30
Tiny;Gpk;65;58,46%;4,77
Queen of Pain;Gpk;63;63,49%;7,01
Kunkka;Gpk;61;59,02%;7,09
Pangolier;Gpk;60;61,67%;6,96
Dragon Knight;Gpk;56;60,71%;5,95
Templar Assassin;Gpk;49;63,27%;7,38
Lina;Gpk;48;64,58%;5,33
Leshrac;Gpk;43;51,16%;3,69
Shadow Fiend;Gpk;40;57,50%;4,74
Death Prophet;Gpk;32;71,88%;8,93
Monkey King;Gpk;30;70,00%;6,81
Viper;Gpk;26;61,54%;4,31
Sniper;Gpk;25;52,00%;4,55
Slardar;Gpk;25;56,00%;5,67
Primal Beast;Gpk;25;68,00%;5,57
Snapfire;Gpk;24;70,83%;7,18
Zeus;Gpk;23;47,83%;6,67
Windranger;Gpk;22;54,55%;6,67
Huskar;Gpk;19;42,11%;2,83
Timbersaw;Gpk;18;44,44%;4,97
Outworld Devourer;Gpk;18;77,78%;6,75
Beastmaster;Gpk;18;66,67%;5,09
Keeper of the Light;Gpk;17;35,29%;7,14
Necrophos;Gpk;15;60,00%;4,45
Earthshaker;Gpk;15;60,00%;4,78
Magnus;Gpk;13;61,54%;9,78
Batrider;Gpk;12;58,33%;5,70
Sand King;Gpk;12;50,00%;3,85
Razor;Gpk;12;33,33%;4,13
Nature's Prophet;Gpk;11;27,27%;4,18
Storm Spirit;kiyotaka;84;58,33%;4,62
Invoker;kiyotaka;81;60,49%;5,03
Ember Spirit;kiyotaka;67;47,76%;4,26
Puck;kiyotaka;55;54,55%;3,81
Tiny;kiyotaka;35;54,29%;4,37
Queen of Pain;kiyotaka;34;61,76%;4,72
Lina;kiyotaka;33;48,48%;4,30
Pangolier;kiyotaka;31;54,84%;3,83
Windranger;kiyotaka;30;53,33%;3,77
Shadow Fiend;kiyotaka;29;72,41%;5,95
Outworld Devourer;kiyotaka;25;48,00%;3,50
Void Spirit;kiyotaka;24;58,33%;4,84
Tinker;kiyotaka;23;65,22%;4,56
Templar Assassin;kiyotaka;23;56,52%;4,32
Leshrac;kiyotaka;21;42,86%;3,62
Death Prophet;kiyotaka;19;57,89%;4,77
Earth Spirit;kiyotaka;18;38,89%;2,61
Timbersaw;kiyotaka;18;50,00%;3,57
Earthshaker;kiyotaka;18;61,11%;4,17
Kunkka;kiyotaka;17;47,06%;3,53
Monkey King;kiyotaka;17;52,94%;3,38
Zeus;kiyotaka;15;40,00%;4,00
Broodmother;kiyotaka;15;60,00%;4,72
Riki;kiyotaka;12;58,33%;4,58
Morphling;kiyotaka;11;45,45%;4,11
Storm Spirit;Larl;127;66,93%;6,52
Puck;Larl;92;58,70%;5,51
Ember Spirit;Larl;79;67,09%;5,76
Pangolier;Larl;71;56,34%;4,20
Leshrac;Larl;62;51,61%;4,30
Queen of Pain;Larl;62;56,45%;5,07
Tiny;Larl;58;70,69%;4,31
Invoker;Larl;52;59,62%;4,71
Void Spirit;Larl;46;58,70%;4,19
Dragon Knight;Larl;44;52,27%;3,83
Monkey King;Larl;40;75,00%;5,42
Kunkka;Larl;38;65,79%;5,69
Zeus;Larl;36;61,11%;7,48
Sniper;Larl;36;52,78%;5,01
Snapfire;Larl;30;73,33%;6,72
Earth Spirit;Larl;30;56,67%;4,72
Keeper of the Light;Larl;25;60,00%;6,73
Sand King;Larl;23;56,52%;4,11
Lina;Larl;21;52,38%;4,59
Windranger;Larl;20;55,00%;4,15
Viper;Larl;18;66,67%;5,39
Earthshaker;Larl;16;56,25%;3,87
Batrider;Larl;15;60,00%;4,62
Primal Beast;Larl;12;91,67%;5,11
Shadow Fiend;Larl;11;36,36%;3,15
Death Prophet;Larl;11;45,45%;6,16
Slardar;Larl;10;80,00%;6,90
Storm Spirit;Lorenof;167;56,89%;6,89
Ember Spirit;Lorenof;111;58,56%;7,28
Puck;Lorenof;65;50,77%;6,44
Dragon Knight;Lorenof;53;47,17%;6,02
Pangolier;Lorenof;46;43,48%;5,66
Leshrac;Lorenof;43;55,81%;4,96
Queen of Pain;Lorenof;41;46,34%;6,07
Viper;Lorenof;35;62,86%;4,94
Void Spirit;Lorenof;31;41,94%;7,35
Templar Assassin;Lorenof;30;66,67%;9,11
Shadow Fiend;Lorenof;29;41,38%;4,45
Timbersaw;Lorenof;27;66,67%;7,57
Sniper;Lorenof;27;55,56%;5,24
Death Prophet;Lorenof;25;76,00%;12,51
Lina;Lorenof;25;36,00%;3,89
Razor;Lorenof;22;50,00%;4,57
Morphling;Lorenof;21;57,14%;6,98
Invoker;Lorenof;20;40,00%;4,86
Kunkka;Lorenof;19;31,58%;5,48
Huskar;Lorenof;18;55,56%;3,33
Keeper of the Light;Lorenof;16;62,50%;9,33
Beastmaster;Lorenof;11;63,64%;5,79
Zeus;Lorenof;10;60,00%;15,81
Pangolier;Malr1ne;150;63,33%;6,46
Puck;Malr1ne;90;52,22%;4,80
Sand King;Malr1ne;82;71,95%;5,61
Timbersaw;Malr1ne;68;63,24%;5,81
Primal Beast;Malr1ne;66;60,61%;5,03
Dragon Knight;Malr1ne;54;68,52%;6,43
Lina;Malr1ne;53;60,38%;5,21
Huskar;Malr1ne;42;71,43%;4,38
Monkey King;Malr1ne;42;73,81%;6,25
Razor;Malr1ne;36;66,67%;5,62
Earthshaker;Malr1ne;34;79,41%;6,30
Storm Spirit;Malr1ne;33;42,42%;3,91
Void Spirit;Malr1ne;30;60,00%;4,97
Batrider;Malr1ne;28;67,86%;5,02
Earth Spirit;Malr1ne;26;69,23%;5,50
Tiny;Malr1ne;23;39,13%;3,87
Sniper;Malr1ne;23;60,87%;4,38
Beastmaster;Malr1ne;21;66,67%;5,32
Ember Spirit;Malr1ne;17;58,82%;4,36
Nature's Prophet;Malr1ne;17;58,82%;5,25
Queen of Pain;Malr1ne;16;56,25%;4,95
Slardar;Malr1ne;10;70,00%;8,45
Leshrac;Malr1ne;10;70,00%;6,26
Ember Spirit;MidOne;125;65,60%;5,21
Invoker;MidOne;117;64,96%;4,82
Monkey King;MidOne;77;72,73%;4,38
Storm Spirit;MidOne;58;60,34%;4,20
Leshrac;MidOne;56;64,29%;3,69
Outworld Devourer;MidOne;55;67,27%;3,92
Puck;MidOne;51;54,90%;4,83
Templar Assassin;MidOne;50;68,00%;5,22
Shadow Fiend;MidOne;38;68,42%;4,92
Beastmaster;MidOne;36;50,00%;2,96
Nature's Prophet;MidOne;35;57,14%;4,25
Kunkka;MidOne;35;71,43%;6,28
Queen of Pain;MidOne;35;57,14%;4,35
Tiny;MidOne;32;62,50%;3,96
Viper;MidOne;25;52,00%;3,11
Timbersaw;MidOne;23;56,52%;3,54
Dragon Knight;MidOne;20;70,00%;4,08
Pangolier;MidOne;20;60,00%;4,34
Razor;MidOne;17;70,59%;4,76
Magnus;MidOne;16;50,00%;3,73
Void Spirit;MidOne;15;46,67%;3,59
Arc Warden;MidOne;15;66,67%;4,28
Death Prophet;MidOne;15;66,67%;3,35
Earthshaker;MidOne;13;53,85%;3,61
Lina;MidOne;13;53,85%;2,95
Tinker;MidOne;13;38,46%;3,54
Huskar;MidOne;13;30,77%;1,26
Batrider;MidOne;12;58,33%;3,80
Zeus;MidOne;11;90,91%;10,13
Broodmother;MidOne;11;72,73%;5,37
Primal Beast;MidOne;11;63,64%;3,96
Lone Druid;MidOne;11;54,55%;7,09
Visage;MidOne;11;72,73%;3,47
Sniper;MidOne;10;40,00%;3,69
Ember Spirit;Nisha;163;63,19%;6,04
Puck;Nisha;140;60,71%;5,63
Storm Spirit;Nisha;133;56,39%;5,33
Pangolier;Nisha;96;55,21%;4,74
Void Spirit;Nisha;91;53,85%;4,89
Invoker;Nisha;78;50,00%;4,22
Queen of Pain;Nisha;77;55,84%;5,22
Morphling;Nisha;75;77,33%;7,48
Tiny;Nisha;74;63,51%;5,19
Kunkka;Nisha;68;64,71%;5,70
Leshrac;Nisha;65;63,08%;4,96
Dragon Knight;Nisha;56;62,50%;5,26
Templar Assassin;Nisha;54;66,67%;5,83
Monkey King;Nisha;45;60,00%;4,05
Shadow Fiend;Nisha;39;58,97%;4,40
Slardar;Nisha;36;50,00%;3,91
Sniper;Nisha;33;63,64%;5,78
Terrorblade;Nisha;32;75,00%;5,21
Earth Spirit;Nisha;32;59,38%;5,56
Lina;Nisha;30;50,00%;3,54
Batrider;Nisha;30;60,00%;5,23
Death Prophet;Nisha;28;60,71%;5,11
Beastmaster;Nisha;27;70,37%;5,10
Phantom Lancer;Nisha;27;55,56%;4,74
Outworld Devourer;Nisha;27;59,26%;3,96
Viper;Nisha;26;61,54%;4,86
Timbersaw;Nisha;26;46,15%;4,59
Razor;Nisha;24;58,33%;4,38
Zeus;Nisha;24;50,00%;5,80
Arc Warden;Nisha;23;69,57%;4,78
Magnus;Nisha;23;65,22%;5,61
Primal Beast;Nisha;22;72,73%;5,33
Necrophos;Nisha;20;75,00%;5,76
Earthshaker;Nisha;19;57,89%;4,58
Huskar;Nisha;19;63,16%;3,10
Nature's Prophet;Nisha;18;77,78%;6,86
Snapfire;Nisha;17;58,82%;4,64
Windranger;Nisha;16;50,00%;4,39
Io;Nisha;13;53,85%;2,67
Lone Druid;Nisha;10;80,00%;6,19
Vengeful Spirit;Nisha;10;70,00%;4,06
Puck;Noone;168;61,90%;5,78
Invoker;Noone;148;62,84%;6,17
Storm Spirit;Noone;145;65,52%;5,08
Queen of Pain;Noone;131;55,73%;5,70
Ember Spirit;Noone;122;63,11%;6,04
Dragon Knight;Noone;116;70,69%;5,31
Tiny;Noone;89;61,80%;4,74
Shadow Fiend;Noone;88;54,55%;4,37
Death Prophet;Noone;88;67,05%;5,42
Pangolier;Noone;84;72,62%;6,29
Sniper;Noone;72;59,72%;5,70
Viper;Noone;65;58,46%;4,33
Templar Assassin;Noone;61;63,93%;5,83
Kunkka;Noone;55;60,00%;5,35
Leshrac;Noone;55;60,00%;4,08
Monkey King;Noone;53;62,26%;4,21
Outworld Devourer;Noone;51;62,75%;5,03
Lina;Noone;48;64,58%;4,27
Void Spirit;Noone;48;66,67%;6,43
Zeus;Noone;46;54,35%;4,97
Razor;Noone;42;61,90%;4,13
Nature's Prophet;Noone;34;55,88%;4,97
Earth Spirit;Noone;32;71,88%;5,70
Windranger;Noone;30;46,67%;3,77
Beastmaster;Noone;29;41,38%;3,72
Magnus;Noone;29;65,52%;5,46
Morphling;Noone;27;55,56%;5,08
Mirana;Noone;26;80,77%;7,70
Gyrocopter;Noone;25;72,00%;7,01
Sand King;Noone;22;63,64%;5,07
Necrophos;Noone;22;77,27%;6,63
Tinker;Noone;21;66,67%;6,77
Pugna;Noone;19;57,89%;4,29
Earthshaker;Noone;18;61,11%;4,52
Bristleback;Noone;17;52,94%;4,54
Slardar;Noone;16;56,25%;4,84
Alchemist;Noone;16;43,75%;3,78
Troll Warlord;Noone;15;66,67%;5,20
Ursa;Noone;14;64,29%;5,35
Juggernaut;Noone;14;42,86%;4,02
Huskar;Noone;13;76,92%;4,43
Bloodseeker;Noone;12;75,00%;9,41
Pudge;Noone;11;45,45%;2,96
Timbersaw;Noone;11;27,27%;3,10
Venomancer;Noone;10;60,00%;4,28
Ember Spirit;NothingToSay;147;62,59%;5,08
Puck;NothingToSay;131;54,96%;5,12
Pangolier;NothingToSay;91;62,64%;5,16
Kunkka;NothingToSay;86;58,14%;5,47
Void Spirit;NothingToSay;72;63,89%;4,97
Storm Spirit;NothingToSay;64;51,56%;4,94
Primal Beast;NothingToSay;60;61,67%;4,75
Magnus;NothingToSay;53;75,47%;5,31
Leshrac;NothingToSay;53;54,72%;3,36
Tiny;NothingToSay;53;58,49%;4,12
Tinker;NothingToSay;50;74,00%;6,99
Zeus;NothingToSay;49;63,27%;5,39
Dragon Knight;NothingToSay;48;62,50%;4,07
Death Prophet;NothingToSay;43;60,47%;4,10
Queen of Pain;NothingToSay;43;55,81%;4,58
Lina;NothingToSay;39;58,97%;3,93
Earthshaker;NothingToSay;37;51,35%;3,72
Sand King;NothingToSay;33;60,61%;4,21
Razor;NothingToSay;29;58,62%;4,00
Templar Assassin;NothingToSay;26;57,69%;4,28
Keeper of the Light;NothingToSay;25;48,00%;6,14
Sniper;NothingToSay;24;50,00%;4,39
Pugna;NothingToSay;19;63,16%;5,19
Mars;NothingToSay;17;52,94%;4,24
Invoker;NothingToSay;17;76,47%;7,49
Windranger;NothingToSay;17;58,82%;4,37
Snapfire;NothingToSay;16;37,50%;2,97
Morphling;NothingToSay;15;46,67%;5,63
Alchemist;NothingToSay;15;53,33%;3,57
Monkey King;NothingToSay;15;66,67%;4,63
Beastmaster;NothingToSay;14;42,86%;3,22
Nature's Prophet;NothingToSay;14;57,14%;4,52
Huskar;NothingToSay;13;69,23%;2,24
Viper;NothingToSay;13;46,15%;2,60
Shadow Fiend;NothingToSay;13;23,08%;2,65
Outworld Devourer;NothingToSay;13;30,77%;2,76
Timbersaw;NothingToSay;12;50,00%;4,06
Slardar;NothingToSay;11;72,73%;5,38
Ember Spirit;Quinn;179;61,45%;5,58
Void Spirit;Quinn;136;69,85%;6,06
Leshrac;Quinn;130;60,77%;4,36
Puck;Quinn;129;55,04%;4,43
Pangolier;Quinn;128;63,28%;4,83
Storm Spirit;Quinn;107;60,75%;4,46
Queen of Pain;Quinn;99;59,60%;4,87
Dragon Knight;Quinn;84;60,71%;4,26
Lina;Quinn;83;60,24%;3,85
Death Prophet;Quinn;78;53,85%;3,60
Templar Assassin;Quinn;73;49,32%;3,90
Kunkka;Quinn;60;60,00%;4,63
Invoker;Quinn;56;58,93%;3,97
Monkey King;Quinn;55;70,91%;4,53
Sniper;Quinn;41;53,66%;4,32
Huskar;Quinn;40;67,50%;3,67
Outworld Devourer;Quinn;40;62,50%;4,53
Razor;Quinn;37;56,76%;3,58
Tiny;Quinn;31;41,94%;3,03
Timbersaw;Quinn;31;58,06%;4,49
Viper;Quinn;27;55,56%;4,78
Shadow Fiend;Quinn;25;56,00%;3,94
Batrider;Quinn;22;59,09%;4,75
Zeus;Quinn;19;36,84%;5,28
Mirana;Quinn;17;70,59%;5,58
Windranger;Quinn;15;60,00%;5,31
Pugna;Quinn;15;40,00%;2,55
Necrophos;Quinn;15;80,00%;5,82
Medusa;Quinn;14;71,43%;5,33
Sand King;Quinn;14;50,00%;3,13
Venomancer;Quinn;14;57,14%;2,76
Earth Spirit;Quinn;12;66,67%;4,36
Gyrocopter;Quinn;11;72,73%;4,82
Earthshaker;Quinn;10;50,00%;3,75
Storm Spirit;SumaiL;137;64,23%;4,85
Ember Spirit;SumaiL;135;55,56%;4,88
Puck;SumaiL;129;56,59%;5,33
Invoker;SumaiL;101;46,53%;4,26
Leshrac;SumaiL;97;61,86%;3,90
Queen of Pain;SumaiL;95;50,53%;5,01
Templar Assassin;SumaiL;62;67,74%;4,61
Shadow Fiend;SumaiL;58;50,00%;3,55
Lina;SumaiL;58;62,07%;3,97
Mirana;SumaiL;48;58,33%;5,58
Void Spirit;SumaiL;48;50,00%;4,54
Tiny;SumaiL;44;40,91%;3,72
Death Prophet;SumaiL;42;38,10%;3,55
Outworld Devourer;SumaiL;41;63,41%;4,02
Windranger;SumaiL;40;52,50%;4,25
Magnus;SumaiL;37;67,57%;4,62
Dragon Knight;SumaiL;36;50,00%;4,65
Monkey King;SumaiL;35;54,29%;4,09
Earthshaker;SumaiL;33;63,64%;5,15
Razor;SumaiL;33;54,55%;4,07
Sniper;SumaiL;31;70,97%;8,30
Nature's Prophet;SumaiL;31;54,84%;5,46
Beastmaster;SumaiL;31;64,52%;3,40
Timbersaw;SumaiL;31;58,06%;4,53
Zeus;SumaiL;29;44,83%;3,85
Morphling;SumaiL;28;57,14%;5,76
Keeper of the Light;SumaiL;27;62,96%;6,60
Kunkka;SumaiL;23;47,83%;4,89
Tinker;SumaiL;22;50,00%;4,07
Sand King;SumaiL;21;52,38%;3,28
Pangolier;SumaiL;19;31,58%;3,84
Batrider;SumaiL;17;58,82%;4,12
Snapfire;SumaiL;15;66,67%;6,64
Luna;SumaiL;15;73,33%;6,24
Viper;SumaiL;13;61,54%;5,06
Earth Spirit;SumaiL;10;40,00%;4,65
Ember Spirit;Yopaj;118;61,86%;6,51
Puck;Yopaj;99;55,56%;5,72
Tiny;Yopaj;94;56,38%;4,78
Pangolier;Yopaj;62;46,77%;4,57
Kunkka;Yopaj;61;52,46%;6,16
Templar Assassin;Yopaj;59;57,63%;5,90
Storm Spirit;Yopaj;59;44,07%;4,52
Void Spirit;Yopaj;53;54,72%;4,90
Earth Spirit;Yopaj;50;48,00%;4,39
Queen of Pain;Yopaj;49;61,22%;6,29
Invoker;Yopaj;48;62,50%;6,78
Dragon Knight;Yopaj;45;62,22%;5,08
Sand King;Yopaj;31;54,84%;4,56
Batrider;Yopaj;29;68,97%;5,57
Leshrac;Yopaj;25;60,00%;4,68
Mars;Yopaj;21;57,14%;5,55
Death Prophet;Yopaj;20;65,00%;8,33
Snapfire;Yopaj;19;57,89%;6,29
Monkey King;Yopaj;16;56,25%;3,78
Windranger;Yopaj;16;56,25%;6,91
Lina;Yopaj;16;37,50%;3,51
Timbersaw;Yopaj;16;50,00%;6,34
Zeus;Yopaj;14;57,14%;7,62
Viper;Yopaj;14;50,00%;3,95
Primal Beast;Yopaj;13;46,15%;6,56
Nature's Prophet;Yopaj;12;66,67%;7,37
Earthshaker;Yopaj;12;66,67%;4,70
Magnus;Yopaj;12;58,33%;4,11
Beastmaster;Yopaj;10;10,00%;2,18
Shadow Fiend;Yopaj;10;40,00%;3,93
Doom;33;243;62,14%;4,29
Beastmaster;33;202;57,43%;3,65
Dark Seer;33;144;64,58%;5,18
Tidehunter;33;141;58,16%;4,17
Sand King;33;126;56,35%;3,35
Brewmaster;33;112;58,93%;4,58
Visage;33;101;68,32%;4,56
Timbersaw;33;89;51,69%;3,87
Batrider;33;76;56,58%;4,12
Lycan;33;74;58,11%;6,18
Axe;33;60;51,67%;2,82
Abaddon;33;49;55,10%;3,88
Bristleback;33;49;42,86%;2,66
Broodmother;33;47;68,09%;5,79
Enigma;33;46;65,22%;4,47
Centaur Warrunner;33;42;69,05%;4,50
Legion Commander;33;39;66,67%;3,38
Night Stalker;33;35;60,00%;4,98
Death Prophet;33;34;58,82%;3,75
Nature's Prophet;33;32;43,75%;3,60
Largo;33;29;65,52%;5,95
Viper;33;28;57,14%;3,87
Lone Druid;33;26;50,00%;3,83
Dragon Knight;33;24;37,50%;2,83
Necrophos;33;23;60,87%;4,16
Underlord;33;22;45,45%;3,81
Void Spirit;33;21;61,90%;5,99
Pangolier;33;19;68,42%;4,92
Venomancer;33;19;63,16%;3,83
Slardar;33;16;50,00%;2,80
Phoenix;33;15;60,00%;3,32
Alchemist;33;15;60,00%;5,24
Omniknight;33;15;53,33%;3,95
Clockwerk;33;15;46,67%;2,82
Magnus;33;14;50,00%;3,15
Medusa;33;13;53,85%;4,98
Ursa;33;12;41,67%;2,75
Kunkka;33;11;45,45%;3,55
Rubick;33;11;63,64%;3,98
Tiny;33;10;20,00%;2,24
Chaos Knight;33;10;60,00%;3,48
Earth Spirit;33;10;40,00%;2,57
Hero;Player;Total Count;Winrate;Avg. KAL
Centaur Warrunner;Ace;125;56,00%;3,40
Underlord;Ace;112;71,43%;4,72
Beastmaster;Ace;106;54,72%;3,64
Dark Seer;Ace;97;48,45%;3,42
Tidehunter;Ace;88;53,41%;3,79
Broodmother;Ace;68;64,71%;4,31
Doom;Ace;65;55,38%;3,89
Timbersaw;Ace;64;39,06%;3,51
Batrider;Ace;60;45,00%;3,09
Lone Druid;Ace;58;53,45%;4,27
Axe;Ace;57;45,61%;2,50
Bristleback;Ace;56;53,57%;3,04
Lycan;Ace;55;65,45%;6,54
Dawnbreaker;Ace;47;55,32%;3,64
Clockwerk;Ace;46;50,00%;2,52
Wraith King;Ace;46;50,00%;6,15
Brewmaster;Ace;45;53,33%;4,45
Nature's Prophet;Ace;42;40,48%;2,91
Phantom Lancer;Ace;39;43,59%;3,59
Razor;Ace;39;56,41%;3,29
Weaver;Ace;37;54,05%;4,61
Mars;Ace;37;67,57%;4,76
Magnus;Ace;35;60,00%;3,91
Lifestealer;Ace;30;53,33%;5,26
Slardar;Ace;30;56,67%;4,03
Ursa;Ace;29;55,17%;4,66
Pangolier;Ace;27;48,15%;3,78
Legion Commander;Ace;21;66,67%;3,66
Primal Beast;Ace;21;61,90%;3,68
Kunkka;Ace;20;55,00%;4,66
Night Stalker;Ace;16;43,75%;3,31
Chaos Knight;Ace;15;66,67%;4,58
Abaddon;Ace;13;76,92%;4,72
Dragon Knight;Ace;12;75,00%;5,52
Sand King;Ace;12;50,00%;2,74
Tiny;Ace;12;58,33%;4,10
Necrophos;Ace;11;27,27%;2,89
Alchemist;Ace;11;18,18%;2,02
Largo;Ace;11;63,64%;5,76
Vengeful Spirit;Ace;11;72,73%;3,65
Visage;Ace;11;36,36%;2,02
Windranger;Ace;10;40,00%;2,60
Mars;ATF;200;64,00%;4,38
Timbersaw;ATF;118;63,56%;5,38
Doom;ATF;107;77,57%;5,01
Razor;ATF;105;63,81%;4,28
Bristleback;ATF;101;62,38%;4,16
Slardar;ATF;63;61,90%;4,19
Pangolier;ATF;60;61,67%;3,90
Centaur Warrunner;ATF;57;59,65%;4,88
Viper;ATF;53;64,15%;3,45
Tidehunter;ATF;46;60,87%;4,64
Underlord;ATF;41;63,41%;4,48
Kunkka;ATF;31;70,97%;5,49
Sand King;ATF;25;44,00%;2,80
Magnus;ATF;23;65,22%;4,68
Slark;ATF;21;66,67%;4,19
Broodmother;ATF;18;66,67%;5,80
Huskar;ATF;17;52,94%;3,08
Dawnbreaker;ATF;16;43,75%;3,61
Dragon Knight;ATF;16;50,00%;3,39
Monkey King;ATF;14;57,14%;3,57
Legion Commander;ATF;12;50,00%;3,09
Night Stalker;ATF;10;90,00%;6,50
Mars;Collapse;183;60,66%;4,30
Centaur Warrunner;Collapse;102;65,69%;4,45
Tidehunter;Collapse;85;69,41%;4,93
Beastmaster;Collapse;72;65,28%;4,33
Primal Beast;Collapse;65;69,23%;5,09
Axe;Collapse;63;58,73%;3,23
Slardar;Collapse;63;68,25%;3,95
Magnus;Collapse;61;72,13%;4,93
Doom;Collapse;53;56,60%;3,29
Sand King;Collapse;46;78,26%;4,19
Underlord;Collapse;42;47,62%;3,21
Dark Seer;Collapse;38;65,79%;4,99
Batrider;Collapse;33;66,67%;4,33
Night Stalker;Collapse;32;68,75%;5,40
Pangolier;Collapse;27;62,96%;3,68
Bristleback;Collapse;26;57,69%;3,29
Timbersaw;Collapse;24;45,83%;3,25
Bloodseeker;Collapse;23;60,87%;4,29
Dragon Knight;Collapse;22;63,64%;4,29
Razor;Collapse;18;38,89%;2,91
Spirit Breaker;Collapse;17;82,35%;4,19
Viper;Collapse;16;50,00%;3,11
Dawnbreaker;Collapse;16;68,75%;3,69
Largo;Collapse;15;66,67%;4,78
Kunkka;Collapse;14;50,00%;3,52
Legion Commander;Collapse;14;57,14%;3,07
Enigma;Collapse;13;46,15%;3,34
Lycan;Collapse;12;91,67%;10,57
Brewmaster;Collapse;12;58,33%;4,32
Abaddon;Collapse;11;54,55%;3,26
Chaos Knight;Collapse;10;80,00%;4,05
Death Prophet;Collapse;10;70,00%;4,30
Nature's Prophet;Collapse;10;50,00%;4,21
Visage;Daxak;69;62,32%;7,68
Nature's Prophet;Daxak;59;67,80%;6,94
Bristleback;Daxak;34;61,76%;3,92
Enigma;Daxak;33;66,67%;5,24
Wraith King;Daxak;32;56,25%;7,18
Weaver;Daxak;24;58,33%;7,63
Lifestealer;Daxak;24;50,00%;7,87
Lycan;Daxak;22;40,91%;5,52
Phantom Lancer;Daxak;22;50,00%;7,29
Bloodseeker;Daxak;21;61,90%;5,24
Dark Seer;Daxak;18;61,11%;5,27
Lone Druid;Daxak;17;35,29%;5,62
Beastmaster;Daxak;16;43,75%;3,74
Razor;Daxak;15;6,67%;3,04
Night Stalker;Daxak;15;53,33%;5,57
Centaur Warrunner;Daxak;15;46,67%;3,20
Batrider;Daxak;14;57,14%;3,82
Chaos Knight;Daxak;13;61,54%;5,47
Necrophos;Daxak;12;58,33%;5,45
Spectre;Daxak;12;50,00%;7,28
Alchemist;Daxak;12;58,33%;7,72
Dawnbreaker;Daxak;12;41,67%;3,54
Abaddon;Daxak;11;72,73%;4,47
Centaur Warrunner;DM;127;66,14%;5,00
Beastmaster;DM;89;64,04%;5,32
Enigma;DM;84;70,24%;5,49
Dark Seer;DM;64;59,38%;6,28
Tidehunter;DM;59;57,63%;5,24
Timbersaw;DM;58;56,90%;4,93
Brewmaster;DM;54;62,96%;6,09
Underlord;DM;52;46,15%;3,79
Sand King;DM;50;60,00%;3,70
Doom;DM;49;65,31%;5,24
Bristleback;DM;45;71,11%;4,75
Venomancer;DM;40;67,50%;4,35
Mars;DM;39;58,97%;3,73
Axe;DM;37;51,35%;2,95
Kunkka;DM;37;51,35%;4,72
Magnus;DM;35;62,86%;5,34
Dragon Knight;DM;34;55,88%;4,64
Pangolier;DM;28;64,29%;5,02
Phoenix;DM;28;57,14%;5,00
Lycan;DM;28;71,43%;9,28
Undying;DM;20;60,00%;4,48
Batrider;DM;18;72,22%;7,00
Dazzle;DM;17;64,71%;4,63
Slardar;DM;15;53,33%;4,49
Necrophos;DM;14;71,43%;5,53
Death Prophet;DM;13;53,85%;5,00
Broodmother;DM;13;69,23%;10,52
Viper;DM;12;75,00%;5,27
Abaddon;DM;11;45,45%;3,53
Medusa;DM;11;45,45%;5,12
Ogre Magi;DM;11;54,55%;5,06
Omniknight;DM;10;80,00%;3,61
Wraith King;DM;10;50,00%;8,94
Beastmaster;Faith bian;175;65,71%;4,31
Centaur Warrunner;Faith bian;99;54,55%;3,60
Slardar;Faith bian;77;64,94%;3,48
Mars;Faith bian;76;57,89%;3,70
Brewmaster;Faith bian;71;53,52%;4,08
Sand King;Faith bian;71;61,97%;3,23
Tidehunter;Faith bian;68;60,29%;4,12
Dark Seer;Faith bian;66;50,00%;4,29
Doom;Faith bian;64;60,94%;4,08
Batrider;Faith bian;58;60,34%;4,44
Timbersaw;Faith bian;53;60,38%;4,94
Nature's Prophet;Faith bian;53;50,94%;3,78
Tiny;Faith bian;53;66,04%;4,35
Magnus;Faith bian;52;61,54%;3,73
Pangolier;Faith bian;47;51,06%;4,71
Clockwerk;Faith bian;45;51,11%;2,63
Axe;Faith bian;42;66,67%;3,36
Underlord;Faith bian;41;48,78%;3,38
Night Stalker;Faith bian;36;55,56%;4,33
Legion Commander;Faith bian;36;63,89%;2,98
Earthshaker;Faith bian;35;62,86%;3,31
Lycan;Faith bian;29;58,62%;10,15
Death Prophet;Faith bian;28;67,86%;4,20
Bristleback;Faith bian;28;46,43%;2,81
Viper;Faith bian;26;73,08%;3,96
Enigma;Faith bian;26;34,62%;2,78
Omniknight;Faith bian;25;68,00%;3,73
Razor;Faith bian;23;82,61%;4,48
Broodmother;Faith bian;22;59,09%;3,65
Dawnbreaker;Faith bian;21;47,62%;4,23
Abaddon;Faith bian;20;60,00%;4,11
Visage;Faith bian;18;66,67%;5,10
Primal Beast;Faith bian;18;55,56%;3,42
Dragon Knight;Faith bian;17;64,71%;3,74
Vengeful Spirit;Faith bian;17;70,59%;2,59
Venomancer;Faith bian;13;53,85%;3,03
Spirit Breaker;Faith bian;13;53,85%;2,67
Elder Titan;Faith bian;12;41,67%;3,52
Undying;Faith bian;12;58,33%;3,87
Snapfire;Faith bian;10;60,00%;4,22
Dark Seer;Funn1k;132;59,85%;3,73
Batrider;Funn1k;124;60,48%;3,69
Nature's Prophet;Funn1k;109;55,05%;3,41
Timbersaw;Funn1k;83;50,60%;3,00
Beastmaster;Funn1k;73;54,79%;3,14
Clockwerk;Funn1k;54;55,56%;2,77
Tidehunter;Funn1k;46;39,13%;2,85
Doom;Funn1k;41;58,54%;3,09
Windranger;Funn1k;35;54,29%;3,27
Sand King;Funn1k;33;60,61%;3,26
Pangolier;Funn1k;32;53,12%;5,23
Mars;Funn1k;31;48,39%;3,18
Centaur Warrunner;Funn1k;30;43,33%;2,24
Magnus;Funn1k;28;67,86%;4,10
Night Stalker;Funn1k;27;48,15%;3,00
Slardar;Funn1k;25;48,00%;2,60
Axe;Funn1k;23;43,48%;2,41
Lone Druid;Funn1k;22;63,64%;4,71
Queen of Pain;Funn1k;22;45,45%;3,84
Spirit Breaker;Funn1k;21;52,38%;2,86
Enigma;Funn1k;21;52,38%;2,96
Faceless Void;Funn1k;21;57,14%;2,88
Legion Commander;Funn1k;21;42,86%;1,95
Weaver;Funn1k;20;60,00%;3,83
Bristleback;Funn1k;18;72,22%;3,00
Vengeful Spirit;Funn1k;17;64,71%;2,68
Underlord;Funn1k;16;37,50%;3,66
Broodmother;Funn1k;14;50,00%;2,11
Dragon Knight;Funn1k;14;14,29%;2,32
Mirana;Funn1k;14;64,29%;5,51
Earthshaker;Funn1k;14;50,00%;3,40
Elder Titan;Funn1k;13;53,85%;3,31
Leshrac;Funn1k;11;45,45%;2,73
Undying;Funn1k;11;27,27%;2,47
Viper;Funn1k;10;40,00%;3,13
Brewmaster;Funn1k;10;30,00%;2,53
Beastmaster;MieRo';120;65,00%;4,58
Doom;MieRo';90;60,00%;3,98
Enigma;MieRo';74;63,51%;4,20
Centaur Warrunner;MieRo';73;49,32%;4,65
Lycan;MieRo';52;65,38%;8,04
Axe;MieRo';51;52,94%;3,45
Mars;MieRo';48;52,08%;4,29
Timbersaw;MieRo';47;46,81%;3,91
Magnus;MieRo';38;50,00%;3,67
Primal Beast;MieRo';33;54,55%;4,51
Dark Seer;MieRo';33;60,61%;4,33
Tidehunter;MieRo';31;48,39%;4,38
Kunkka;MieRo';31;54,84%;4,72
Slardar;MieRo';27;62,96%;4,79
Dawnbreaker;MieRo';26;53,85%;4,16
Bristleback;MieRo';26;65,38%;3,01
Sand King;MieRo';23;52,17%;3,11
Largo;MieRo';22;68,18%;6,28
Brewmaster;MieRo';21;38,10%;3,74
Batrider;MieRo';18;61,11%;4,02
Pangolier;MieRo';18;61,11%;4,00
Dragon Knight;MieRo';17;41,18%;4,20
Omniknight;MieRo';17;76,47%;5,98
Underlord;MieRo';17;41,18%;2,88
Visage;MieRo';16;50,00%;3,76
Legion Commander;MieRo';14;42,86%;2,34
Abaddon;MieRo';14;42,86%;2,77
Broodmother;MieRo';13;61,54%;5,05
Undying;MieRo';11;63,64%;5,17
Night Stalker;MieRo';10;50,00%;3,89
Nature's Prophet;MieRo';10;70,00%;4,11
Dark Seer;MinD ContRoL;185;62,70%;4,62
Beastmaster;MinD ContRoL;123;62,60%;2,96
Nature's Prophet;MinD ContRoL;116;60,34%;3,67
Sand King;MinD ContRoL;73;68,49%;3,71
Slardar;MinD ContRoL;68;50,00%;3,15
Tidehunter;MinD ContRoL;63;52,38%;3,38
Batrider;MinD ContRoL;60;65,00%;3,80
Doom;MinD ContRoL;55;54,55%;3,46
Axe;MinD ContRoL;48;60,42%;3,01
Mars;MinD ContRoL;45;53,33%;3,57
Underlord;MinD ContRoL;45;60,00%;3,72
Timbersaw;MinD ContRoL;45;53,33%;2,81
Earthshaker;MinD ContRoL;38;57,89%;3,28
Centaur Warrunner;MinD ContRoL;38;68,42%;3,70
Enigma;MinD ContRoL;36;50,00%;2,94
Dragon Knight;MinD ContRoL;36;52,78%;2,96
Brewmaster;MinD ContRoL;35;62,86%;4,10
Legion Commander;MinD ContRoL;34;67,65%;3,03
Magnus;MinD ContRoL;34;67,65%;4,23
Omniknight;MinD ContRoL;33;51,52%;2,74
Clockwerk;MinD ContRoL;32;53,12%;2,82
Death Prophet;MinD ContRoL;29;62,07%;3,28
Faceless Void;MinD ContRoL;26;61,54%;3,50
Nyx Assassin;MinD ContRoL;26;53,85%;1,91
Night Stalker;MinD ContRoL;25;44,00%;2,81
Bristleback;MinD ContRoL;24;50,00%;2,64
Puck;MinD ContRoL;21;57,14%;2,84
Necrophos;MinD ContRoL;21;66,67%;3,81
Tusk;MinD ContRoL;19;68,42%;3,24
Tiny;MinD ContRoL;18;61,11%;2,72
Spirit Breaker;MinD ContRoL;18;55,56%;3,62
Pugna;MinD ContRoL;17;58,82%;4,04
Queen of Pain;MinD ContRoL;17;64,71%;4,06
Abaddon;MinD ContRoL;16;75,00%;4,11
Enchantress;MinD ContRoL;16;56,25%;3,52
Venomancer;MinD ContRoL;16;75,00%;2,94
Weaver;MinD ContRoL;15;73,33%;4,80
Broodmother;MinD ContRoL;13;61,54%;2,94
Razor;MinD ContRoL;13;92,31%;4,87
Bloodseeker;MinD ContRoL;12;66,67%;3,43
Phoenix;MinD ContRoL;11;54,55%;2,93
Viper;MinD ContRoL;10;30,00%;2,46
Kunkka;MinD ContRoL;10;50,00%;3,84
Mars;Noticed;88;56,82%;4,06
Beastmaster;Noticed;62;56,45%;4,29
Centaur Warrunner;Noticed;55;47,27%;3,71
Tidehunter;Noticed;46;50,00%;4,28
Slardar;Noticed;43;55,81%;4,66
Underlord;Noticed;41;63,41%;4,52
Axe;Noticed;40;60,00%;4,61
Dawnbreaker;Noticed;38;65,79%;5,03
Doom;Noticed;33;69,70%;4,79
Pangolier;Noticed;30;40,00%;3,71
Magnus;Noticed;30;43,33%;3,07
Timbersaw;Noticed;28;60,71%;3,95
Dark Seer;Noticed;25;40,00%;4,67
Enigma;Noticed;24;58,33%;3,67
Primal Beast;Noticed;23;52,17%;4,16
Death Prophet;Noticed;22;59,09%;3,99
Spirit Breaker;Noticed;18;61,11%;4,10
Bristleback;Noticed;18;72,22%;4,35
Dragon Knight;Noticed;16;37,50%;2,14
Brewmaster;Noticed;13;69,23%;5,90
Lycan;Noticed;13;61,54%;7,52
Batrider;Noticed;12;75,00%;5,04
Razor;Noticed;12;58,33%;2,90
Broodmother;Noticed;11;63,64%;7,04
Night Stalker;Noticed;10;70,00%;6,15
Invoker;Resolut1on;104;71,15%;4,94
Dragon Knight;Resolut1on;78;65,38%;4,75
Puck;Resolut1on;77;64,94%;4,63
Beastmaster;Resolut1on;65;67,69%;4,30
Storm Spirit;Resolut1on;65;60,00%;3,67
Shadow Fiend;Resolut1on;61;67,21%;4,12
Death Prophet;Resolut1on;56;60,71%;4,75
Gyrocopter;Resolut1on;52;73,08%;5,87
Juggernaut;Resolut1on;50;48,00%;4,69
Lycan;Resolut1on;47;65,96%;6,24
Magnus;Resolut1on;46;58,70%;4,52
Batrider;Resolut1on;45;48,89%;3,96
Morphling;Resolut1on;44;61,36%;6,35
Luna;Resolut1on;42;64,29%;4,97
Mirana;Resolut1on;42;66,67%;4,84
Queen of Pain;Resolut1on;41;51,22%;4,67
Templar Assassin;Resolut1on;41;58,54%;4,49
Sven;Resolut1on;37;54,05%;5,81
Terrorblade;Resolut1on;37;48,65%;5,43
Mars;Resolut1on;36;72,22%;5,09
Centaur Warrunner;Resolut1on;36;63,89%;5,35
Lifestealer;Resolut1on;36;55,56%;6,04
Brewmaster;Resolut1on;35;65,71%;5,00
Phantom Lancer;Resolut1on;35;54,29%;5,67
Slark;Resolut1on;34;64,71%;6,01
Dark Seer;Resolut1on;33;36,36%;3,71
Tiny;Resolut1on;33;72,73%;6,71
Medusa;Resolut1on;31;67,74%;7,77
Viper;Resolut1on;30;53,33%;4,87
Drow Ranger;Resolut1on;30;66,67%;6,08
Troll Warlord;Resolut1on;28;57,14%;5,54
Faceless Void;Resolut1on;28;75,00%;6,67
Anti-Mage;Resolut1on;28;75,00%;10,17
Razor;Resolut1on;27;48,15%;4,25
Timbersaw;Resolut1on;27;62,96%;3,81
Nature's Prophet;Resolut1on;26;65,38%;5,42
Weaver;Resolut1on;25;48,00%;5,95
Axe;Resolut1on;25;48,00%;3,60
Clinkz;Resolut1on;25;48,00%;4,27
Zeus;Resolut1on;24;62,50%;4,26
Leshrac;Resolut1on;24;58,33%;3,63
Legion Commander;Resolut1on;23;43,48%;3,14
Phantom Assassin;Resolut1on;23;65,22%;6,82
Doom;Resolut1on;22;31,82%;2,09
Slardar;Resolut1on;20;55,00%;3,62
Outworld Devourer;Resolut1on;20;45,00%;2,46
Naga Siren;Resolut1on;17;47,06%;5,11
Lone Druid;Resolut1on;17;70,59%;9,31
Enigma;Resolut1on;16;50,00%;3,77
Pangolier;Resolut1on;16;62,50%;4,89
Sniper;Resolut1on;16;56,25%;4,68
Arc Warden;Resolut1on;16;50,00%;4,51
Alchemist;Resolut1on;14;64,29%;5,68
Underlord;Resolut1on;14;50,00%;4,02
Night Stalker;Resolut1on;14;71,43%;4,98
Tidehunter;Resolut1on;14;42,86%;3,93
Broodmother;Resolut1on;14;64,29%;6,38
Ember Spirit;Resolut1on;13;23,08%;3,56
Bloodseeker;Resolut1on;13;46,15%;3,73
Spectre;Resolut1on;13;61,54%;8,46
Lina;Resolut1on;12;33,33%;3,04
Venomancer;Resolut1on;11;27,27%;2,86
Chaos Knight;Resolut1on;11;90,91%;5,15
Bristleback;Resolut1on;11;45,45%;3,92
Monkey King;Resolut1on;11;45,45%;3,46
Dawnbreaker;Resolut1on;11;63,64%;6,51
Primal Beast;Resolut1on;10;50,00%;4,27
Wraith King;Resolut1on;10;40,00%;5,49
Batrider;S4;180;59,44%;3,39
Magnus;S4;136;69,85%;3,54
Brewmaster;S4;134;68,66%;4,53
Queen of Pain;S4;110;65,45%;4,41
Dragon Knight;S4;107;63,55%;3,10
Centaur Warrunner;S4;98;63,27%;3,51
Dark Seer;S4;81;58,02%;3,42
Beastmaster;S4;63;55,56%;2,54
Timbersaw;S4;55;60,00%;3,30
Tidehunter;S4;52;57,69%;3,41
Clockwerk;S4;51;68,63%;3,46
Doom;S4;49;55,10%;3,14
Storm Spirit;S4;48;64,58%;4,42
Axe;S4;48;62,50%;2,77
Mars;S4;46;50,00%;2,53
Death Prophet;S4;42;50,00%;3,55
Razor;S4;39;71,79%;4,14
Underlord;S4;37;64,86%;2,99
Night Stalker;S4;37;70,27%;4,67
Leshrac;S4;36;58,33%;3,23
Tiny;S4;32;65,62%;3,69
Sand King;S4;29;55,17%;2,67
Enigma;S4;29;65,52%;3,23
Nature's Prophet;S4;29;58,62%;3,82
Legion Commander;S4;28;60,71%;2,87
Viper;S4;27;44,44%;2,31
Kunkka;S4;22;68,18%;3,58
Slardar;S4;21;33,33%;2,14
Necrophos;S4;20;65,00%;3,29
Bristleback;S4;20;70,00%;3,33
Windranger;S4;19;47,37%;2,74
Weaver;S4;17;58,82%;3,63
Pugna;S4;15;80,00%;3,58
Abaddon;S4;11;63,64%;3,35
Earthshaker;S4;11;45,45%;2,15
Mars;SabeRLight-;122;53,28%;3,10
Beastmaster;SabeRLight-;120;55,83%;3,11
Centaur Warrunner;SabeRLight-;97;52,58%;3,19
Tidehunter;SabeRLight-;76;56,58%;4,19
Underlord;SabeRLight-;68;51,47%;3,04
Axe;SabeRLight-;63;44,44%;2,74
Enigma;SabeRLight-;60;50,00%;3,87
Doom;SabeRLight-;59;62,71%;3,75
Dark Seer;SabeRLight-;59;64,41%;3,89
Dawnbreaker;SabeRLight-;58;50,00%;3,57
Primal Beast;SabeRLight-;57;56,14%;3,60
Pangolier;SabeRLight-;57;54,39%;3,83
Sand King;SabeRLight-;54;51,85%;2,71
Brewmaster;SabeRLight-;51;47,06%;3,20
Lycan;SabeRLight-;46;67,39%;7,80
Slardar;SabeRLight-;40;57,50%;3,14
Night Stalker;SabeRLight-;33;57,58%;3,46
Nature's Prophet;SabeRLight-;32;71,88%;4,48
Timbersaw;SabeRLight-;31;41,94%;3,33
Legion Commander;SabeRLight-;30;43,33%;2,56
Kunkka;SabeRLight-;22;50,00%;3,85
Death Prophet;SabeRLight-;22;59,09%;4,71
Magnus;SabeRLight-;21;47,62%;2,76
Earthshaker;SabeRLight-;17;64,71%;3,39
Bounty Hunter;SabeRLight-;16;62,50%;3,06
Bristleback;SabeRLight-;16;43,75%;2,49
Undying;SabeRLight-;16;68,75%;3,28
Broodmother;SabeRLight-;15;53,33%;3,95
Venomancer;SabeRLight-;15;53,33%;2,33
Dragon Knight;SabeRLight-;12;66,67%;2,58
Visage;SabeRLight-;12;66,67%;4,35
Viper;SabeRLight-;11;63,64%;3,06
Tiny;SabeRLight-;10;40,00%;2,52
Abaddon;SabeRLight-;10;50,00%;2,58
Undying;TORONTOTOKYO;55;63,64%;3,57
Magnus;TORONTOTOKYO;43;69,77%;6,45
Enchantress;TORONTOTOKYO;31;41,94%;2,42
Tiny;TORONTOTOKYO;28;71,43%;4,45
Mars;TORONTOTOKYO;28;53,57%;5,20
Dawnbreaker;TORONTOTOKYO;27;59,26%;4,28
Queen of Pain;TORONTOTOKYO;26;65,38%;8,41
Kunkka;TORONTOTOKYO;24;75,00%;6,90
Phoenix;TORONTOTOKYO;23;47,83%;3,08
Death Prophet;TORONTOTOKYO;23;69,57%;6,64
Pangolier;TORONTOTOKYO;22;45,45%;3,22
Enigma;TORONTOTOKYO;22;59,09%;3,25
Clockwerk;TORONTOTOKYO;22;63,64%;2,51
Tidehunter;TORONTOTOKYO;21;57,14%;4,39
Dark Seer;TORONTOTOKYO;17;70,59%;8,67
Centaur Warrunner;TORONTOTOKYO;17;47,06%;4,17
Spirit Breaker;TORONTOTOKYO;17;58,82%;2,84
Dragon Knight;TORONTOTOKYO;16;50,00%;4,11
Batrider;TORONTOTOKYO;15;40,00%;3,17
Leshrac;TORONTOTOKYO;15;53,33%;2,92
Elder Titan;TORONTOTOKYO;14;35,71%;3,16
Snapfire;TORONTOTOKYO;12;58,33%;6,00
Sand King;TORONTOTOKYO;12;33,33%;2,48
Earthshaker;TORONTOTOKYO;11;63,64%;4,02
Vengeful Spirit;TORONTOTOKYO;11;63,64%;2,24
Timbersaw;TORONTOTOKYO;11;45,45%;2,78
Viper;TORONTOTOKYO;10;60,00%;3,82
Doom;TORONTOTOKYO;10;30,00%;2,14
Bristleback;TORONTOTOKYO;10;50,00%;4,66
Enigma;Zai;93;70,97%;3,68
Beastmaster;Zai;80;68,75%;4,14
Sand King;Zai;72;65,28%;3,28
Dark Seer;Zai;65;66,15%;4,29
Pangolier;Zai;59;67,80%;4,12
Visage;Zai;59;69,49%;3,51
Clockwerk;Zai;56;64,29%;3,15
Batrider;Zai;53;81,13%;3,72
Nature's Prophet;Zai;51;64,71%;3,79
Mars;Zai;50;56,00%;3,03
Timbersaw;Zai;48;66,67%;3,70
Tidehunter;Zai;46;54,35%;3,63
Doom;Zai;43;60,47%;3,17
Centaur Warrunner;Zai;42;71,43%;3,60
Underlord;Zai;40;45,00%;2,98
Broodmother;Zai;38;68,42%;4,06
Magnus;Zai;37;54,05%;3,34
Kunkka;Zai;33;66,67%;3,72
Elder Titan;Zai;32;71,88%;3,87
Necrophos;Zai;30;76,67%;3,74
Axe;Zai;30;43,33%;2,28
Slardar;Zai;29;72,41%;2,98
Vengeful Spirit;Zai;25;76,00%;2,96
Leshrac;Zai;24;66,67%;2,67
Earthshaker;Zai;23;60,87%;2,92
Brewmaster;Zai;22;63,64%;3,84
Undying;Zai;21;66,67%;3,47
Dragon Knight;Zai;21;61,90%;3,86
Wraith King;Zai;21;85,71%;4,78
Bristleback;Zai;20;80,00%;2,90
Legion Commander;Zai;20;65,00%;3,57
Lycan;Zai;19;73,68%;9,34
Death Prophet;Zai;19;73,68%;5,94
Omniknight;Zai;19;63,16%;3,17
Spirit Breaker;Zai;19;68,42%;3,58
Pudge;Zai;19;68,42%;1,97
Treant Protector;Zai;16;62,50%;3,24
Tiny;Zai;15;66,67%;4,06
Razor;Zai;15;66,67%;3,01
Dazzle;Zai;14;71,43%;4,02
Night Stalker;Zai;14;71,43%;3,83
Abaddon;Zai;13;92,31%;4,14
Phoenix;Zai;11;72,73%;3,48
Rubick;9Class;76;69,74%;3,45
Batrider;9Class;62;67,74%;3,14
Dark Willow;9Class;53;64,15%;2,58
Techies;9Class;49;65,31%;2,57
Keeper of the Light;9Class;48;72,92%;3,83
Monkey King;9Class;46;71,74%;3,06
Marci;9Class;41;68,29%;2,69
Slark;9Class;29;79,31%;3,14
Nyx Assassin;9Class;28;64,29%;2,10
Tusk;9Class;25;48,00%;2,38
Muerta;9Class;23;43,48%;2,27
Tiny;9Class;21;42,86%;2,09
Clockwerk;9Class;19;57,89%;2,20
Ringmaster;9Class;18;66,67%;3,48
Leshrac;9Class;18;77,78%;2,21
Tinker;9Class;17;64,71%;3,16
Spirit Breaker;9Class;15;60,00%;2,29
Shadow Shaman;9Class;15;66,67%;1,96
Shadow Demon;9Class;15;66,67%;2,66
Hoodwink;9Class;15;60,00%;4,02
Terrorblade;9Class;14;78,57%;2,65
Io;9Class;14;78,57%;3,45
Lion;9Class;12;41,67%;1,67
Morphling;9Class;11;72,73%;3,35
Enchantress;9Class;11;72,73%;3,62
Pudge;9Class;10;70,00%;2,51
Skywrath Mage;9Class;10;40,00%;3,10
Skywrath Mage;Antares;86;58,14%;3,40
Techies;Antares;84;53,57%;2,70
Rubick;Antares;74;48,65%;3,03
Batrider;Antares;27;59,26%;3,29
Enchantress;Antares;25;40,00%;2,66
Snapfire;Antares;19;68,42%;4,10
Spirit Breaker;Antares;16;31,25%;2,57
Tiny;Antares;15;66,67%;2,94
Bounty Hunter;Antares;15;66,67%;3,06
Doom;Antares;15;66,67%;2,73
Shadow Demon;Antares;13;38,46%;2,52
Bane;Antares;12;58,33%;2,27
Tusk;Antares;12;41,67%;2,00
Grimstroke;Antares;12;41,67%;2,26
Hoodwink;Antares;12;33,33%;2,81
Dark Willow;Antares;11;45,45%;2,96
Muerta;Antares;10;30,00%;2,62
Clockwerk;Antares;10;60,00%;2,97
Tusk;Boxi;135;58,52%;2,51
Dark Willow;Boxi;87;63,22%;3,06
Batrider;Boxi;85;55,29%;3,08
Hoodwink;Boxi;82;57,32%;3,87
Tiny;Boxi;78;52,56%;3,06
Rubick;Boxi;69;63,77%;3,03
Mars;Boxi;69;55,07%;3,60
Marci;Boxi;60;55,00%;2,93
Clockwerk;Boxi;60;65,00%;3,02
Centaur Warrunner;Boxi;57;47,37%;3,27
Slardar;Boxi;56;66,07%;3,88
Muerta;Boxi;56;62,50%;2,86
Techies;Boxi;45;48,89%;2,77
Shadow Demon;Boxi;42;61,90%;3,37
Windranger;Boxi;38;52,63%;3,58
Mirana;Boxi;38;73,68%;5,35
Weaver;Boxi;36;63,89%;4,09
Snapfire;Boxi;35;42,86%;3,62
Io;Boxi;33;69,70%;5,30
Spirit Breaker;Boxi;31;51,61%;2,48
Lion;Boxi;30;56,67%;2,14
Shadow Shaman;Boxi;29;48,28%;1,98
Skywrath Mage;Boxi;26;57,69%;3,42
Earthshaker;Boxi;24;58,33%;2,91
Nyx Assassin;Boxi;23;60,87%;2,21
Keeper of the Light;Boxi;22;50,00%;2,83
Pugna;Boxi;21;47,62%;3,22
Earth Spirit;Boxi;18;72,22%;2,77
Nature's Prophet;Boxi;14;71,43%;4,07
Bounty Hunter;Boxi;13;61,54%;2,31
Abaddon;Boxi;12;50,00%;3,42
Ringmaster;Boxi;12;58,33%;3,10
Pudge;Boxi;11;36,36%;2,15
Rubick;Cr1t-;203;54,19%;3,09
Hoodwink;Cr1t-;173;62,43%;4,30
Earth Spirit;Cr1t-;164;64,02%;3,48
Tusk;Cr1t-;164;64,63%;3,04
Io;Cr1t-;131;62,60%;2,39
Tiny;Cr1t-;100;68,00%;3,49
Shadow Demon;Cr1t-;100;62,00%;3,06
Lion;Cr1t-;86;66,28%;2,32
Earthshaker;Cr1t-;72;62,50%;3,37
Snapfire;Cr1t-;71;71,83%;4,47
Shadow Shaman;Cr1t-;65;56,92%;2,02
Batrider;Cr1t-;63;63,49%;3,33
Dark Willow;Cr1t-;63;55,56%;3,77
Clockwerk;Cr1t-;55;63,64%;2,93
Mirana;Cr1t-;54;72,22%;6,53
Skywrath Mage;Cr1t-;51;66,67%;3,11
Muerta;Cr1t-;47;59,57%;3,04
Vengeful Spirit;Cr1t-;46;58,70%;2,42
Ringmaster;Cr1t-;45;62,22%;3,34
Bounty Hunter;Cr1t-;44;61,36%;3,25
Nyx Assassin;Cr1t-;42;61,90%;2,39
Windranger;Cr1t-;37;40,54%;3,40
Elder Titan;Cr1t-;37;64,86%;3,64
Spirit Breaker;Cr1t-;35;74,29%;3,77
Bane;Cr1t-;33;51,52%;2,16
Jakiro;Cr1t-;32;68,75%;2,88
Crystal Maiden;Cr1t-;31;58,06%;2,71
Winter Wyvern;Cr1t-;29;72,41%;3,36
Lina;Cr1t-;29;65,52%;2,81
Disruptor;Cr1t-;28;57,14%;3,98
Dazzle;Cr1t-;27;55,56%;2,62
Enchantress;Cr1t-;24;37,50%;2,37
Grimstroke;Cr1t-;23;60,87%;3,37
Weaver;Cr1t-;23;73,91%;3,94
Keeper of the Light;Cr1t-;22;40,91%;2,44
Techies;Cr1t-;21;23,81%;2,58
Oracle;Cr1t-;19;63,16%;2,83
Chen;Cr1t-;19;47,37%;3,03
Puck;Cr1t-;18;50,00%;4,00
Marci;Cr1t-;18;66,67%;3,31
Phoenix;Cr1t-;17;47,06%;2,78
Leshrac;Cr1t-;17;52,94%;2,10
Enigma;Cr1t-;17;58,82%;3,00
Magnus;Cr1t-;14;57,14%;3,20
Treant Protector;Cr1t-;14;64,29%;2,91
Naga Siren;Cr1t-;13;53,85%;3,63
Warlock;Cr1t-;13;84,62%;3,41
Ancient Apparition;Cr1t-;11;36,36%;2,00
Largo;Cr1t-;11;54,55%;3,67
Pudge;Cr1t-;10;70,00%;3,00
Io;GH;184;60,87%;3,17
Phoenix;GH;143;58,74%;3,63
Keeper of the Light;GH;123;59,35%;2,98
Rubick;GH;113;58,41%;3,10
Tusk;GH;109;51,38%;2,56
Elder Titan;GH;103;59,22%;3,89
Earth Spirit;GH;100;60,00%;3,07
Earthshaker;GH;91;61,54%;2,68
Clockwerk;GH;65;60,00%;3,10
Nyx Assassin;GH;49;71,43%;2,76
Dark Willow;GH;47;55,32%;3,52
Pugna;GH;39;51,28%;2,64
Slardar;GH;34;67,65%;2,72
Dazzle;GH;34;52,94%;2,95
Winter Wyvern;GH;31;64,52%;3,74
Disruptor;GH;30;53,33%;3,58
Naga Siren;GH;29;68,97%;4,82
Mirana;GH;29;58,62%;4,46
Shadow Demon;GH;22;22,73%;2,55
Silencer;GH;21;61,90%;4,20
Shadow Shaman;GH;21;61,90%;2,45
Night Stalker;GH;21;76,19%;3,29
Jakiro;GH;20;35,00%;2,41
Bane;GH;19;57,89%;2,55
Skywrath Mage;GH;18;38,89%;3,09
Tiny;GH;17;35,29%;2,02
Magnus;GH;17;64,71%;2,68
Ancient Apparition;GH;16;62,50%;3,52
Zeus;GH;14;42,86%;3,61
Warlock;GH;13;61,54%;3,39
Batrider;GH;12;33,33%;2,06
Crystal Maiden;GH;12;41,67%;2,70
Techies;GH;12;50,00%;2,42
Lion;GH;11;54,55%;2,82
Pudge;GH;10;70,00%;2,08
Rubick;Mira;136;63,24%;2,81
Hoodwink;Mira;121;58,68%;2,92
Lion;Mira;99;68,69%;2,31
Dark Willow;Mira;96;67,71%;2,97
Shadow Demon;Mira;80;66,25%;2,68
Tusk;Mira;79;54,43%;2,11
Snapfire;Mira;70;64,29%;2,72
Tiny;Mira;62;58,06%;2,38
Mirana;Mira;62;69,35%;4,50
Shadow Shaman;Mira;56;62,50%;2,02
Clockwerk;Mira;34;55,88%;2,16
Techies;Mira;31;38,71%;1,99
Skywrath Mage;Mira;30;73,33%;3,13
Nyx Assassin;Mira;29;65,52%;2,14
Phoenix;Mira;27;70,37%;3,71
Io;Mira;26;61,54%;3,54
Grimstroke;Mira;26;65,38%;3,00
Batrider;Mira;25;56,00%;2,04
Marci;Mira;23;34,78%;1,55
Riki;Mira;18;66,67%;3,31
Ringmaster;Mira;16;68,75%;2,47
Bane;Mira;15;66,67%;2,25
Keeper of the Light;Mira;14;71,43%;3,58
Weaver;Mira;14;85,71%;4,64
Pugna;Mira;11;72,73%;2,84
Spirit Breaker;Mira;11;54,55%;2,28
Jakiro;Mira;10;50,00%;1,94
Queen of Pain;Nine;42;52,38%;5,11
Zeus;Nine;41;63,41%;5,92
Invoker;Nine;40;42,50%;3,99
Earth Spirit;Nine;27;59,26%;3,44
Tiny;Nine;24;58,33%;3,33
Batrider;Nine;23;60,87%;5,28
Tusk;Nine;15;60,00%;3,29
Mirana;Nine;12;50,00%;5,97
Death Prophet;Nine;12;41,67%;2,86
Pugna;Nine;12;50,00%;3,78
Spirit Breaker;Nine;11;81,82%;4,04
Leshrac;Nine;11;45,45%;3,43
Riki;Nine;11;63,64%;4,51
Keeper of the Light;Nine;10;80,00%;10,00
Snapfire;Nine;10;70,00%;7,22
Chen;RodjER;73;68,49%;3,70
Nyx Assassin;RodjER;58;65,52%;2,16
Enchantress;RodjER;56;55,36%;2,39
Earthshaker;RodjER;54;64,81%;2,58
Io;RodjER;53;64,15%;2,82
Earth Spirit;RodjER;50;54,00%;2,24
Phoenix;RodjER;49;38,78%;2,35
Sand King;RodjER;46;67,39%;2,65
Tiny;RodjER;41;60,98%;2,44
Shadow Shaman;RodjER;39;56,41%;1,85
Clockwerk;RodjER;38;52,63%;1,86
Dark Willow;RodjER;38;63,16%;3,40
Shadow Demon;RodjER;36;41,67%;1,95
Elder Titan;RodjER;36;47,22%;2,78
Tusk;RodjER;33;57,58%;2,25
Rubick;RodjER;31;25,81%;1,92
Skywrath Mage;RodjER;29;72,41%;3,10
Enigma;RodjER;24;58,33%;3,25
Lina;RodjER;22;63,64%;2,89
Spirit Breaker;RodjER;19;68,42%;2,59
Night Stalker;RodjER;18;61,11%;3,30
Disruptor;RodjER;17;35,29%;2,35
Grimstroke;RodjER;17;41,18%;2,25
Winter Wyvern;RodjER;17;64,71%;2,44
Kunkka;RodjER;17;64,71%;3,71
Slardar;RodjER;16;37,50%;1,97
Mirana;RodjER;15;46,67%;3,42
Weaver;RodjER;15;66,67%;2,70
Crystal Maiden;RodjER;14;50,00%;1,92
Pangolier;RodjER;14;57,14%;3,25
Hoodwink;RodjER;13;53,85%;3,18
Sven;RodjER;12;91,67%;4,11
Treant Protector;RodjER;12;50,00%;1,95
Ancient Apparition;RodjER;12;50,00%;2,58
Pudge;RodjER;11;36,36%;1,71
Riki;RodjER;11;45,45%;2,52
Lion;RodjER;11;36,36%;1,75
Naga Siren;RodjER;10;40,00%;2,61
Undying;RodjER;10;50,00%;2,31
Batrider;RodjER;10;60,00%;2,42
Marci;RodjER;10;60,00%;2,06
Hoodwink;rue;72;61,11%;4,17
Muerta;rue;56;58,93%;3,38
Dark Willow;rue;47;63,83%;3,43
Tusk;rue;43;53,49%;2,66
Lion;rue;39;58,97%;2,63
Rubick;rue;33;45,45%;2,95
Shadow Demon;rue;32;50,00%;2,65
Bounty Hunter;rue;31;74,19%;3,83
Batrider;rue;29;65,52%;2,99
Ringmaster;rue;28;64,29%;4,19
Shadow Shaman;rue;21;52,38%;1,87
Snapfire;rue;20;55,00%;3,73
Clockwerk;rue;20;55,00%;2,78
Techies;rue;19;31,58%;2,08
Grimstroke;rue;16;62,50%;3,65
Riki;rue;15;73,33%;3,10
Spirit Breaker;rue;15;40,00%;2,78
Keeper of the Light;rue;12;75,00%;4,57
Bane;rue;11;90,91%;2,80
Pugna;rue;11;63,64%;2,68
Nyx Assassin;rue;10;50,00%;2,11
Tusk;Saksa;116;63,79%;3,07
Shadow Demon;Saksa;109;65,14%;3,06
Rubick;Saksa;108;49,07%;2,58
Shadow Shaman;Saksa;87;70,11%;2,58
Tiny;Saksa;85;57,65%;2,67
Keeper of the Light;Saksa;85;60,00%;3,56
Hoodwink;Saksa;57;68,42%;4,28
Lion;Saksa;56;55,36%;2,09
Phoenix;Saksa;51;56,86%;3,74
Windranger;Saksa;51;62,75%;4,09
Batrider;Saksa;51;60,78%;3,04
Nyx Assassin;Saksa;48;64,58%;2,68
Clockwerk;Saksa;44;61,36%;2,55
Winter Wyvern;Saksa;43;69,77%;3,06
Snapfire;Saksa;42;64,29%;3,18
Earth Spirit;Saksa;38;55,26%;2,47
Mirana;Saksa;38;57,89%;4,03
Earthshaker;Saksa;36;52,78%;2,91
Bounty Hunter;Saksa;34;70,59%;2,80
Vengeful Spirit;Saksa;33;60,61%;2,47
Elder Titan;Saksa;32;71,88%;3,96
Dark Willow;Saksa;30;43,33%;2,98
Muerta;Saksa;30;56,67%;2,34
Dazzle;Saksa;30;50,00%;2,54
Marci;Saksa;27;51,85%;1,97
Night Stalker;Saksa;26;65,38%;2,71
Doom;Saksa;25;68,00%;2,79
Witch Doctor;Saksa;24;37,50%;2,09
Riki;Saksa;24;70,83%;3,51
Pugna;Saksa;23;52,17%;2,41
Warlock;Saksa;21;47,62%;2,71
Monkey King;Saksa;21;57,14%;2,71
Weaver;Saksa;21;61,90%;3,23
Lina;Saksa;20;45,00%;2,32
Enigma;Saksa;18;66,67%;3,90
Oracle;Saksa;17;47,06%;2,91
Pangolier;Saksa;17;47,06%;2,34
Crystal Maiden;Saksa;16;62,50%;3,63
Disruptor;Saksa;16;37,50%;2,66
Slark;Saksa;16;68,75%;2,60
Treant Protector;Saksa;15;73,33%;3,47
Grimstroke;Saksa;14;42,86%;3,44
Spirit Breaker;Saksa;12;66,67%;3,16
Nature's Prophet;Saksa;12;58,33%;4,03
Bane;Saksa;12;50,00%;2,43
Undying;Saksa;11;72,73%;3,08
Io;Saksa;10;40,00%;2,15
Ancient Apparition;Saksa;10;60,00%;3,54
Enchantress;Saksa;10;70,00%;4,71
Sand King;Saksa;10;60,00%;2,97
Hoodwink;Save-;96;60,42%;5,06
Shadow Demon;Save-;95;55,79%;3,67
Rubick;Save-;95;63,16%;3,86
Muerta;Save-;94;62,77%;4,23
Lion;Save-;93;56,99%;2,72
Keeper of the Light;Save-;69;69,57%;5,67
Shadow Shaman;Save-;65;58,46%;2,53
Windranger;Save-;64;59,38%;4,65
Techies;Save-;58;63,79%;3,70
Batrider;Save-;57;54,39%;3,25
Dark Willow;Save-;55;54,55%;3,20
Tiny;Save-;48;56,25%;2,77
Pugna;Save-;48;60,42%;3,37
Enchantress;Save-;46;52,17%;3,03
Ringmaster;Save-;44;65,91%;6,25
Grimstroke;Save-;43;65,12%;4,11
Phoenix;Save-;33;63,64%;4,06
Bane;Save-;24;66,67%;2,99
Bounty Hunter;Save-;23;47,83%;2,78
Lina;Save-;20;55,00%;3,12
Skywrath Mage;Save-;20;45,00%;3,11
Tusk;Save-;18;38,89%;2,07
Mirana;Save-;13;84,62%;12,19
Io;Save-;12;58,33%;2,79
Marci;Save-;12;66,67%;3,25
Pudge;Save-;10;60,00%;2,98
Rubick;Thiolicor;99;44,44%;2,58
Tusk;Thiolicor;63;44,44%;2,28
Mirana;Thiolicor;62;58,06%;4,45
Hoodwink;Thiolicor;58;63,79%;3,67
Lion;Thiolicor;55;43,64%;2,04
Clockwerk;Thiolicor;53;49,06%;2,09
Tiny;Thiolicor;51;56,86%;2,55
Spirit Breaker;Thiolicor;41;60,98%;3,12
Nyx Assassin;Thiolicor;41;63,41%;2,24
Keeper of the Light;Thiolicor;40;45,00%;2,85
Dark Willow;Thiolicor;39;66,67%;2,97
Shadow Demon;Thiolicor;38;50,00%;2,99
Shadow Shaman;Thiolicor;37;48,65%;2,40
Snapfire;Thiolicor;29;41,38%;2,89
Earthshaker;Thiolicor;29;58,62%;2,77
Bounty Hunter;Thiolicor;29;62,07%;2,67
Batrider;Thiolicor;29;55,17%;2,78
Elder Titan;Thiolicor;24;75,00%;3,45
Sand King;Thiolicor;23;52,17%;2,23
Earth Spirit;Thiolicor;23;43,48%;2,40
Techies;Thiolicor;22;54,55%;2,63
Grimstroke;Thiolicor;22;59,09%;3,02
Jakiro;Thiolicor;21;76,19%;4,22
Windranger;Thiolicor;19;47,37%;2,74
Night Stalker;Thiolicor;16;75,00%;3,04
Marci;Thiolicor;16;75,00%;2,38
Skywrath Mage;Thiolicor;16;62,50%;3,54
Phoenix;Thiolicor;13;38,46%;3,43
Muerta;Thiolicor;13;53,85%;3,47
Weaver;Thiolicor;11;36,36%;2,64
Riki;Thiolicor;10;50,00%;2,52
Rubick;tOfu;89;62,92%;3,68
Muerta;tOfu;77;61,04%;3,57
Mirana;tOfu;73;61,64%;4,36
Hoodwink;tOfu;56;55,36%;3,41
Snapfire;tOfu;47;53,19%;3,22
Tusk;tOfu;44;45,45%;2,28
Disruptor;tOfu;42;66,67%;3,92
Techies;tOfu;41;65,85%;3,15
Batrider;tOfu;41;60,98%;3,63
Keeper of the Light;tOfu;39;56,41%;2,69
Clockwerk;tOfu;39;64,10%;3,03
Weaver;tOfu;38;63,16%;3,36
Dark Willow;tOfu;36;52,78%;3,63
Shadow Demon;tOfu;35;51,43%;2,61
Grimstroke;tOfu;34;61,76%;3,32
Bane;tOfu;32;62,50%;2,38
Lion;tOfu;31;51,61%;2,40
Warlock;tOfu;30;63,33%;3,64
Phoenix;tOfu;30;50,00%;3,07
Jakiro;tOfu;26;65,38%;3,06
Oracle;tOfu;21;61,90%;3,56
Winter Wyvern;tOfu;21;61,90%;2,60
Pugna;tOfu;20;55,00%;3,20
Shadow Shaman;tOfu;20;50,00%;1,76
Skywrath Mage;tOfu;20;70,00%;2,96
Crystal Maiden;tOfu;20;65,00%;3,45
Tiny;tOfu;19;42,11%;2,51
Treant Protector;tOfu;19;52,63%;2,93
Marci;tOfu;18;50,00%;2,67
Ancient Apparition;tOfu;18;44,44%;2,70
Silencer;tOfu;17;70,59%;4,64
Witch Doctor;tOfu;16;50,00%;2,07
Gyrocopter;tOfu;15;66,67%;3,24
Earthshaker;tOfu;15;40,00%;3,14
Ringmaster;tOfu;14;42,86%;2,64
Largo;tOfu;13;61,54%;3,62
Windranger;tOfu;12;33,33%;2,69
Nyx Assassin;tOfu;12;66,67%;3,42
Bounty Hunter;tOfu;12;33,33%;2,43
Nature's Prophet;tOfu;12;50,00%;2,41
Naga Siren;tOfu;11;54,55%;3,56
Mirana;XinQ;116;58,62%;5,51
Rubick;XinQ;105;48,57%;3,19
Earthshaker;XinQ;76;63,16%;3,18
Tusk;XinQ;68;63,24%;2,60
Snapfire;XinQ;64;71,88%;4,63
Tiny;XinQ;57;57,89%;2,78
Dark Willow;XinQ;54;59,26%;2,94
Shadow Shaman;XinQ;48;64,58%;2,47
Shadow Demon;XinQ;46;73,91%;4,48
Windranger;XinQ;44;52,27%;3,35
Grimstroke;XinQ;42;66,67%;3,74
Earth Spirit;XinQ;42;66,67%;3,25
Nyx Assassin;XinQ;41;51,22%;1,92
Hoodwink;XinQ;40;52,50%;3,57
Skywrath Mage;XinQ;39;56,41%;3,92
Winter Wyvern;XinQ;39;61,54%;2,78
Ember Spirit;XinQ;37;56,76%;4,46
Pangolier;XinQ;36;58,33%;3,32
Io;XinQ;35;68,57%;3,58
Slark;XinQ;33;63,64%;5,28
Lina;XinQ;32;59,38%;3,07
Clockwerk;XinQ;30;50,00%;2,95
Marci;XinQ;27;70,37%;3,23
Phoenix;XinQ;26;61,54%;4,21
Monkey King;XinQ;25;76,00%;2,84
Batrider;XinQ;23;52,17%;3,44
Invoker;XinQ;22;45,45%;4,56
Storm Spirit;XinQ;21;42,86%;3,81
Lion;XinQ;21;52,38%;2,24
Techies;XinQ;20;60,00%;2,56
Keeper of the Light;XinQ;20;75,00%;5,31
Zeus;XinQ;18;50,00%;4,73
Queen of Pain;XinQ;18;44,44%;4,00
Weaver;XinQ;18;66,67%;4,38
Timbersaw;XinQ;18;61,11%;3,22
Faceless Void;XinQ;17;70,59%;4,01
Juggernaut;XinQ;17;58,82%;3,55
Morphling;XinQ;16;75,00%;5,06
Tinker;XinQ;15;33,33%;2,71
Gyrocopter;XinQ;15;60,00%;4,24
Jakiro;XinQ;14;64,29%;2,53
Clinkz;XinQ;14;64,29%;2,85
Sand King;XinQ;13;61,54%;3,43
Spirit Breaker;XinQ;13;53,85%;3,82
Elder Titan;XinQ;12;83,33%;5,33
Venomancer;XinQ;11;63,64%;4,18
Muerta;XinQ;11;72,73%;3,20
Leshrac;XinQ;10;50,00%;1,98
Ursa;XinQ;10;60,00%;4,85
Pugna;XinQ;10;60,00%;3,02
Rubick;YapzOr;242;64,46%;4,88
Earthshaker;YapzOr;144;60,42%;4,37
Earth Spirit;YapzOr;77;55,84%;3,84
Nyx Assassin;YapzOr;52;65,38%;3,83
Enigma;YapzOr;50;74,00%;4,84
Clockwerk;YapzOr;47;70,21%;4,65
Mirana;YapzOr;45;62,22%;6,50
Tusk;YapzOr;38;71,05%;3,96
Skywrath Mage;YapzOr;36;52,78%;3,45
Lion;YapzOr;33;57,58%;2,99
Elder Titan;YapzOr;33;63,64%;6,15
Io;YapzOr;32;56,25%;3,83
Tiny;YapzOr;29;72,41%;4,41
Sand King;YapzOr;25;72,00%;4,44
Witch Doctor;YapzOr;24;66,67%;4,36
Night Stalker;YapzOr;24;33,33%;3,42
Kunkka;YapzOr;21;52,38%;3,88
Windranger;YapzOr;20;60,00%;7,59
Zeus;YapzOr;18;61,11%;5,83
Winter Wyvern;YapzOr;17;64,71%;4,33
Lina;YapzOr;16;31,25%;2,41
Dark Willow;YapzOr;15;73,33%;4,85
Slardar;YapzOr;14;57,14%;3,71
Shadow Shaman;YapzOr;14;50,00%;1,93
Void Spirit;YapzOr;14;85,71%;7,19
Snapfire;YapzOr;13;69,23%;4,93
Crystal Maiden;YapzOr;13;92,31%;4,94
Phoenix;YapzOr;12;50,00%;3,68
Monkey King;YapzOr;11;63,64%;2,93
Vengeful Spirit;YapzOr;10;50,00%;2,74
Jakiro;YapzOr;10;60,00%;4,95
Bane;YapzOr;10;60,00%;2,10
Shadow Demon;Zayac;99;64,65%;2,67
Earth Spirit;Zayac;95;50,53%;2,54
Nyx Assassin;Zayac;89;65,17%;2,51
Bane;Zayac;63;61,90%;2,18
Shadow Shaman;Zayac;59;50,85%;1,81
Treant Protector;Zayac;56;62,50%;3,00
Tusk;Zayac;54;53,70%;2,12
Doom;Zayac;53;71,70%;3,17
Dark Willow;Zayac;51;52,94%;2,67
Earthshaker;Zayac;51;52,94%;2,73
Rubick;Zayac;51;56,86%;3,26
Techies;Zayac;46;34,78%;1,91
Clockwerk;Zayac;45;48,89%;2,16
Phoenix;Zayac;44;47,73%;2,97
Snapfire;Zayac;44;59,09%;2,86
Elder Titan;Zayac;43;51,16%;3,08
Disruptor;Zayac;37;59,46%;2,75
Chen;Zayac;37;56,76%;2,62
Lion;Zayac;36;47,22%;2,05
Hoodwink;Zayac;31;41,94%;2,71
Tiny;Zayac;31;48,39%;2,11
Batrider;Zayac;26;57,69%;2,63
Enchantress;Zayac;24;45,83%;2,34
Bounty Hunter;Zayac;23;56,52%;2,65
Keeper of the Light;Zayac;20;60,00%;3,13
Enigma;Zayac;18;55,56%;3,30
Riki;Zayac;17;47,06%;2,17
Marci;Zayac;17;52,94%;2,81
Spirit Breaker;Zayac;16;50,00%;2,63
Mirana;Zayac;15;53,33%;3,97
Jakiro;Zayac;14;64,29%;2,31
Winter Wyvern;Zayac;14;57,14%;2,54
Weaver;Zayac;13;61,54%;3,25
Ancient Apparition;Zayac;13;53,85%;2,94
Dazzle;Zayac;13;46,15%;1,96
Pugna;Zayac;11;54,55%;2,22
Magnus;Zayac;10;60,00%;3,00
Grimstroke;Zayac;10;50,00%;2,43

Hero;Player;Total Count;Winrate;Avg. KAL
Morphling;Monet;130;53,85%;5,96
Lone Druid;MATUMBAMAN;127;66,93%;5,63
Morphling;23savage;115;56,52%;4,90
Faceless Void;Monet;113;61,06%;6,97
Terrorblade;Monet;101;48,51%;4,83
Gyrocopter;Monet;99;63,64%;5,93
Lifestealer;Monet;88;59,09%;6,89
Terrorblade;TA2000;85;50,59%;5,89
Faceless Void;23savage;79;69,62%;5,36
Gyrocopter;MATUMBAMAN;78;58,97%;4,49
Lifestealer;MATUMBAMAN;77;57,14%;4,93
Juggernaut;Monet;77;44,16%;4,76
Troll Warlord;Monet;75;52,00%;4,21
Ursa;Monet;73;65,75%;4,73
Faceless Void;TA2000;73;58,90%;6,52
Medusa;23savage;72;59,72%;4,73
Medusa;Smiling Knight;71;61,97%;5,76
Luna;Monet;69;57,97%;5,17
Lycan;MATUMBAMAN;68;69,12%;5,84
Ursa;MATUMBAMAN;68;70,59%;4,71
Monkey King;Monet;66;66,67%;5,25
Weaver;Monet;62;51,61%;6,85
Morphling;Shiro;62;37,10%;4,50
Terrorblade;Kiritych~;62;46,77%;4,24
Terrorblade;23savage;61;49,18%;4,00
Lifestealer;Kiritych~;59;64,41%;5,90
Slark;Monet;59;49,15%;5,65
Sven;Monet;59;54,24%;5,68
Luna;TA2000;58;56,90%;5,47
Terrorblade;Smiling Knight;57;52,63%;5,05
Slark;MATUMBAMAN;57;57,89%;5,00
Drow Ranger;Monet;56;62,50%;4,90
Medusa;Shiro;55;60,00%;4,95
Morphling;TA2000;54;57,41%;6,45
Medusa;TA2000;54;64,81%;7,94
Templar Assassin;TA2000;53;58,49%;5,13
Gyrocopter;Shiro;53;66,04%;5,58
Ursa;Shiro;51;56,86%;5,50
Juggernaut;TA2000;50;54,00%;5,47
Bristleback;Smiling Knight;50;64,00%;4,96
Phantom Lancer;Monet;50;54,00%;5,60
Anti-Mage;Monet;49;55,10%;6,44
Terrorblade;Shiro;49;51,02%;4,70
Gyrocopter;Kiritych~;49;63,27%;5,30
Wraith King;Monet;48;60,42%;6,29
Chaos Knight;Monet;48;56,25%;4,93
Medusa;Monet;47;61,70%;6,51
Naga Siren;TA2000;47;63,83%;8,06
Juggernaut;MATUMBAMAN;47;63,83%;4,85
Monkey King;23savage;47;61,70%;4,78
Sven;Kiritych~;46;50,00%;3,94
Templar Assassin;gotthejuice;46;63,04%;5,01
Alchemist;Kiritych~;45;51,11%;5,09
Lifestealer;TA2000;45;46,67%;4,98
Monkey King;MATUMBAMAN;44;70,45%;5,12
Drow Ranger;MATUMBAMAN;43;67,44%;4,27
Slark;23savage;41;65,85%;5,24
Monkey King;Kiritych~;41;48,78%;4,05
Viper;MATUMBAMAN;41;75,61%;4,02
Spectre;Monet;40;45,00%;6,13
Templar Assassin;Shiro;40;45,00%;4,02
Gyrocopter;23savage;40;50,00%;4,14
Phantom Assassin;Monet;40;40,00%;4,38
Medusa;Kiritych~;40;57,50%;4,70
Broodmother;MATUMBAMAN;40;77,50%;5,70
Dragon Knight;Monet;39;69,23%;5,49
Ursa;Kiritych~;39;43,59%;3,88
Razor;MATUMBAMAN;38;55,26%;3,20
Ursa;Smiling Knight;38;57,89%;5,07
Templar Assassin;Smiling Knight;37;37,84%;4,02
Phantom Assassin;TA2000;37;48,65%;5,76
Lifestealer;23savage;36;66,67%;5,91
Gyrocopter;TA2000;35;40,00%;4,00
Ursa;gotthejuice;35;51,43%;3,89
Anti-Mage;MATUMBAMAN;35;74,29%;5,45
Morphling;Kiritych~;35;48,57%;4,80
Luna;23savage;35;45,71%;3,70
Drow Ranger;TA2000;35;65,71%;6,19
Troll Warlord;Smiling Knight;34;50,00%;3,83
Wraith King;23savage;34;67,65%;5,52
Weaver;TA2000;34;58,82%;8,20
Nature's Prophet;Smiling Knight;34;55,88%;5,18
Spectre;23savage;34;47,06%;5,66
Templar Assassin;Monet;34;58,82%;6,58
Morphling;MATUMBAMAN;33;60,61%;4,68
Gyrocopter;Smiling Knight;33;54,55%;4,31
Faceless Void;Shiro;33;45,45%;4,79
Phantom Lancer;MATUMBAMAN;33;63,64%;5,48
Morphling;Smiling Knight;32;46,88%;4,12
Troll Warlord;MATUMBAMAN;32;53,12%;4,50
Windranger;TA2000;32;50,00%;5,40
Faceless Void;MATUMBAMAN;32;65,62%;5,29
Naga Siren;Monet;32;53,12%;5,51
Monkey King;Smiling Knight;32;59,38%;6,55
Kez;Kiritych~;32;75,00%;5,66
Faceless Void;Smiling Knight;31;41,94%;4,55
Phantom Assassin;MATUMBAMAN;31;54,84%;4,76
Bloodseeker;Monet;31;67,74%;6,15
Sven;Smiling Knight;31;45,16%;4,03
Luna;Smiling Knight;31;51,61%;4,11
Lifestealer;Smiling Knight;31;48,39%;4,94
Alchemist;23savage;31;61,29%;4,60
Ursa;23savage;30;50,00%;3,45
Sven;MATUMBAMAN;30;50,00%;3,76
Faceless Void;Kiritych~;30;63,33%;6,21
Tiny;Monet;30;60,00%;5,14
Slark;TA2000;30;56,67%;7,57
Kunkka;TA2000;30;46,67%;7,11
Phantom Lancer;23savage;30;66,67%;4,38
Muerta;Shiro;29;55,17%;4,80
Naga Siren;Shiro;29;58,62%;5,14
Phantom Assassin;23savage;29;41,38%;4,18
Luna;MATUMBAMAN;29;72,41%;5,25
Lifestealer;gotthejuice;29;48,28%;5,30
Gyrocopter;gotthejuice;29;51,72%;3,60
Spectre;MATUMBAMAN;28;57,14%;5,67
Bristleback;MATUMBAMAN;28;71,43%;5,68
Chaos Knight;Kiritych~;28;39,29%;3,87
Naga Siren;23savage;28;60,71%;5,79
Troll Warlord;23savage;28;60,71%;3,71
Tiny;TA2000;28;50,00%;5,28
Alchemist;Monet;28;50,00%;4,76
Drow Ranger;23savage;27;33,33%;2,68
Razor;Monet;27;66,67%;5,63
Tiny;Shiro;27;66,67%;4,67
Sven;gotthejuice;27;55,56%;4,37
Dragon Knight;Smiling Knight;26;57,69%;5,19
Juggernaut;Kiritych~;26;46,15%;4,47
Kunkka;Kiritych~;26;46,15%;6,11
Terrorblade;gotthejuice;26;38,46%;3,50
Bloodseeker;MATUMBAMAN;25;56,00%;3,96
Lifestealer;Shiro;25;56,00%;4,78
Alchemist;Shiro;25;40,00%;4,11
Anti-Mage;TA2000;25;52,00%;7,26
Nature's Prophet;TA2000;25;48,00%;5,09
Razor;23savage;25;60,00%;4,44
Phantom Assassin;Shiro;25;56,00%;5,58
Sven;23savage;24;58,33%;5,21
Wraith King;MATUMBAMAN;24;70,83%;5,02
Wraith King;Smiling Knight;24;54,17%;6,42
Shadow Fiend;Shiro;24;54,17%;3,99
Juggernaut;Smiling Knight;23;52,17%;4,47
Luna;Kiritych~;23;52,17%;4,70
Phantom Assassin;Smiling Knight;23;43,48%;4,43
Templar Assassin;Kiritych~;23;65,22%;5,47
Morphling;gotthejuice;23;39,13%;4,84
Anti-Mage;23savage;23;60,87%;4,66
Marci;Shiro;23;60,87%;5,47
Abaddon;Kiritych~;23;65,22%;7,20
Weaver;Shiro;22;72,73%;8,02
Spectre;Shiro;22;22,73%;4,08
Bristleback;23savage;22;40,91%;2,53
Clinkz;Monet;22;50,00%;5,47
Slark;Kiritych~;22;50,00%;5,28
Lycan;Monet;21;47,62%;5,30
Troll Warlord;Kiritych~;21;52,38%;4,15
Templar Assassin;23savage;21;52,38%;4,23
Slark;Smiling Knight;21;47,62%;6,73
Naga Siren;MATUMBAMAN;21;61,90%;5,61
Phantom Lancer;Smiling Knight;21;42,86%;4,57
Nature's Prophet;MATUMBAMAN;21;66,67%;4,67
Phantom Lancer;Shiro;21;61,90%;4,55
Luna;Shiro;21;52,38%;4,59
Anti-Mage;Shiro;21;71,43%;9,23
Bloodseeker;23savage;21;47,62%;2,85
Troll Warlord;Shiro;21;66,67%;5,19
Weaver;MATUMBAMAN;21;42,86%;5,30
Dragon Knight;gotthejuice;21;52,38%;4,87
Windranger;Shiro;20;55,00%;5,51
Alchemist;Smiling Knight;20;25,00%;3,00
Ursa;TA2000;20;55,00%;3,85
Bristleback;Monet;20;70,00%;5,38
Abaddon;gotthejuice;20;60,00%;6,07
Spectre;Smiling Knight;20;65,00%;7,84
Sniper;MATUMBAMAN;20;55,00%;4,26
Spectre;TA2000;19;47,37%;7,40
Arc Warden;Monet;19;73,68%;5,53
Clinkz;Shiro;19;68,42%;5,88
Wraith King;Shiro;19;42,11%;4,13
Sven;Shiro;19;42,11%;3,18
Terrorblade;MATUMBAMAN;18;55,56%;4,08
Shadow Fiend;TA2000;18;44,44%;3,28
Tiny;Kiritych~;18;61,11%;4,25
Drow Ranger;Smiling Knight;18;77,78%;7,13
Juggernaut;23savage;18;66,67%;6,26
Bloodseeker;TA2000;18;61,11%;8,70
Windranger;Kiritych~;17;70,59%;8,14
Bristleback;Kiritych~;17;58,82%;5,68
Monkey King;gotthejuice;17;29,41%;2,76
Medusa;MATUMBAMAN;17;58,82%;4,11
Lina;TA2000;17;58,82%;5,50
Phantom Assassin;Kiritych~;16;31,25%;3,50
Void Spirit;TA2000;16;68,75%;7,36
Magnus;TA2000;16;62,50%;4,86
Meepo;TA2000;16;62,50%;4,70
Alchemist;TA2000;16;50,00%;4,74
Sven;TA2000;16;43,75%;5,31
Muerta;Kiritych~;16;62,50%;4,53
Windranger;gotthejuice;16;62,50%;5,92
Doom;gotthejuice;16;62,50%;5,08
Medusa;gotthejuice;15;53,33%;5,32
Abaddon;TA2000;15;53,33%;4,60
Phantom Assassin;gotthejuice;15;33,33%;4,21
Tiny;MATUMBAMAN;15;66,67%;5,98
Windranger;23savage;15;33,33%;3,57
Tiny;Smiling Knight;15;46,67%;4,45
Tiny;23savage;15;60,00%;5,00
Shadow Fiend;Monet;15;40,00%;3,91
Drow Ranger;Shiro;15;53,33%;4,45
Dragon Knight;Kiritych~;15;40,00%;3,09
Bloodseeker;Smiling Knight;14;71,43%;5,80
Alchemist;MATUMBAMAN;14;64,29%;6,62
Weaver;Kiritych~;14;50,00%;5,10
Anti-Mage;Kiritych~;14;71,43%;5,10
Beastmaster;TA2000;14;42,86%;5,27
Dragon Knight;TA2000;14;57,14%;5,51
Lina;23savage;14;57,14%;4,60
Nature's Prophet;Monet;14;57,14%;5,34
Dragon Knight;23savage;14;57,14%;3,63
Troll Warlord;TA2000;14;35,71%;4,48
Faceless Void;gotthejuice;13;61,54%;6,55
Phantom Lancer;TA2000;13;53,85%;6,65
Monkey King;Shiro;13;61,54%;5,85
Windranger;Smiling Knight;13;53,85%;7,10
Naga Siren;Kiritych~;13;38,46%;4,72
Wraith King;TA2000;13;53,85%;7,31
Broodmother;gotthejuice;13;61,54%;6,70
Dragon Knight;MATUMBAMAN;13;69,23%;4,04
Naga Siren;Smiling Knight;12;58,33%;6,31
Kez;Shiro;12;66,67%;4,43
Nature's Prophet;Kiritych~;12;41,67%;4,08
Chaos Knight;Smiling Knight;12;41,67%;3,76
Pudge;MATUMBAMAN;12;75,00%;3,62
Windranger;Monet;12;41,67%;4,81
Drow Ranger;Kiritych~;11;45,45%;3,57
Razor;gotthejuice;11;45,45%;4,24
Juggernaut;gotthejuice;11;36,36%;3,97
Weaver;Smiling Knight;11;45,45%;7,07
Razor;TA2000;11;36,36%;3,40
Shadow Fiend;23savage;11;45,45%;3,20
Sniper;Smiling Knight;11;81,82%;6,40
Broodmother;Smiling Knight;10;40,00%;4,03
Clinkz;Smiling Knight;10;40,00%;3,27
Weaver;23savage;10;40,00%;3,60
Monkey King;TA2000;10;50,00%;4,36
Clinkz;23savage;10;50,00%;3,31
Bloodseeker;Shiro;10;80,00%;7,07
Shadow Fiend;Kiritych~;10;40,00%;2,63
Riki;Monet;10;50,00%;4,71
Spectre;Kiritych~;10;60,00%;6,06


Hero;Player;Total Count;Winrate;Avg. KAL
Tiny;Darkmago;161;60,87%;4,18
Invoker;Stormstormer;139;54,68%;5,06
Ember Spirit;Darkmago;136;61,03%;4,35
Kunkka;Darkmago;135;60,00%;4,54
Mars;Darkmago;130;61,54%;4,49
Invoker;W33;107;54,21%;4,02
Pangolier;Darkmago;95;49,47%;4,48
Ember Spirit;4nalog;85;55,29%;5,61
Puck;4nalog;81;50,62%;5,52
Pangolier;4nalog;75;46,67%;4,45
Invoker;Topson;74;60,81%;3,62
Storm Spirit;Darkmago;74;56,76%;4,26
Batrider;Darkmago;72;58,33%;4,71
Windranger;W33;71;54,93%;3,90
Lina;W33;68;48,53%;2,74
Puck;Stormstormer;68;51,47%;4,97
Meepo;W33;65;61,54%;3,39
Invoker;4nalog;63;41,27%;4,34
Monkey King;Topson;55;58,18%;3,31
Batrider;Stormstormer;55;69,09%;6,64
Queen of Pain;Stormstormer;54;66,67%;6,66
Pangolier;Stormstormer;53;52,83%;3,94
Batrider;W33;50;52,00%;3,42
Templar Assassin;W33;50;60,00%;3,93
Tiny;Stormstormer;50;52,00%;4,04
Puck;Topson;49;57,14%;4,42
Tiny;Topson;49;46,94%;2,95
Death Prophet;W33;46;54,35%;3,72
Earth Spirit;4nalog;44;43,18%;4,54
Leshrac;4nalog;43;53,49%;3,98
Ember Spirit;W33;43;58,14%;4,14
Queen of Pain;Darkmago;41;58,54%;4,72
Kunkka;4nalog;41;46,34%;5,28
Leshrac;Darkmago;41;63,41%;3,85
Ember Spirit;Stormstormer;40;47,50%;3,80
Ember Spirit;Topson;39;64,10%;4,16
Queen of Pain;4nalog;39;46,15%;4,67
Outworld Devourer;W33;39;56,41%;3,23
Pangolier;Topson;38;63,16%;3,27
Lina;Stormstormer;38;50,00%;3,38
Pugna;Topson;36;63,89%;3,00
Zeus;Topson;35;51,43%;3,80
Storm Spirit;4nalog;34;47,06%;4,13
Shadow Fiend;W33;33;63,64%;3,82
Storm Spirit;Stormstormer;33;45,45%;3,87
Puck;W33;33;45,45%;3,71
Razor;W33;32;56,25%;3,48
Morphling;Topson;31;67,74%;5,48
Sniper;Topson;31;64,52%;4,83
Arc Warden;Topson;31;45,16%;2,75
Void Spirit;4nalog;31;29,03%;3,21
Sand King;Darkmago;29;55,17%;4,09
Dragon Knight;Darkmago;29;51,72%;3,64
Alchemist;W33;29;62,07%;3,66
Viper;W33;29;55,17%;3,26
Tiny;W33;28;50,00%;3,08
Dragon Knight;W33;27;62,96%;3,28
Earthshaker;Darkmago;27;55,56%;3,89
Void Spirit;Topson;27;55,56%;3,10
Mirana;W33;26;57,69%;4,53
Visage;W33;26;46,15%;3,02
Batrider;4nalog;26;42,31%;3,66
Huskar;4nalog;26;53,85%;2,75
Earth Spirit;Stormstormer;25;64,00%;4,92
Viper;Darkmago;25;52,00%;3,75
Queen of Pain;W33;25;60,00%;5,22
Zeus;4nalog;24;50,00%;6,37
Dragon Knight;4nalog;24;58,33%;3,82
Zeus;Darkmago;24;58,33%;7,51
Tiny;4nalog;24;50,00%;3,65
Earth Spirit;Topson;23;56,52%;3,81
Windranger;Stormstormer;23;60,87%;4,94
Slardar;Darkmago;23;56,52%;4,90
Primal Beast;4nalog;23;65,22%;3,90
Storm Spirit;W33;23;26,09%;2,46
Zeus;W33;23;69,57%;4,37
Troll Warlord;Topson;22;77,27%;4,64
Visage;Stormstormer;22;63,64%;5,75
Ursa;W33;22;50,00%;2,98
Keeper of the Light;4nalog;21;66,67%;7,35
Timbersaw;W33;21;47,62%;2,69
Monkey King;4nalog;21;38,10%;4,22
Dragon Knight;Stormstormer;21;47,62%;2,97
Tinker;W33;21;57,14%;3,62
Pugna;Stormstormer;20;55,00%;5,59
Earthshaker;4nalog;20;60,00%;5,43
Death Prophet;4nalog;19;47,37%;3,80
Earth Spirit;W33;19;52,63%;2,90
Death Prophet;Stormstormer;19;52,63%;4,71
Leshrac;Stormstormer;19;47,37%;3,59
Lina;4nalog;19;52,63%;3,91
Invoker;Darkmago;18;50,00%;3,79
Windranger;Topson;18;66,67%;4,37
Void Spirit;W33;17;52,94%;3,74
Sniper;4nalog;16;43,75%;4,59
Snapfire;Topson;16;50,00%;3,56
Earth Spirit;Darkmago;16;62,50%;4,39
Alchemist;Darkmago;16;68,75%;4,67
Templar Assassin;Stormstormer;16;50,00%;5,58
Pugna;W33;15;46,67%;3,29
Leshrac;W33;15;60,00%;2,44
Shadow Fiend;4nalog;14;57,14%;4,50
Beastmaster;4nalog;14;78,57%;8,97
Razor;Topson;14;57,14%;2,86
Clinkz;Topson;14;50,00%;2,99
Gyrocopter;W33;13;61,54%;3,93
Huskar;W33;13;53,85%;2,35
Storm Spirit;Topson;13;61,54%;4,91
Slardar;4nalog;13;38,46%;5,04
Kunkka;Stormstormer;12;41,67%;3,37
Primal Beast;Stormstormer;12;50,00%;3,92
Outworld Devourer;Stormstormer;12;50,00%;2,92
Slark;W33;12;50,00%;3,82
Necrophos;W33;12;50,00%;2,30
Kunkka;W33;12;33,33%;2,59
Rubick;Topson;12;50,00%;3,41
Timbersaw;Darkmago;12;50,00%;3,65
Sand King;Topson;11;63,64%;4,11
Monkey King;W33;11;72,73%;3,32
Magnus;W33;11;45,45%;2,31
Templar Assassin;4nalog;11;63,64%;8,11
Timbersaw;4nalog;10;70,00%;8,95
Lone Druid;W33;10;60,00%;6,20
Monkey King;Stormstormer;10;60,00%;4,09
Primal Beast;Topson;10;50,00%;3,87
Pudge;4nalog;10;60,00%;5,00
Drow Ranger;Topson;10;50,00%;2,91
Vengeful Spirit;Topson;10;90,00%;4,04
Keeper of the Light;W33;10;30,00%;3,32
Riki;Topson;10;60,00%;4,55
Lina;Topson;10;60,00%;1,97

Hero;Player;Total Count;Winrate;Avg. KAL
Mars;Wisper;125;50,40%;3,75
Pangolier;No!ob;113;48,67%;4,39
Timbersaw;Wisper;109;58,72%;4,93
Batrider;Wisper;101;64,36%;5,26
Morphling;Pakazs;92;54,35%;5,55
Beastmaster;Wisper;89;56,18%;4,08
Timbersaw;Davai Lama;89;65,17%;4,53
Dark Seer;Wisper;83;57,83%;5,24
Magnus;Wisper;78;62,82%;4,15
Tidehunter;BOOM;74;62,16%;4,98
Earth Spirit;Jabz;69;56,52%;3,18
Timbersaw;Jabz;68;55,88%;4,52
Leshrac;Wisper;67;58,21%;3,01
Snapfire;No!ob;66;54,55%;5,97
Doom;Wisper;66;53,03%;3,93
Enigma;Wisper;65;52,31%;3,82
Mars;BOOM;62;56,45%;3,58
Beastmaster;Jabz;60;55,00%;3,78
Nature's Prophet;Jabz;59;67,80%;3,97
Tiny;No!ob;58;58,62%;4,55
Mars;Jabz;55;50,91%;3,79
Gyrocopter;Pakazs;55;60,00%;5,09
Mars;No!ob;55;52,73%;4,26
Phoenix;Jabz;55;56,36%;3,29
Beastmaster;No!ob;54;57,41%;3,70
Dark Seer;Davai Lama;52;48,08%;3,59
Brewmaster;Wisper;51;54,90%;3,71
Sven;Pakazs;50;60,00%;6,03
Primal Beast;No!ob;50;50,00%;4,24
Templar Assassin;Pakazs;49;67,35%;6,02
Winter Wyvern;Jabz;48;52,08%;2,11
Mars;Davai Lama;47;46,81%;3,06
Enigma;Jabz;47;59,57%;4,55
Monkey King;Pakazs;47;57,45%;4,47
Bristleback;No!ob;46;60,87%;3,36
Death Prophet;No!ob;46;41,30%;4,35
Centaur Warrunner;Wisper;46;47,83%;3,20
Enigma;Davai Lama;45;57,78%;3,37
Centaur Warrunner;Davai Lama;44;47,73%;3,41
Chaos Knight;Pakazs;44;59,09%;4,73
Faceless Void;Pakazs;44;56,82%;5,44
Pangolier;BOOM;44;50,00%;3,92
Medusa;Pakazs;43;55,81%;5,65
Luna;Pakazs;43;48,84%;4,31
Tidehunter;Wisper;43;53,49%;4,16
Terrorblade;Pakazs;43;51,16%;4,35
Dark Seer;Jabz;43;53,49%;4,68
Doom;Davai Lama;43;53,49%;3,55
Underlord;Davai Lama;43;65,12%;4,01
Tiny;BOOM;42;45,24%;3,47
Clockwerk;Jabz;42;61,90%;2,89
Phoenix;Wisper;41;56,10%;3,83
Centaur Warrunner;BOOM;40;52,50%;3,89
Pangolier;Davai Lama;40;50,00%;3,03
Bristleback;Wisper;39;53,85%;3,31
Troll Warlord;Pakazs;39;53,85%;4,59
Axe;Davai Lama;39;51,28%;2,49
Timbersaw;BOOM;38;47,37%;4,15
Sand King;Wisper;38;52,63%;3,39
Pangolier;Jabz;38;44,74%;3,67
Sand King;Jabz;37;45,95%;2,93
Doom;Jabz;37;43,24%;3,13
Beastmaster;BOOM;36;58,33%;4,50
Brewmaster;BOOM;35;45,71%;3,79
Pangolier;Wisper;34;52,94%;3,87
Snapfire;Wisper;34;55,88%;4,21
Tidehunter;Davai Lama;34;55,88%;3,13
Beastmaster;Davai Lama;34;67,65%;3,74
Primal Beast;Davai Lama;34;55,88%;3,39
Magnus;Jabz;33;45,45%;3,13
Legion Commander;Wisper;33;45,45%;2,71
Venomancer;Wisper;33;63,64%;3,73
Primal Beast;BOOM;33;57,58%;4,52
Centaur Warrunner;Jabz;33;54,55%;4,49
Spectre;Pakazs;31;48,39%;6,13
Primal Beast;Wisper;30;60,00%;4,90
Dragon Knight;BOOM;29;44,83%;3,81
Viper;Davai Lama;29;48,28%;2,73
Tidehunter;Jabz;29;62,07%;4,78
Brewmaster;Jabz;28;50,00%;3,82
Visage;Jabz;28;60,71%;3,41
Leshrac;BOOM;28;53,57%;3,43
Ursa;Pakazs;28;57,14%;5,07
Kunkka;Jabz;27;51,85%;4,55
Axe;Wisper;27;33,33%;2,79
Juggernaut;Pakazs;27;62,96%;5,48
Doom;No!ob;27;48,15%;2,89
Primal Beast;Jabz;27;29,63%;4,07
Magnus;BOOM;26;57,69%;4,00
Bristleback;BOOM;26;38,46%;2,89
Batrider;BOOM;26;42,31%;3,24
Doom;BOOM;25;48,00%;3,87
Slark;Pakazs;25;72,00%;8,03
Slardar;Jabz;25;52,00%;3,62
Slardar;Wisper;25;60,00%;3,31
Sand King;No!ob;24;50,00%;3,22
Underlord;BOOM;24;54,17%;3,50
Bloodseeker;Pakazs;24;54,17%;4,89
Undying;Jabz;24;58,33%;3,08
Death Prophet;Jabz;23;60,87%;3,86
Batrider;Jabz;23;47,83%;2,96
Brewmaster;Davai Lama;23;43,48%;3,35
Broodmother;Davai Lama;23;56,52%;4,53
Dawnbreaker;Wisper;23;65,22%;4,80
Lycan;No!ob;23;60,87%;8,29
Bristleback;Davai Lama;23;52,17%;3,02
Batrider;No!ob;22;68,18%;4,70
Bristleback;Jabz;22;59,09%;3,30
Underlord;Jabz;22;59,09%;3,72
Earthshaker;No!ob;22;40,91%;3,96
Earthshaker;Jabz;21;47,62%;2,42
Dark Seer;BOOM;21;57,14%;4,91
Underlord;Wisper;21;47,62%;3,80
Dragon Knight;No!ob;21;47,62%;4,01
Phantom Assassin;Pakazs;21;57,14%;7,50
Nature's Prophet;Pakazs;20;45,00%;6,01
Dragon Knight;Jabz;20;55,00%;3,74
Phantom Lancer;Pakazs;20;60,00%;7,55
Alchemist;Pakazs;20;65,00%;7,16
Night Stalker;Davai Lama;20;65,00%;5,80
Kunkka;No!ob;20;55,00%;5,48
Slardar;BOOM;20;50,00%;3,25
Viper;No!ob;19;52,63%;3,23
Anti-Mage;Pakazs;19;42,11%;3,51
Axe;BOOM;19;52,63%;3,37
Dawnbreaker;Jabz;19;57,89%;3,86
Lycan;Wisper;18;61,11%;8,47
Alchemist;Jabz;18;44,44%;3,07
Lifestealer;Pakazs;18;50,00%;4,77
Slardar;Davai Lama;18;55,56%;2,84
Elder Titan;Jabz;18;72,22%;3,74
Dawnbreaker;BOOM;18;55,56%;3,32
Razor;Jabz;17;47,06%;2,76
Naga Siren;Pakazs;17;35,29%;3,68
Kunkka;Wisper;16;50,00%;4,64
Tiny;Jabz;16;62,50%;3,46
Broodmother;BOOM;16;68,75%;6,30
Axe;Jabz;16;62,50%;3,49
Night Stalker;Jabz;15;33,33%;3,58
Visage;Davai Lama;15;66,67%;3,35
Magnus;Davai Lama;15;60,00%;3,33
Centaur Warrunner;No!ob;15;40,00%;2,57
Vengeful Spirit;Jabz;15;60,00%;2,06
Tiny;Wisper;14;35,71%;2,50
Enigma;BOOM;14;35,71%;3,07
Legion Commander;Davai Lama;14;85,71%;4,83
Lycan;Davai Lama;14;64,29%;5,46
Pudge;Wisper;14;57,14%;3,71
Sand King;BOOM;14;28,57%;2,76
Kunkka;Davai Lama;14;57,14%;3,57
Pudge;Pakazs;14;50,00%;4,89
Pudge;Jabz;14;64,29%;2,48
Dawnbreaker;No!ob;13;38,46%;3,25
Sand King;Davai Lama;13;30,77%;2,84
Ember Spirit;Davai Lama;13;61,54%;4,65
Death Prophet;Davai Lama;13;61,54%;3,08
Enchantress;Jabz;13;46,15%;2,50
Broodmother;Jabz;12;66,67%;4,33
Windranger;Jabz;12;83,33%;5,19
Magnus;No!ob;12;58,33%;4,22
Death Prophet;BOOM;12;75,00%;6,74
Kunkka;BOOM;12;8,33%;2,21
Keeper of the Light;Wisper;12;50,00%;5,09
Razor;Pakazs;12;58,33%;4,23
Abaddon;Wisper;12;41,67%;2,87
Razor;No!ob;12;58,33%;4,76
Batrider;Davai Lama;11;54,55%;2,46
Tiny;Pakazs;11;63,64%;6,23
Abaddon;Jabz;11;54,55%;2,93
Lycan;Jabz;11;18,18%;4,51
Viper;BOOM;11;54,55%;4,35
Monkey King;Jabz;10;60,00%;2,93
Dark Willow;Jabz;10;40,00%;2,43
Dragon Knight;Wisper;10;30,00%;3,79
Death Prophet;Wisper;10;60,00%;5,72
Marci;Jabz;10;50,00%;3,02
Necrophos;Wisper;10;80,00%;3,98
Bristleback;Pakazs;10;60,00%;3,23
Leshrac;Jabz;10;40,00%;2,42
Largo;Davai Lama;10;70,00%;3,85
Viper;Jabz;10;30,00%;1,87
Undying;BOOM;10;70,00%;5,92
Lycan;BOOM;10;70,00%;8,00
Leshrac;No!ob;10;60,00%;4,17
Underlord;No!ob;10;80,00%;4,62
Razor;BOOM;10;60,00%;4,10
Legion Commander;Jabz;10;40,00%;2,75


Hero;Player;Total Count;Winrate;Avg. KAL
Clockwerk;Scofield;216;64,35%;2,47
Tusk;Scofield;171;48,54%;2,04
Nyx Assassin;Scofield;142;63,38%;2,47
Mirana;Tims;137;69,34%;5,56
Tiny;Scofield;134;46,27%;2,02
Bane;Fng;130;57,69%;2,22
Hoodwink;OmaR;128;50,78%;3,70
Rubick;Matthew;127;55,91%;3,21
Vengeful Spirit;Fng;121;57,85%;2,06
Disruptor;XNova;120;55,83%;3,27
Rubick;OmaR;111;59,46%;3,24
Rubick;Tims;108;47,22%;2,78
Disruptor;Fng;106;56,60%;2,46
Earth Spirit;Scofield;106;61,32%;2,65
Rubick;Scofield;105;48,57%;2,34
Bane;XNova;102;58,82%;2,09
Phoenix;XNova;98;54,08%;3,39
Tusk;Tims;97;46,39%;2,55
Nyx Assassin;Matthew;96;67,71%;2,76
Hoodwink;Tims;95;46,32%;3,20
Chen;XNova;93;61,29%;3,62
Earth Spirit;Tims;92;54,35%;3,38
Earthshaker;Tims;91;61,54%;3,39
Earthshaker;Scofield;90;55,56%;2,36
Tusk;Matthew;89;43,82%;2,66
Ancient Apparition;Fng;88;59,09%;2,94
Treant Protector;Fng;85;64,71%;2,45
Snapfire;Matthew;84;61,90%;4,06
Snapfire;Tims;82;54,88%;3,55
Crystal Maiden;Fng;81;54,32%;2,22
Nyx Assassin;Tims;80;67,50%;2,81
Chen;Fng;80;55,00%;2,90
Hoodwink;Scofield;78;62,82%;3,32
Earth Spirit;Matthew;76;50,00%;3,31
Lion;Tims;76;63,16%;2,69
Clockwerk;Matthew;75;52,00%;2,74
Enchantress;XNova;75;52,00%;2,67
Witch Doctor;Fng;74;44,59%;2,23
Lich;Fng;71;59,15%;2,56
Enchantress;pantomem;69;56,52%;2,45
Jakiro;Fng;69;53,62%;2,48
Shadow Demon;XNova;69;60,87%;2,38
Enchantress;Fng;69;46,38%;2,35
Shadow Demon;Fng;67;47,76%;1,85
Witch Doctor;XNova;67;62,69%;2,57
Undying;Fng;67;64,18%;2,56
Bane;pantomem;67;58,21%;2,08
Elder Titan;XNova;67;62,69%;2,84
Keeper of the Light;Fng;66;62,12%;3,46
Lich;XNova;66;59,09%;2,47
Rubick;PlAnet;64;46,88%;3,98
Tiny;Tims;62;43,55%;1,99
Warlock;XNova;61;57,38%;3,83
Snapfire;Scofield;61;49,18%;2,49
Enigma;Tobi;61;57,38%;3,94
Jakiro;pantomem;58;51,72%;2,66
Dark Willow;OmaR;56;53,57%;3,50
Grimstroke;XNova;56;57,14%;2,87
Undying;Jaunuel;56;55,36%;2,57
Tiny;Matthew;56;50,00%;2,87
Disruptor;pantomem;56;60,71%;3,29
Phoenix;Jaunuel;56;57,14%;3,55
Shadow Demon;Tims;55;58,18%;3,27
Lion;Matthew;55;54,55%;2,41
Ogre Magi;XNova;55;65,45%;2,20
Oracle;XNova;54;61,11%;2,72
Clockwerk;pantomem;54;53,70%;2,17
Vengeful Spirit;XNova;54;68,52%;2,42
Lion;OmaR;54;55,56%;2,50
Venomancer;Tobi;54;50,00%;3,20
Winter Wyvern;Fng;53;54,72%;2,29
Mirana;PlAnet;53;62,26%;6,07
Clockwerk;XNova;53;54,72%;2,36
Clockwerk;Tims;53;64,15%;2,96
Lion;Scofield;52;48,08%;2,04
Sand King;Tims;52;53,85%;3,41
Lion;Fng;52;65,38%;2,07
Phoenix;PlAnet;52;50,00%;3,78
Dark Willow;Tims;52;59,62%;3,61
Batrider;OmaR;51;49,02%;2,45
Bounty Hunter;Matthew;51;60,78%;3,27
Shadow Shaman;OmaR;51;56,86%;1,98
Jakiro;XNova;51;50,98%;2,21
Pugna;pantomem;50;56,00%;2,59
Io;Fng;48;56,25%;2,32
Dazzle;Fng;48;41,67%;2,07
Rubick;Fng;48;60,42%;2,90
Spirit Breaker;Fng;47;68,09%;2,48
Grimstroke;Tims;47;61,70%;3,32
Keeper of the Light;PlAnet;47;51,06%;3,69
Crystal Maiden;XNova;46;52,17%;2,61
Grimstroke;Fng;46;58,70%;3,21
Phoenix;Tims;46;56,52%;3,05
Hoodwink;Matthew;45;48,89%;3,58
Enchantress;Jaunuel;45;44,44%;2,18
Undying;XNova;45;57,78%;2,49
Phoenix;pantomem;44;34,09%;2,20
Skywrath Mage;Scofield;44;54,55%;2,70
Warlock;pantomem;44;61,36%;3,00
Grimstroke;Scofield;44;59,09%;2,16
Dark Willow;Scofield;44;54,55%;2,41
Ancient Apparition;pantomem;43;53,49%;2,86
Shadow Shaman;Scofield;43;44,19%;1,68
Earthshaker;Matthew;43;62,79%;4,10
Io;Tims;43;55,81%;2,64
Tusk;pantomem;40;52,50%;2,07
Nyx Assassin;OmaR;40;55,00%;2,09
Tusk;XNova;39;51,28%;2,25
Tiny;OmaR;39;58,97%;2,43
Shadow Demon;OmaR;39;56,41%;2,92
Chen;pantomem;38;68,42%;4,76
Earthshaker;Fng;38;63,16%;3,07
Clockwerk;OmaR;38;63,16%;2,79
Monkey King;Matthew;38;57,89%;3,45
Nature's Prophet;Fng;38;47,37%;2,64
Ogre Magi;Fng;37;54,05%;2,28
Snapfire;OmaR;37;51,35%;3,44
Ancient Apparition;XNova;36;61,11%;2,93
Shadow Demon;Matthew;36;38,89%;2,90
Techies;OmaR;35;57,14%;2,70
Treant Protector;Jaunuel;35;57,14%;3,19
Crystal Maiden;Jaunuel;35;45,71%;2,82
Shadow Shaman;Tims;34;47,06%;2,01
Muerta;OmaR;34;41,18%;2,79
Silencer;XNova;34;58,82%;3,28
Mirana;Matthew;34;64,71%;4,49
Undying;pantomem;34;47,06%;2,62
Clockwerk;Jaunuel;33;54,55%;2,53
Windranger;PlAnet;33;57,58%;5,50
Rubick;XNova;33;45,45%;2,70
Phoenix;Fng;33;51,52%;2,70
Tusk;OmaR;33;51,52%;2,61
Hoodwink;PlAnet;33;39,39%;4,52
Crystal Maiden;pantomem;32;46,88%;1,96
Elder Titan;Jaunuel;32;50,00%;3,71
Spirit Breaker;Scofield;32;43,75%;1,95
Winter Wyvern;XNova;32;43,75%;2,12
Dark Willow;PlAnet;31;58,06%;3,80
Treant Protector;pantomem;31;67,74%;3,51
Vengeful Spirit;Tims;30;56,67%;2,47
Death Prophet;Tobi;30;66,67%;4,85
Lion;PlAnet;30;53,33%;2,73
Mirana;OmaR;30;63,33%;4,67
Ogre Magi;Tims;30;60,00%;3,03
Centaur Warrunner;Tobi;29;55,17%;3,67
Oracle;pantomem;29;58,62%;3,28
Windranger;Matthew;29;51,72%;3,23
Shadow Demon;Scofield;29;24,14%;1,53
Hoodwink;pantomem;28;64,29%;3,61
Disruptor;Jaunuel;28;67,86%;4,35
Shadow Demon;pantomem;28;75,00%;2,91
Disruptor;Tims;28;64,29%;3,40
Lion;XNova;27;48,15%;1,89
Elder Titan;Tims;27;48,15%;3,40
Silencer;pantomem;27;44,44%;2,39
Shadow Shaman;Fng;27;40,74%;1,79
Winter Wyvern;Scofield;27;40,74%;1,56
Skywrath Mage;Fng;27;55,56%;2,96
Dark Seer;Tobi;27;44,44%;4,29
Bounty Hunter;Tims;26;53,85%;2,78
Riki;Matthew;26;69,23%;3,85
Ringmaster;pantomem;26;57,69%;3,10
Warlock;Fng;26;53,85%;3,52
Bounty Hunter;XNova;26;65,38%;2,97
Nature's Prophet;Tims;26;57,69%;3,64
Shadow Shaman;PlAnet;26;65,38%;2,70
Muerta;Scofield;26;53,85%;2,54
Oracle;Jaunuel;25;64,00%;3,32
Elder Titan;Fng;25;52,00%;2,90
Oracle;Fng;25;36,00%;1,98
Earth Spirit;XNova;25;56,00%;2,25
Mirana;Fng;25;52,00%;3,34
Spirit Breaker;Matthew;25;48,00%;2,97
Treant Protector;XNova;25;56,00%;3,32
Mirana;Jaunuel;25;56,00%;4,83
Techies;XNova;25;56,00%;2,94
Marci;Matthew;25;52,00%;2,35
Techies;PlAnet;25;72,00%;4,39
Shadow Shaman;XNova;25;68,00%;1,88
Tiny;PlAnet;25;64,00%;2,92
Dazzle;XNova;25;52,00%;2,71
Silencer;Fng;24;45,83%;2,59
Marci;Scofield;24;37,50%;1,83
Snapfire;XNova;24;45,83%;2,48
Tusk;Fng;24;45,83%;2,19
Keeper of the Light;XNova;24;58,33%;2,63
Disruptor;PlAnet;23;47,83%;3,32
Elder Titan;Scofield;23;60,87%;2,38
Naga Siren;Tims;23;60,87%;3,92
Dark Willow;Matthew;23;60,87%;3,86
Grimstroke;Jaunuel;23;47,83%;3,22
Nyx Assassin;Fng;23;43,48%;2,28
Windranger;Tims;23;69,57%;4,30
Grimstroke;PlAnet;23;56,52%;4,15
Batrider;Matthew;23;39,13%;3,07
Io;XNova;23;56,52%;3,34
Shadow Demon;Jaunuel;23;43,48%;2,09
Spirit Breaker;Tims;22;50,00%;2,92
Pugna;Matthew;22;54,55%;4,10
Marci;OmaR;22;45,45%;2,46
Shadow Demon;PlAnet;22;59,09%;4,50
Keeper of the Light;Scofield;22;36,36%;1,86
Skywrath Mage;PlAnet;22;59,09%;3,64
Venomancer;Jaunuel;22;54,55%;3,30
Techies;Tims;21;47,62%;3,00
Muerta;Tims;21;57,14%;3,71
Skywrath Mage;Matthew;21;52,38%;2,46
Skywrath Mage;OmaR;21;52,38%;3,12
Clockwerk;Fng;21;47,62%;2,03
Grimstroke;pantomem;20;45,00%;2,47
Tusk;PlAnet;20;45,00%;2,57
Pugna;Jaunuel;20;50,00%;2,98
Naga Siren;pantomem;20;85,00%;5,32
Batrider;Tims;20;45,00%;3,30
Lich;Jaunuel;20;55,00%;2,90
Earthshaker;PlAnet;20;70,00%;3,98
Snapfire;PlAnet;20;50,00%;3,48
Abaddon;XNova;20;35,00%;1,65
Snapfire;pantomem;19;57,89%;3,04
Ringmaster;OmaR;19;42,11%;3,07
Snapfire;Fng;19;47,37%;2,87
Silencer;Jaunuel;19;31,58%;3,77
Bounty Hunter;Fng;19;36,84%;2,21
Jakiro;Jaunuel;19;47,37%;3,33
Mirana;Scofield;18;61,11%;3,04
Enigma;Fng;18;50,00%;2,34
Batrider;PlAnet;18;61,11%;2,95
Shadow Shaman;Matthew;18;44,44%;2,38
Batrider;pantomem;18;44,44%;1,92
Abaddon;Fng;17;64,71%;2,42
Abaddon;pantomem;17;47,06%;2,13
Jakiro;Tobi;17;23,53%;1,61
Batrider;Jaunuel;17;58,82%;2,91
Tusk;Jaunuel;17;41,18%;1,91
Clockwerk;PlAnet;17;64,71%;4,10
Ancient Apparition;PlAnet;17;52,94%;2,79
Ringmaster;PlAnet;17;41,18%;3,24
Grimstroke;OmaR;17;35,29%;2,42
Techies;Fng;17;64,71%;2,20
Io;Matthew;17;41,18%;2,43
Rubick;Jaunuel;16;75,00%;4,16
Io;pantomem;16;68,75%;3,44
Winter Wyvern;pantomem;16;31,25%;1,57
Nyx Assassin;PlAnet;16;50,00%;2,55
Mirana;XNova;16;56,25%;4,14
Lion;Jaunuel;16;75,00%;2,04
Ogre Magi;pantomem;16;56,25%;2,72
Warlock;Jaunuel;16;56,25%;3,98
Chen;Jaunuel;16;62,50%;3,94
Nyx Assassin;XNova;15;93,33%;2,35
Spirit Breaker;OmaR;15;73,33%;3,49
Winter Wyvern;Tims;15;53,33%;2,40
Keeper of the Light;Tims;15;46,67%;2,68
Phoenix;Tobi;15;46,67%;3,44
Muerta;PlAnet;15;53,33%;3,86
Riki;Tims;15;53,33%;3,28
Grimstroke;Matthew;14;50,00%;2,79
Enigma;Tims;14;71,43%;3,49
Vengeful Spirit;Jaunuel;14;35,71%;1,42
Skywrath Mage;Tims;14;50,00%;2,70
Nature's Prophet;Tobi;14;57,14%;3,93
Gyrocopter;Scofield;14;42,86%;2,10
Jakiro;Tims;13;38,46%;2,84
Earth Spirit;OmaR;13;53,85%;2,58
Elder Titan;pantomem;13;38,46%;2,08
Bane;Jaunuel;13;30,77%;1,80
Venomancer;Fng;13;53,85%;2,41
Disruptor;Matthew;13;53,85%;3,29
Lich;pantomem;13;61,54%;2,77
Mirana;Tobi;13;61,54%;4,96
Ogre Magi;Jaunuel;13;61,54%;2,29
Muerta;Matthew;13;38,46%;2,84
Naga Siren;Tobi;13;53,85%;3,32
Mirana;pantomem;13;53,85%;3,06
Batrider;Fng;13;46,15%;2,27
Ancient Apparition;Jaunuel;13;69,23%;3,58
Viper;Tobi;12;66,67%;4,07
Tinker;Jaunuel;12;33,33%;3,33
Nyx Assassin;Jaunuel;12;50,00%;2,41
Omniknight;Fng;12;75,00%;2,31
Marci;Tims;12;50,00%;2,31
Abaddon;Jaunuel;12;50,00%;1,80
Marci;XNova;12;66,67%;2,66
Jakiro;Matthew;12;66,67%;4,29
Batrider;Tobi;12;41,67%;2,24
Dazzle;pantomem;11;54,55%;2,37
Pugna;XNova;11;45,45%;2,47
Gyrocopter;OmaR;11;63,64%;2,96
Pugna;Tims;11;63,64%;2,96
Oracle;Matthew;11;36,36%;2,30
Enchantress;Tims;11;72,73%;2,42
Weaver;Tims;11;90,91%;5,59
Nature's Prophet;PlAnet;11;63,64%;3,57
Naga Siren;Fng;11;27,27%;2,10
Magnus;Tims;11;54,55%;2,64
Leshrac;Fng;11;54,55%;2,13
Nature's Prophet;pantomem;11;36,36%;1,77
Keeper of the Light;Matthew;11;63,64%;5,77
Pugna;Tobi;11;36,36%;1,91
Slardar;Scofield;11;54,55%;1,77
Batrider;Scofield;11;36,36%;1,79
Shadow Shaman;pantomem;11;63,64%;2,36
Riki;OmaR;11;72,73%;3,78
Doom;Fng;11;81,82%;4,91
Zeus;Jaunuel;10;20,00%;2,81
Warlock;Tobi;10;70,00%;2,89
Undying;Scofield;10;50,00%;3,02
Pugna;Fng;10;80,00%;3,32
Chen;Tobi;10;50,00%;2,33
Ringmaster;Jaunuel;10;60,00%;3,48
Magnus;Scofield;10;80,00%;1,61
Undying;Tobi;10;80,00%;3,19
Rubick;pantomem;10;30,00%;2,12
Io;Jaunuel;10;40,00%;2,75
Nyx Assassin;Tobi;10;40,00%;1,89
Vengeful Spirit;Scofield;10;70,00%;2,01
Omniknight;XNova;10;50,00%;1,74
Weaver;Fng;10;60,00%;2,38