"Hero","Vs","Games","W","L","Win %","Elo Shift"
"Ringmaster","Kunkka","52","40","12","0.7692307692307693","14.953757987234253"
"Broodmother","Phoenix","57","43","14","0.7543859649122807","15.05347185388846"
"Lone Druid","Ember Spirit","63","46","17","0.7301587301587301","12.08046897559948"
"Chen","Techies","59","43","16","0.7288135593220338","11.13956810237401"
"Slark","Lina","55","40","15","0.7272727272727273","12.232965915939479"
"Enigma","Weaver","61","44","17","0.7213114754098361","14.884737873109739"
"Nature's Prophet","Axe","57","41","16","0.7192982456140351","16.331776531222868"
"Anti-Mage","Puck","53","38","15","0.7169811320754716","14.886596727563559"
"Elder Titan","Dawnbreaker","62","44","18","0.7096774193548387","11.844570634673243"
"Ancient Apparition","Phoenix","55","39","16","0.7090909090909091","13.0217444345538"
"Mirana","Drow Ranger","74","52","22","0.7027027027027027","12.132525158434278"
"Mirana","Night Stalker","67","47","20","0.7014925373134329","11.489827568547396"
"Lifestealer","Invoker","60","42","18","0.7","10.540734955940389"
"Chen","Earth Spirit","50","35","15","0.7","9.162037374609781"
"Abaddon","Axe","69","48","21","0.6956521739130435","13.022276235086865"
"Weaver","Underlord","62","43","19","0.6935483870967742","10.233670415646694"
"Dragon Knight","Dazzle","52","36","16","0.6923076923076923","10.13286807912123"
"Bane","Axe","81","56","25","0.691358024691358","11.39791652483908"
"Sven","Phantom Assassin","51","35","16","0.6862745098039216","13.234969358892737"
"Bane","Night Stalker","91","62","29","0.6813186813186813","11.203696279207177"
"Enigma","Grimstroke","50","34","16","0.68","8.265130950573065"
"Faceless Void","Zeus","59","40","19","0.6779661016949152","9.536799745220947"
"Lone Druid","Rubick","59","40","19","0.6779661016949152","9.320338619579985"
"Bane","Warlock","65","44","21","0.676923076923077","7.165640825843206"
"Dragon Knight","Night Stalker","74","50","24","0.6756756756756757","7.2856027565819135"
"Visage","Faceless Void","52","35","17","0.6730769230769231","11.707735155152537"
"Chen","Lion","52","35","17","0.6730769230769231","7.341535032905724"
"Centaur Warrunner","Night Stalker","55","37","18","0.6727272727272727","12.546474124328167"
"Faceless Void","Silencer","55","37","18","0.6727272727272727","10.3684933119231"
"Lifestealer","Sand King","55","37","18","0.6727272727272727","7.877311591952327"
"Lifestealer","Undying","58","39","19","0.6724137931034483","10.220019033201257"
"Io","Luna","61","41","20","0.6721311475409836","8.019266451495579"
"Enigma","Bane","64","43","21","0.671875","10.718676957299472"
"Crystal Maiden","Queen of Pain","76","51","25","0.6710526315789473","9.460471661805409"
"Treant Protector","Silencer","94","63","31","0.6702127659574468","9.524462897878733"
"Chen","Dawnbreaker","94","63","31","0.6702127659574468","7.906623643540952"
"Venomancer","Clockwerk","69","46","23","0.6666666666666666","14.424912345367632"
"Bloodseeker","Tidehunter","57","38","19","0.6666666666666666","11.497956261644855"
"Bane","Legion Commander","66","44","22","0.6666666666666666","10.46813756684596"
"Dark Seer","Dawnbreaker","60","40","20","0.6666666666666666","9.819777227597852"
"Enigma","Zeus","93","62","31","0.6666666666666666","9.445938294875187"
"Faceless Void","Bloodseeker","54","36","18","0.6666666666666666","9.241234734219784"
"Chen","Clockwerk","105","70","35","0.6666666666666666","8.454270274479613"
"Mirana","Vengeful Spirit","54","36","18","0.6666666666666666","8.38488724941616"
"Bane","Snapfire","265","176","89","0.6641509433962264","11.308930963466791"
"Underlord","Dragon Knight","119","79","40","0.6638655462184874","10.351555023099062"
"Clockwerk","Drow Ranger","107","71","36","0.6635514018691588","7.169525820682099"
"Medusa","Dawnbreaker","83","55","28","0.6626506024096386","8.594515142292138"
"Razor","Skywrath Mage","68","45","23","0.6617647058823529","5.926420365063118"
"Lycan","Void Spirit","59","39","20","0.6610169491525424","6.787529923733239"
"Mars","Venomancer","56","37","19","0.6607142857142857","8.588572142849907"
"Lycan","Dark Willow","53","35","18","0.660377358490566","9.145356963770537"
"Silencer","Drow Ranger","53","35","18","0.660377358490566","6.202514695962844"
"Chen","Templar Assassin","103","68","35","0.6601941747572816","6.251071550005395"
"Bloodseeker","Slark","50","33","17","0.66","10.897891480747598"
"Death Prophet","Earth Spirit","50","33","17","0.66","10.349351902006749"
"Elder Titan","Silencer","50","33","17","0.66","8.824918359691788"
"Shadow Demon","Drow Ranger","50","33","17","0.66","8.616531571389492"
"Lycan","Underlord","50","33","17","0.66","6.852370508420107"
"Beastmaster","Zeus","97","64","33","0.6597938144329897","10.815282153936675"
"Bane","Phantom Assassin","82","54","28","0.6585365853658537","8.304644855888393"
"Monkey King","Zeus","76","50","26","0.6578947368421053","8.233136706670544"
"Timbersaw","Broodmother","67","44","23","0.6567164179104478","12.214637104770802"
"Spirit Breaker","Shadow Fiend","64","42","22","0.65625","8.250363559938505"
"Rubick","Underlord","93","61","32","0.6559139784946236","8.981819841164484"
"Chen","Luna","61","40","21","0.6557377049180327","8.825754875869949"
"Chen","Terrorblade","87","57","30","0.6551724137931034","9.159203405627593"
"Bane","Lich","58","38","20","0.6551724137931034","8.597713689893704"
"Windranger","Grimstroke","84","55","29","0.6547619047619048","10.471407066692446"
"Dark Seer","Spirit Breaker","55","36","19","0.6545454545454545","9.247990201162619"
"Underlord","Undying","55","36","19","0.6545454545454545","8.98005245979174"
"Slark","Snapfire","81","53","28","0.654320987654321","8.505552530495928"
"Treant Protector","Tidehunter","104","68","36","0.6538461538461539","10.49647045654894"
"Medusa","Drow Ranger","52","34","18","0.6538461538461539","9.461017722668162"
"Chen","Dark Willow","78","51","27","0.6538461538461539","9.415885983168396"
"Lycan","Drow Ranger","52","34","18","0.6538461538461539","5.447200994353427"
"Templar Assassin","Keeper of the Light","153","100","53","0.6535947712418301","9.430557744604588"
"Beastmaster","Ogre Magi","75","49","26","0.6533333333333333","9.124165506123925"
"Chen","Pugna","75","49","26","0.6533333333333333","8.16715131186085"
"Bloodseeker","Grimstroke","75","49","26","0.6533333333333333","6.739959378894681"
"Treant Protector","Dragon Knight","112","73","39","0.6517857142857143","9.143961130949034"
"Shadow Fiend","Shadow Shaman","60","39","21","0.65","10.028278564434393"
"Shadow Fiend","Ember Spirit","174","113","61","0.6494252873563219","6.435425284125832"
"Wraith King","Hoodwink","57","37","20","0.6491228070175439","9.434109635717217"
"Elder Titan","Timbersaw","57","37","20","0.6491228070175439","8.838109895933428"
"Chaos Knight","Primal Beast","57","37","20","0.6491228070175439","6.918647806073648"
"Slardar","Underlord","74","48","26","0.6486486486486487","7.768037927084904"
"Bane","Lina","128","83","45","0.6484375","8.204626927196443"
"Lycan","Hoodwink","91","59","32","0.6483516483516484","8.210993681373989"
"Io","Phantom Assassin","54","35","19","0.6481481481481481","8.455652293570582"
"Treant Protector","Monkey King","142","92","50","0.647887323943662","6.6086509487171865"
"Bane","Dawnbreaker","139","90","49","0.6474820143884892","6.444755550942018"
"Ancient Apparition","Silencer","51","33","18","0.6470588235294118","11.015541853367331"
"Largo","Tiny","68","44","24","0.6470588235294118","10.176738592350704"
"Alchemist","Muerta","68","44","24","0.6470588235294118","9.318819024608203"
"Magnus","Weaver","68","44","24","0.6470588235294118","8.736212429858947"
"Enigma","Luna","51","33","18","0.6470588235294118","8.461639801924543"
"Naga Siren","Silencer","68","44","24","0.6470588235294118","8.345421437711165"
"Dark Seer","Dragon Knight","119","77","42","0.6470588235294118","8.193116799983116"
"Abaddon","Lion","51","33","18","0.6470588235294118","6.338333397042335"
"Io","Primal Beast","51","33","18","0.6470588235294118","6.076670354915427"
"Naga Siren","Windranger","68","44","24","0.6470588235294118","5.999217178190697"
"Puck","Brewmaster","147","95","52","0.6462585034013606","9.548742173637379"
"Keeper of the Light","Dawnbreaker","113","73","40","0.6460176991150443","7.856035334830768"
"Treant Protector","Gyrocopter","79","51","28","0.6455696202531646","8.812386821744767"
"Pugna","Lich","76","49","27","0.6447368421052632","6.0147974038638505"
"Treant Protector","Dawnbreaker","90","58","32","0.6444444444444445","8.351017833968937"
"Naga Siren","Morphling","135","87","48","0.6444444444444445","7.82440553783172"
"Abaddon","Grimstroke","73","47","26","0.6438356164383562","7.76989717272261"
"Io","Batrider","87","56","31","0.6436781609195402","6.12603214300905"
"Pugna","Crystal Maiden","84","54","30","0.6428571428571429","9.99249498493544"
"Chaos Knight","Jakiro","56","36","20","0.6428571428571429","9.723921007563789"
"Mirana","Shadow Shaman","56","36","20","0.6428571428571429","7.762296287807103"
"Riki","Ember Spirit","70","45","25","0.6428571428571429","6.747634339510265"
"Mirana","Morphling","176","113","63","0.6420454545454546","7.461133500736462"
"Alchemist","Underlord","67","43","24","0.6417910447761194","6.584066741452202"
"Slardar","Morphling","53","34","19","0.6415094339622641","11.1859438048183"
"Wraith King","Sand King","53","34","19","0.6415094339622641","9.74011707365054"
"Winter Wyvern","Alchemist","53","34","19","0.6415094339622641","7.312042744257906"
"Leshrac","Troll Warlord","64","41","23","0.640625","8.36206103959798"
"Chen","Death Prophet","64","41","23","0.640625","6.539085584532115"
"Earthshaker","Warlock","64","41","23","0.640625","6.510740777275293"
"Lina","Alchemist","50","32","18","0.64","10.158871605760526"
"Primal Beast","Phantom Assassin","50","32","18","0.64","7.798560249484539"
"Windranger","Venomancer","50","32","18","0.64","7.522201402855779"
"Bane","Lion","136","87","49","0.6397058823529411","8.625327386391502"
"Nature's Prophet","Chaos Knight","61","39","22","0.639344262295082","8.69577303761056"
"Naga Siren","Enchantress","108","69","39","0.6388888888888888","9.857641774105225"
"Dark Seer","Abaddon","72","46","26","0.6388888888888888","7.60625826650292"
"Bane","Skywrath Mage","94","60","34","0.6382978723404256","9.402470029843629"
"Enigma","Death Prophet","105","67","38","0.638095238095238","7.661808462674607"
"Mirana","Nyx Assassin","58","37","21","0.6379310344827587","10.278571471150705"
"Elder Titan","Tusk","58","37","21","0.6379310344827587","9.060512455843055"
"Muerta","Abaddon","58","37","21","0.6379310344827587","8.919864493042686"
"Ursa","Chaos Knight","58","37","21","0.6379310344827587","8.597394149887496"
"Bane","Elder Titan","58","37","21","0.6379310344827587","5.489233493807078"
"Storm Spirit","Gyrocopter","185","118","67","0.6378378378378379","8.323154450421509"
"Centaur Warrunner","Dawnbreaker","69","44","25","0.6376811594202898","9.05479087421081"
"Keeper of the Light","Muerta","80","51","29","0.6375","6.7911009771098545"
"Grimstroke","Muerta","91","58","33","0.6373626373626373","6.8855745330862845"
"Drow Ranger","Phoenix","55","35","20","0.6363636363636364","10.352603297610953"
"Largo","Jakiro","55","35","20","0.6363636363636364","10.095165970040139"
"Ancient Apparition","Mars","66","42","24","0.6363636363636364","9.232295495639812"
"Largo","Phoenix","55","35","20","0.6363636363636364","7.744914508956358"
"Sand King","Terrorblade","99","63","36","0.6363636363636364","7.554443410596773"
"Nature's Prophet","Earth Spirit","77","49","28","0.6363636363636364","6.704834859602151"
"Bane","Timbersaw","143","91","52","0.6363636363636364","4.3593989859560605"
"Bane","Hoodwink","233","148","85","0.6351931330472103","7.859809199650983"
"Enigma","Warlock","74","47","27","0.6351351351351351","8.45743194948783"
"Chen","Winter Wyvern","63","40","23","0.6349206349206349","8.884201860884621"
"Disruptor","Zeus","63","40","23","0.6349206349206349","7.974200186376328"
"Tidehunter","Silencer","115","73","42","0.6347826086956522","8.014664787032675"
"Naga Siren","Abaddon","52","33","19","0.6346153846153846","8.93011074347058"
"Venomancer","Magnus","52","33","19","0.6346153846153846","6.950746266655289"
"Broodmother","Pugna","52","33","19","0.6346153846153846","6.146111206219369"
"Enigma","Ursa","52","33","19","0.6346153846153846","6.090794914314147"
"Sand King","Dark Willow","82","52","30","0.6341463414634146","7.974893383984871"
"Medusa","Undying","112","71","41","0.6339285714285714","7.923258559069124"
"Templar Assassin","Vengeful Spirit","71","45","26","0.6338028169014085","8.180849733151367"
"Chen","Undying","71","45","26","0.6338028169014085","7.764466117565587"
"Razor","Tidehunter","101","64","37","0.6336633663366337","7.930615754439654"
"Mirana","Snapfire","303","192","111","0.6336633663366337","7.2545688854357"
"Enigma","Terrorblade","90","57","33","0.6333333333333333","8.132484372753167"
"Chaos Knight","Gyrocopter","60","38","22","0.6333333333333333","7.150962065762174"
"Enigma","Silencer","98","62","36","0.6326530612244898","7.476188753876604"
"Faceless Void","Void Spirit","117","74","43","0.6324786324786325","6.886018374701594"
"Ursa","Lion","68","43","25","0.6323529411764706","8.188617437803932"
"Alchemist","Rubick","174","110","64","0.632183908045977","7.893336229250547"
"Dark Seer","Underlord","87","55","32","0.632183908045977","7.125633233123096"
"Huskar","Clockwerk","57","36","21","0.631578947368421","8.812214128222834"
"Monkey King","Jakiro","171","108","63","0.631578947368421","7.780030743150216"
"Naga Siren","Rubick","171","108","63","0.631578947368421","7.1495176161266745"
"Mirana","Magnus","84","53","31","0.6309523809523809","9.215719542201471"
"Omniknight","Tiny","65","41","24","0.6307692307692307","11.988484696729563"
"Clinkz","Rubick","54","34","20","0.6296296296296297","11.085976568434052"
"Skywrath Mage","Sven","54","34","20","0.6296296296296297","6.907567863524694"
"Slark","Hoodwink","81","51","30","0.6296296296296297","6.900204382980382"
"Visage","Phoenix","54","34","20","0.6296296296296297","4.3185615907784225"
"Io","Timbersaw","116","73","43","0.6293103448275862","6.381606213245935"
"Shadow Fiend","Dark Willow","89","56","33","0.6292134831460674","6.716373904214024"
"Beastmaster","Legion Commander","62","39","23","0.6290322580645161","8.917389914672933"
"Enigma","Earth Spirit","62","39","23","0.6290322580645161","8.405127502688885"
"Bane","Jakiro","124","78","46","0.6290322580645161","7.3071163646123525"
"Chen","Enchantress","124","78","46","0.6290322580645161","5.983085897531542"
"Shadow Fiend","Axe","70","44","26","0.6285714285714286","10.713296562799579"
"Abaddon","Silencer","70","44","26","0.6285714285714286","9.571742577506503"
"Doom","Phantom Assassin","70","44","26","0.6285714285714286","8.073807010368522"
"Pugna","Grimstroke","148","93","55","0.6283783783783784","7.389475050710456"
"Beastmaster","Chaos Knight","113","71","42","0.6283185840707964","8.53634138885013"
"Naga Siren","Pugna","78","49","29","0.6282051282051282","7.28376029899855"
"Ringmaster","Silencer","51","32","19","0.6274509803921569","10.690764233635496"
"Brewmaster","Magnus","51","32","19","0.6274509803921569","8.810924881841084"
"Chaos Knight","Phoenix","67","42","25","0.6268656716417911","8.500114291213576"
"Alchemist","Skywrath Mage","67","42","25","0.6268656716417911","6.9480336724644"
"Storm Spirit","Legion Commander","75","47","28","0.6266666666666667","8.146103441094162"
"Hoodwink","Winter Wyvern","83","52","31","0.6265060240963856","8.069484894263113"
"Naga Siren","Gyrocopter","83","52","31","0.6265060240963856","7.587176593400215"
"Sven","Lifestealer","91","57","34","0.6263736263736264","9.255941250182104"
"Weaver","Dawnbreaker","91","57","34","0.6263736263736264","7.553912070423802"
"Leshrac","Morphling","107","67","40","0.6261682242990654","6.678252379802645"
"Clockwerk","Dawnbreaker","195","122","73","0.6256410256410256","6.930229403734588"
"Bane","Ringmaster","64","40","24","0.625","14.235081952490862"
"Abaddon","Earthshaker","64","40","24","0.625","9.7436568470055"
"Enigma","Sven","72","45","27","0.625","9.1934332188183"
"Storm Spirit","Clinkz","56","35","21","0.625","9.027344388029459"
"Mirana","Dawnbreaker","96","60","36","0.625","8.423067305254506"
"Huskar","Puck","56","35","21","0.625","8.372945888882866"
"Mirana","Jakiro","112","70","42","0.625","8.138172975936671"
"Alchemist","Invoker","72","45","27","0.625","8.11058873305879"
"Centaur Warrunner","Lina","96","60","36","0.625","7.738403131842625"
"Void Spirit","Night Stalker","56","35","21","0.625","7.707503586560111"
"Crystal Maiden","Sniper","64","40","24","0.625","7.684236757626007"
"Sven","Warlock","56","35","21","0.625","7.614614514703672"
"Muerta","Techies","56","35","21","0.625","7.262003351821407"
"Bristleback","Sand King","96","60","36","0.625","7.246198931331437"
"Naga Siren","Sand King","64","40","24","0.625","6.2449027579263685"
"Warlock","Dawnbreaker","104","65","39","0.625","6.132268603071683"
"Marci","Skywrath Mage","64","40","24","0.625","5.60120477272462"
"Bristleback","Brewmaster","72","45","27","0.625","5.521112405970156"
"Shadow Shaman","Lina","72","45","27","0.625","5.431163949959011"
"Nature's Prophet","Queen of Pain","117","73","44","0.6239316239316239","7.665235776807371"
"Muerta","Dawnbreaker","109","68","41","0.6238532110091743","6.409740282537329"
"Faceless Void","Phoenix","101","63","38","0.6237623762376238","5.508685194904368"
"Bane","Dragon Knight","186","116","70","0.6236559139784946","7.9192357511534865"
"Lycan","Undying","93","58","35","0.6236559139784946","7.589876130658366"
"Templar Assassin","Grimstroke","170","106","64","0.6235294117647059","6.374278762326561"
"Ancient Apparition","Muerta","77","48","29","0.6233766233766234","7.506962057164822"
"Alchemist","Sven","69","43","26","0.6231884057971014","9.064987166197492"
"Skywrath Mage","Crystal Maiden","69","43","26","0.6231884057971014","7.451860338336292"
"Chen","Ursa","69","43","26","0.6231884057971014","5.018736658475958"
"Visage","Dragon Knight","69","43","26","0.6231884057971014","4.513406440006994"
"Mirana","Zeus","61","38","23","0.6229508196721312","7.380448297411486"
"Chaos Knight","Queen of Pain","53","33","20","0.6226415094339622","7.384264891076824"
"Bane","Wraith King","135","84","51","0.6222222222222222","8.07418489882191"
"Mirana","Templar Assassin","156","97","59","0.6217948717948718","7.691568483486131"
"Bane","Rubick","185","115","70","0.6216216216216216","8.086504369837067"
"Lifestealer","Primal Beast","103","64","39","0.6213592233009708","6.093025091416504"
"Sand King","Ursa","66","41","25","0.6212121212121212","6.694996743770274"
"Marci","Viper","66","41","25","0.6212121212121212","4.98117161156382"
"Wraith King","Spirit Breaker","66","41","25","0.6212121212121212","4.389296627065311"
"Tidehunter","Techies","95","59","36","0.6210526315789474","7.449707105769204"
"Alchemist","Phoenix","124","77","47","0.6209677419354839","2.62794204561033"
"Medusa","Skywrath Mage","116","72","44","0.6206896551724138","7.695282077678564"
"Enigma","Dawnbreaker","145","90","55","0.6206896551724138","7.070457454026212"
"Naga Siren","Terrorblade","116","72","44","0.6206896551724138","6.7574756853816185"
"Faceless Void","Jakiro","58","36","22","0.6206896551724138","6.373713252608394"
"Lifestealer","Terrorblade","87","54","33","0.6206896551724138","6.09867318833229"
"Medusa","Bloodseeker","87","54","33","0.6206896551724138","5.389235720044001"
"Mirana","Spirit Breaker","87","54","33","0.6206896551724138","5.257029793477472"
"Mirana","Ursa","108","67","41","0.6203703703703703","7.043511487559905"
"Monkey King","Dragon Knight","200","124","76","0.62","7.11953819972432"
"Shadow Shaman","Ringmaster","100","62","38","0.62","6.731029275980382"
"Night Stalker","Sand King","50","31","19","0.62","6.694219953010537"
"Kez","Tiny","71","44","27","0.6197183098591549","10.831987906346082"
"Keeper of the Light","Winter Wyvern","71","44","27","0.6197183098591549","8.603153130502097"
"Medusa","Lion","71","44","27","0.6197183098591549","7.9587680313826725"
"Undying","Axe","71","44","27","0.6197183098591549","7.55051601233866"
"Naga Siren","Ursa","71","44","27","0.6197183098591549","6.806816821048536"
"Ember Spirit","Void Spirit","255","158","97","0.6196078431372549","8.076144816241397"
"Mirana","Underlord","92","57","35","0.6195652173913043","7.933930468011529"
"Tidehunter","Brewmaster","92","57","35","0.6195652173913043","6.97218761388728"
"Faceless Void","Windranger","92","57","35","0.6195652173913043","6.96084169273859"
"Nature's Prophet","Windranger","92","57","35","0.6195652173913043","6.7266979681893355"
"Elder Titan","Shadow Demon","92","57","35","0.6195652173913043","6.38822772800795"
"Naga Siren","Mirana","113","70","43","0.6194690265486725","8.431062641463717"
"Elder Titan","Pangolier","126","78","48","0.6190476190476191","9.116029987952508"
"Clinkz","Timbersaw","63","39","24","0.6190476190476191","8.991397477296875"
"Night Stalker","Dawnbreaker","63","39","24","0.6190476190476191","8.504097455324834"
"Windranger","Lion","105","65","40","0.6190476190476191","8.266653497736923"
"Doom","Lifestealer","63","39","24","0.6190476190476191","8.235114964402376"
"Templar Assassin","Axe","63","39","24","0.6190476190476191","7.386336697756489"
"Bane","Ursa","84","52","32","0.6190476190476191","5.947026230254303"
"Io","Bloodseeker","63","39","24","0.6190476190476191","5.042386104151143"
"Muerta","Tusk","202","125","77","0.6188118811881188","8.83409897150574"
"Bloodseeker","Terrorblade","97","60","37","0.6185567010309279","6.252472167888332"
"Pugna","Techies","165","102","63","0.6181818181818182","7.584943062250758"
"Naga Siren","Mars","110","68","42","0.6181818181818182","6.279845893608564"
"Chen","Mars","110","68","42","0.6181818181818182","5.558348981819859"
"Batrider","Broodmother","89","55","34","0.6179775280898876","7.762975764919023"
"Dark Seer","Muerta","68","42","26","0.6176470588235294","8.367057460170448"
"Anti-Mage","Sand King","68","42","26","0.6176470588235294","7.91600218279399"
"Lina","Silencer","68","42","26","0.6176470588235294","7.2009139938571325"
"Io","Void Spirit","102","63","39","0.6176470588235294","5.454965830118663"
"Slardar","Leshrac","81","50","31","0.6172839506172839","7.265277272962263"
"Treant Protector","Warlock","81","50","31","0.6172839506172839","6.337346704915553"
"Monkey King","Underlord","94","58","36","0.6170212765957447","6.385070698605492"
"Chen","Centaur Warrunner","107","66","41","0.616822429906542","5.147734540203019"
"Elder Titan","Crystal Maiden","60","37","23","0.6166666666666667","9.52333606897589"
"Shadow Demon","Lina","120","74","46","0.6166666666666667","6.415738437528898"
"Faceless Void","Spirit Breaker","60","37","23","0.6166666666666667","6.110633489428109"
"Invoker","Phantom Assassin","73","45","28","0.6164383561643836","8.446357625289275"
"Mirana","Phoenix","146","90","56","0.6164383561643836","6.268683368576617"
"Medusa","Luna","86","53","33","0.6162790697674418","7.326996749503345"
"Enigma","Primal Beast","112","69","43","0.6160714285714286","8.182801547132241"
"Faceless Void","Terrorblade","125","77","48","0.616","6.774832176082597"
"Chen","Ember Spirit","151","93","58","0.6158940397350994","4.457062912793325"
"Abaddon","Ursa","65","40","25","0.6153846153846154","7.852296119347382"
"Slardar","Techies","52","32","20","0.6153846153846154","7.850940328153252"
"Elder Titan","Dark Willow","52","32","20","0.6153846153846154","7.4553485589111395"
"Naga Siren","Luna","78","48","30","0.6153846153846154","6.885289448338124"
"Phantom Lancer","Templar Assassin","65","40","25","0.6153846153846154","6.773412189062709"
"Treant Protector","Windranger","78","48","30","0.6153846153846154","2.724081699650362"
"Bristleback","Gyrocopter","135","83","52","0.6148148148148148","5.898314202167557"
"Centaur Warrunner","Lion","109","67","42","0.6146788990825688","8.14418811393468"
"Winter Wyvern","Dawnbreaker","109","67","42","0.6146788990825688","6.202768570954864"
"Weaver","Phantom Assassin","83","51","32","0.6144578313253012","4.485641294174787"
"Mirana","Tidehunter","153","94","59","0.6143790849673203","6.356463820547404"
"Muerta","Phantom Assassin","70","43","27","0.6142857142857143","7.230907934632798"
"Mirana","Grimstroke","140","86","54","0.6142857142857143","5.939058325440038"
"Monkey King","Visage","70","43","27","0.6142857142857143","5.59884978410184"
"Juggernaut","Bloodseeker","70","43","27","0.6142857142857143","5.271925177864205"
"Tidehunter","Void Spirit","171","105","66","0.6140350877192983","7.177240780912563"
"Lycan","Jakiro","57","35","22","0.6140350877192983","4.878578527410318"
"Monkey King","Rubick","329","202","127","0.6139817629179332","7.276759551850151"
"Sand King","Shadow Fiend","75","46","29","0.6133333333333333","6.03402350557363"
"Templar Assassin","Phantom Assassin","75","46","29","0.6133333333333333","3.7387539502432885"
"Disruptor","Broodmother","106","65","41","0.6132075471698113","8.362914031174862"
"Keeper of the Light","Void Spirit","155","95","60","0.6129032258064516","6.750494729253557"
"Dazzle","Phoenix","62","38","24","0.6129032258064516","6.4983839821189635"
"Gyrocopter","Lich","62","38","24","0.6129032258064516","5.4279394652559265"
"Enchantress","Vengeful Spirit","80","49","31","0.6125","4.606621408311005"
"Lifestealer","Kunkka","147","90","57","0.6122448979591837","6.068595528166815"
"Shadow Demon","Tidehunter","165","101","64","0.6121212121212121","7.188151674353522"
"Shadow Fiend","Tidehunter","67","41","26","0.6119402985074627","7.052969054036122"
"Undying","Dark Willow","67","41","26","0.6119402985074627","5.957560696555882"
"Keeper of the Light","Snapfire","152","93","59","0.6118421052631579","7.685030005419982"
"Mirana","Hoodwink","255","156","99","0.611764705882353","6.661109938727272"
"Snapfire","Axe","85","52","33","0.611764705882353","4.882622155315564"
"Elder Titan","Kunkka","54","33","21","0.6111111111111112","11.908913261847935"
"Viper","Shadow Fiend","54","33","21","0.6111111111111112","10.608095626520324"
"Huskar","Templar Assassin","54","33","21","0.6111111111111112","8.111428683289976"
"Mirana","Queen of Pain","108","66","42","0.6111111111111112","8.097068371707927"
"Leshrac","Doom","144","88","56","0.6111111111111112","7.025752952471265"
"Nature's Prophet","Void Spirit","72","44","28","0.6111111111111112","6.451703455211949"
"Medusa","Phoenix","108","66","42","0.6111111111111112","6.165544244500127"
"Bounty Hunter","Batrider","72","44","28","0.6111111111111112","5.237569485446162"
"Ursa","Zeus","54","33","21","0.6111111111111112","4.862143845109724"
"Ursa","Ogre Magi","54","33","21","0.6111111111111112","4.178770836506067"
"Huskar","Phoenix","54","33","21","0.6111111111111112","3.2727536417532606"
"Batrider","Lifestealer","113","69","44","0.6106194690265486","5.55282703626324"
"Weaver","Viper","95","58","37","0.6105263157894737","6.1574061549712225"
"Weaver","Tusk","195","119","76","0.6102564102564103","7.424421378648229"
"Lich","Dragon Knight","59","36","23","0.6101694915254238","8.261103090066"
"Enigma","Drow Ranger","59","36","23","0.6101694915254238","6.009441063263844"
"Enigma","Bloodseeker","59","36","23","0.6101694915254238","5.724825364777836"
"Marci","Slardar","59","36","23","0.6101694915254238","4.260768599137321"
"Puck","Crystal Maiden","141","86","55","0.6099290780141844","7.07737435098244"
"Lycan","Dawnbreaker","82","50","32","0.6097560975609756","5.762263724982149"
"Dark Seer","Shadow Fiend","105","64","41","0.6095238095238096","6.379630538342067"
"Pugna","Tusk","169","103","66","0.6094674556213018","7.213921815989626"
"Dark Willow","Faceless Void","64","39","25","0.609375","9.165203106697305"
"Troll Warlord","Void Spirit","64","39","25","0.609375","7.199863822323292"
"Kez","Mars","64","39","25","0.609375","6.655391700512278"
"Sven","Earthshaker","64","39","25","0.609375","6.442010937162907"
"Alchemist","Earth Spirit","64","39","25","0.609375","6.295467266834712"
"Bane","Brewmaster","64","39","25","0.609375","5.200496916955786"
"Outworld Devourer","Mars","64","39","25","0.609375","4.95474716735008"
"Alchemist","Sand King","64","39","25","0.609375","4.898440176253034"
"Doom","Dawnbreaker","151","92","59","0.609271523178808","5.622918923520061"
"Phantom Lancer","Mars","87","53","34","0.6091954022988506","6.630208408608102"
"Slardar","Void Spirit","87","53","34","0.6091954022988506","6.317786141562649"
"Pangolier","Winter Wyvern","110","67","43","0.6090909090909091","6.765311523025196"
"Monkey King","Lich","110","67","43","0.6090909090909091","3.1516519635421005"
"Death Prophet","Grimstroke","133","81","52","0.6090225563909775","5.362475930015717"
"Leshrac","Lycan","69","42","27","0.6086956521739131","7.756247386301504"
"Weaver","Night Stalker","69","42","27","0.6086956521739131","7.200004740805642"
"Shadow Fiend","Queen of Pain","138","84","54","0.6086956521739131","6.1066684995445915"
"Naga Siren","Templar Assassin","69","42","27","0.6086956521739131","5.870068834781549"
"Luna","Snapfire","166","101","65","0.608433734939759","5.596475090712894"
"Keeper of the Light","Gyrocopter","97","59","38","0.6082474226804123","8.495856437586966"
"Batrider","Troll Warlord","97","59","38","0.6082474226804123","6.9087713785959615"
"Naga Siren","Lycan","74","45","29","0.6081081081081081","4.787197529025451"
"Mirana","Mars","273","166","107","0.608058608058608","6.431706592270035"
"Undying","Ogre Magi","51","31","20","0.6078431372549019","9.22042840742509"
"Mirana","Razor","102","62","40","0.6078431372549019","5.060272756866796"
"Keeper of the Light","Nyx Assassin","102","62","40","0.6078431372549019","4.864045358531588"
"Juggernaut","Snapfire","102","62","40","0.6078431372549019","4.816615822766475"
"Nyx Assassin","Ogre Magi","51","31","20","0.6078431372549019","3.4117919254854723"
"Pugna","Undying","130","79","51","0.6076923076923076","6.836738844478805"
"Enigma","Dragon Knight","130","79","51","0.6076923076923076","6.217195254852553"
"Magnus","Tusk","158","96","62","0.6075949367088608","6.827142075839832"
"Pugna","Razor","79","48","31","0.6075949367088608","6.584607279583101"
"Medusa","Beastmaster","191","116","75","0.6073298429319371","6.87665194104339"
"Treant Protector","Slark","84","51","33","0.6071428571428571","8.824185161741955"
"Kez","Pangolier","56","34","22","0.6071428571428571","8.115744294194458"
"Naga Siren","Hoodwink","112","68","44","0.6071428571428571","7.000758128980798"
"Terrorblade","Zeus","84","51","33","0.6071428571428571","6.4154899677934445"
"Bane","Magnus","56","34","22","0.6071428571428571","5.677687345306793"
"Alchemist","Ursa","56","34","22","0.6071428571428571","5.408345705356489"
"Shadow Shaman","Axe","56","34","22","0.6071428571428571","5.234928059546796"
"Undying","Chaos Knight","56","34","22","0.6071428571428571","4.713323253686466"
"Enigma","Windranger","84","51","33","0.6071428571428571","4.570435887306227"
"Magnus","Grimstroke","56","34","22","0.6071428571428571","4.344765710419263"
"Batrider","Bloodseeker","112","68","44","0.6071428571428571","3.41263656377753"
"Naga Siren","Queen of Pain","89","54","35","0.6067415730337079","6.466320486467753"
"Bane","Pugna","150","91","59","0.6066666666666667","6.9634309112969275"
"Bane","Puck","244","148","96","0.6065573770491803","6.427991618197138"
"Visage","Razor","61","37","24","0.6065573770491803","6.207192566270226"
"Wraith King","Lina","61","37","24","0.6065573770491803","6.10731345298801"
"Pugna","Treant Protector","61","37","24","0.6065573770491803","4.481964949812198"
"Abaddon","Puck","127","77","50","0.6062992125984252","6.62857939185353"
"Legion Commander","Tiny","66","40","26","0.6060606060606061","7.216227803203442"
"Bane","Phoenix","99","60","39","0.6060606060606061","2.7851151401872842"
"Invoker","Dawnbreaker","104","63","41","0.6057692307692307","5.429740887876378"
"Viper","Leshrac","71","43","28","0.6056338028169014","8.76628273946188"
"Faceless Void","Dawnbreaker","142","86","56","0.6056338028169014","6.570159267322152"
"Mirana","Legion Commander","71","43","28","0.6056338028169014","6.549400186106057"
"Chen","Kunkka","71","43","28","0.6056338028169014","6.469453496658819"
"Chen","Void Spirit","71","43","28","0.6056338028169014","4.054190402570607"
"Dark Seer","Queen of Pain","71","43","28","0.6056338028169014","3.1468628745427463"
"Nyx Assassin","Morphling","76","46","30","0.6052631578947368","6.131071266691328"
"Pugna","Brewmaster","76","46","30","0.6052631578947368","5.653818111464273"
"Mirana","Slark","114","69","45","0.6052631578947368","5.313122909575678"
"Windranger","Viper","114","69","45","0.6052631578947368","4.717815989872939"
"Monkey King","Shadow Shaman","119","72","47","0.6050420168067226","6.954402150239187"
"Weaver","Brewmaster","119","72","47","0.6050420168067226","6.927779675174486"
"Broodmother","Tusk","119","72","47","0.6050420168067226","6.586966498334649"
"Death Prophet","Techies","81","49","32","0.6049382716049383","6.979954783281414"
"Dragon Knight","Dawnbreaker","124","75","49","0.6048387096774194","6.1340599550152275"
"Kunkka","Morphling","134","81","53","0.6044776119402985","6.445557634063692"
"Doom","Zeus","96","58","38","0.6041666666666666","5.972531088312579"
"Disruptor","Grimstroke","96","58","38","0.6041666666666666","5.289201591910291"
"Death Prophet","Dawnbreaker","96","58","38","0.6041666666666666","4.445295113626741"
"Warlock","Terrorblade","101","61","40","0.6039603960396039","6.082355999872578"
"Templar Assassin","Lina","154","93","61","0.6038961038961039","6.026147258500893"
"Mirana","Kunkka","154","93","61","0.6038961038961039","5.79807517882584"
"Bane","Outworld Devourer","53","32","21","0.6037735849056604","7.549341486731015"
"Mirana","Dark Willow","106","64","42","0.6037735849056604","5.666665933235188"
"Io","Troll Warlord","53","32","21","0.6037735849056604","4.940327749305786"
"Primal Beast","Elder Titan","53","32","21","0.6037735849056604","4.825184366210368"
"Spirit Breaker","Razor","58","35","23","0.603448275862069","6.635445351881612"
"Lion","Phantom Assassin","58","35","23","0.603448275862069","4.721618661524621"
"Void Spirit","Spirit Breaker","116","70","46","0.603448275862069","4.153183512612625"
"Treant Protector","Bloodseeker","58","35","23","0.603448275862069","3.953873468693371"
"Batrider","Silencer","184","111","73","0.6032608695652174","4.6782359746225195"
"Nyx Assassin","Void Spirit","63","38","25","0.6031746031746031","7.364758382112792"
"Enigma","Earthshaker","63","38","25","0.6031746031746031","6.3679735786724025"
"Lifestealer","Zeus","63","38","25","0.6031746031746031","5.9796137430127585"
"Naga Siren","Spirit Breaker","63","38","25","0.6031746031746031","5.93531152098981"
"Slardar","Razor","63","38","25","0.6031746031746031","5.2943383585964305"
"Nyx Assassin","Luna","63","38","25","0.6031746031746031","5.2378111182810185"
"Elder Titan","Io","68","41","27","0.6029411764705882","6.417657149003849"
"Broodmother","Spirit Breaker","68","41","27","0.6029411764705882","5.308474609461816"
"Bane","Kunkka","209","126","83","0.6028708133971292","6.867134560473279"
"Lich","Windranger","73","44","29","0.6027397260273972","10.76600868772594"
"Enchantress","Jakiro","146","88","58","0.6027397260273972","5.418275493115557"
"Treant Protector","Lion","78","47","31","0.6025641025641025","8.069997967409359"
"Weaver","Sven","78","47","31","0.6025641025641025","7.007921071485102"
"Shadow Demon","Nyx Assassin","78","47","31","0.6025641025641025","5.537511852596535"
"Slark","Ember Spirit","166","100","66","0.6024096385542169","5.037981519300145"
"Faceless Void","Magnus","98","59","39","0.6020408163265306","5.6126720153046525"
"Beastmaster","Drow Ranger","98","59","39","0.6020408163265306","4.721719423670949"
"Viper","Enchantress","113","68","45","0.6017699115044248","7.722562216006531"
"Shadow Demon","Gyrocopter","231","139","92","0.6017316017316018","6.656725220326467"
"Chen","Phoenix","133","80","53","0.6015037593984962","3.7295035993601444"
"Alchemist","Clockwerk","138","83","55","0.6014492753623188","6.690080080621684"
"Enigma","Pangolier","223","134","89","0.600896860986547","5.122740950337873"
"Tiny","Snapfire","476","286","190","0.6008403361344538","6.1129634181140675"
"Storm Spirit","Void Spirit","283","170","113","0.6007067137809188","5.02760303581929"
"Gyrocopter","Earthshaker","95","57","38","0.6","8.110395276478224"
"Monkey King","Phantom Lancer","50","30","20","0.6","8.00778032479632"
"Elder Titan","Rubick","135","81","54","0.6","7.498297178260095"
"Bane","Faceless Void","100","60","40","0.6","7.074073196067442"
"Treant Protector","Hoodwink","205","123","82","0.6","7.020611293672048"
"Marci","Io","60","36","24","0.6","6.984559749408406"
"Enigma","Morphling","110","66","44","0.6","6.9635347889054815"
"Templar Assassin","Sven","115","69","46","0.6","6.944222924847904"
"Timbersaw","Juggernaut","70","42","28","0.6","6.887483992612543"
"Beastmaster","Phantom Lancer","60","36","24","0.6","6.78052456249357"
"Naga Siren","Void Spirit","75","45","30","0.6","6.600105925581256"
"Viper","Morphling","55","33","22","0.6","6.552390047855964"
"Io","Pugna","60","36","24","0.6","6.38998059546131"
"Chaos Knight","Mars","155","93","62","0.6","6.379927257210504"
"Lifestealer","Alchemist","50","30","20","0.6","6.225406771587996"
"Mirana","Lion","125","75","50","0.6","6.00509613751913"
"Slark","Sven","70","42","28","0.6","5.933466393830462"
"Drow Ranger","Mars","60","36","24","0.6","5.831713574103437"
"Treant Protector","Skywrath Mage","75","45","30","0.6","5.790081236293317"
"Magnus","Sniper","55","33","22","0.6","5.776010349064159"
"Kunkka","Broodmother","50","30","20","0.6","5.484003739796081"
"Treant Protector","Marci","105","63","42","0.6","5.453153620859984"
"Nature's Prophet","Ancient Apparition","60","36","24","0.6","5.44080530709916"
"Monkey King","Bloodseeker","115","69","46","0.6","5.398252867496224"
"Storm Spirit","Brewmaster","120","72","48","0.6","5.1516805446297775"
"Grimstroke","Spirit Breaker","90","54","36","0.6","4.954920842478556"
"Dragon Knight","Techies","85","51","34","0.6","4.537928942006694"
"Invoker","Skywrath Mage","65","39","26","0.6","3.972595602801467"
"Faceless Void","Techies","100","60","40","0.6","3.9381089639127635"
"Alchemist","Dark Willow","75","45","30","0.6","3.934235134409801"
"Io","Dawnbreaker","55","33","22","0.6","2.128079102363485"
"Tiny","Silencer","252","151","101","0.5992063492063492","5.429356135533885"
"Bane","Grimstroke","237","142","95","0.5991561181434599","3.796419839792606"
"Bane","Luna","172","103","69","0.5988372093023255","4.0013474998980705"
"Pugna","Morphling","147","88","59","0.5986394557823129","5.419735558785854"
"Doom","Ursa","132","79","53","0.5984848484848485","4.854997972018188"
"Crystal Maiden","Mars","132","79","53","0.5984848484848485","4.852824975538184"
"Keeper of the Light","Terrorblade","122","73","49","0.5983606557377049","6.491987420009502"
"Lifestealer","Hoodwink","117","70","47","0.5982905982905983","6.93896519071214"
"Mirana","Death Prophet","219","131","88","0.5981735159817352","4.291748960946215"
"Earthshaker","Terrorblade","102","61","41","0.5980392156862745","4.220189383233635"
"Shadow Demon","Silencer","97","58","39","0.5979381443298969","6.831798434326282"
"Legion Commander","Disruptor","92","55","37","0.5978260869565217","7.122964582947775"
"Chen","Tidehunter","92","55","37","0.5978260869565217","3.9856056259698156"
"Jakiro","Undying","87","52","35","0.5977011494252874","7.1209438855192095"
"Alchemist","Void Spirit","82","49","33","0.5975609756097561","5.70549052542457"
"Shadow Shaman","Disruptor","77","46","31","0.5974025974025974","2.660335423748653"
"Naga Siren","Ember Spirit","149","89","60","0.5973154362416108","5.220688559463165"
"Templar Assassin","Earth Spirit","72","43","29","0.5972222222222222","5.938865826828792"
"Dark Willow","Axe","72","43","29","0.5972222222222222","5.40988137911504"
"Bane","Pangolier","360","215","145","0.5972222222222222","5.3772555385688845"
"Lion","Underlord","72","43","29","0.5972222222222222","5.351929591004204"
"Bane","Bloodseeker","72","43","29","0.5972222222222222","4.215342568662545"
"Faceless Void","Pugna","67","40","27","0.5970149253731343","6.799235745171222"
"Alchemist","Primal Beast","67","40","27","0.5970149253731343","5.344650690460925"
"Earthshaker","Rubick","129","77","52","0.5968992248062015","7.717762089253968"
"Naga Siren","Puck","129","77","52","0.5968992248062015","3.3739516591809835"
"Shadow Shaman","Brewmaster","62","37","25","0.5967741935483871","7.828150401899509"
"Enigma","Lion","62","37","25","0.5967741935483871","6.133031568073357"
"Chen","Axe","62","37","25","0.5967741935483871","4.181923045407339"
"Invoker","Jakiro","119","71","48","0.5966386554621849","6.499003159383382"
"Timbersaw","Drow Ranger","57","34","23","0.5964912280701754","8.318473223457035"
"Doom","Clinkz","57","34","23","0.5964912280701754","6.389960230167434"
"Batrider","Drow Ranger","57","34","23","0.5964912280701754","4.918576052983063"
"Dark Seer","Vengeful Spirit","57","34","23","0.5964912280701754","4.309450623534674"
"Storm Spirit","Lich","109","65","44","0.5963302752293578","6.9116536337191565"
"Elder Titan","Nature's Prophet","52","31","21","0.5961538461538461","7.773714515812509"
"Phantom Assassin","Abaddon","52","31","21","0.5961538461538461","7.061527168880911"
"Warlock","Nyx Assassin","52","31","21","0.5961538461538461","5.1838344708361"
"Oracle","Mars","52","31","21","0.5961538461538461","5.1479401631835"
"Legion Commander","Phoenix","52","31","21","0.5961538461538461","4.775895869638407"
"Primal Beast","Axe","52","31","21","0.5961538461538461","4.115229325906684"
"Enigma","Muerta","52","31","21","0.5961538461538461","3.6467043747642656"
"Centaur Warrunner","Queen of Pain","99","59","40","0.5959595959595959","5.123864114486434"
"Elder Titan","Clockwerk","99","59","40","0.5959595959595959","4.921696813598919"
"Leshrac","Primal Beast","146","87","59","0.5958904109589042","4.981946640188194"
"Bane","Enchantress","193","115","78","0.5958549222797928","6.851064774654658"
"Puck","Dawnbreaker","240","143","97","0.5958333333333333","5.2865604998245015"
"Enigma","Snapfire","141","84","57","0.5957446808510638","6.775130571570653"
"Mars","Dawnbreaker","183","109","74","0.5956284153005464","4.513626478821073"
"Lifestealer","Jakiro","89","53","36","0.5955056179775281","6.27839651028428"
"Tiny","Night Stalker","131","78","53","0.5954198473282443","4.786689530084983"
"Chen","Pangolier","173","103","70","0.5953757225433526","5.224002550042953"
"Lycan","Puck","126","75","51","0.5952380952380952","5.598671720475168"
"Jakiro","Ancient Apparition","84","50","34","0.5952380952380952","4.647139487214595"
"Venomancer","Rubick","111","66","45","0.5945945945945946","7.694580028270856"
"Visage","Undying","74","44","30","0.5945945945945946","5.891836710694567"
"Enigma","Tusk","148","88","60","0.5945945945945946","5.603342514637014"
"Wraith King","Weaver","74","44","30","0.5945945945945946","5.346388601530897"
"Bane","Earth Spirit","74","44","30","0.5945945945945946","5.186459234752224"
"Bane","Morphling","111","66","45","0.5945945945945946","4.40266167506799"
"Templar Assassin","Queen of Pain","143","85","58","0.5944055944055944","5.7859201778314056"
"Puck","Invoker","175","104","71","0.5942857142857143","6.112575934688403"
"Ursa","Dawnbreaker","69","41","28","0.5942028985507246","7.095574905739993"
"Keeper of the Light","Phoenix","138","82","56","0.5942028985507246","5.952896952980664"
"Gyrocopter","Bloodseeker","69","41","28","0.5942028985507246","5.838376451181836"
"Monkey King","Dawnbreaker","170","101","69","0.5941176470588235","4.561624159293587"
"Pugna","Queen of Pain","101","60","41","0.594059405940594","6.916255764102772"
"Chaos Knight","Grimstroke","101","60","41","0.594059405940594","4.3662982737018705"
"Shadow Fiend","Undying","101","60","41","0.594059405940594","3.8729710794402017"
"Disruptor","Axe","64","38","26","0.59375","7.837051394401311"
"Broodmother","Pudge","64","38","26","0.59375","5.436121765667763"
"Leshrac","Crystal Maiden","128","76","52","0.59375","5.2560692668505595"
"Queen of Pain","Phoenix","160","95","65","0.59375","4.749285582717737"
"Shadow Shaman","Chaos Knight","64","38","26","0.59375","3.745610575137044"
"Windranger","Phoenix","155","92","63","0.5935483870967742","6.001536332481247"
"Doom","Timbersaw","214","127","87","0.5934579439252337","5.344580942477591"
"Beastmaster","Death Prophet","209","124","85","0.5933014354066986","4.483638886354205"
"Vengeful Spirit","Pugna","59","35","24","0.5932203389830508","5.597126592550537"
"Enchantress","Grimstroke","118","70","48","0.5932203389830508","4.597930702826795"
"Pugna","Ogre Magi","59","35","24","0.5932203389830508","3.5594485823800315"
"Beastmaster","Phantom Assassin","231","137","94","0.5930735930735931","4.285582206378137"
"Batrider","Phantom Lancer","86","51","35","0.5930232558139535","8.193867836892165"
"Dark Seer","Medusa","86","51","35","0.5930232558139535","7.0002073578351665"
"Sniper","Hoodwink","86","51","35","0.5930232558139535","5.410372172944195"
"Lifestealer","Dawnbreaker","86","51","35","0.5930232558139535","4.555962744243662"
"Clockwerk","Death Prophet","172","102","70","0.5930232558139535","3.5573117947788613"
"Morphling","Phantom Assassin","86","51","35","0.5930232558139535","3.4978705458304056"
"Treant Protector","Sven","54","32","22","0.5925925925925926","8.137482655178173"
"Clinkz","Disruptor","54","32","22","0.5925925925925926","7.427054456681943"
"Naga Siren","Shadow Fiend","81","48","33","0.5925925925925926","7.056128427762737"
"Beastmaster","Broodmother","81","48","33","0.5925925925925926","6.822825944169811"
"Disruptor","Bristleback","81","48","33","0.5925925925925926","6.257690772869671"
"Shadow Demon","Sniper","81","48","33","0.5925925925925926","5.90930446980701"
"Silencer","Dawnbreaker","54","32","22","0.5925925925925926","5.06863124788073"
"Faceless Void","Hoodwink","135","80","55","0.5925925925925926","5.050736593759811"
"Templar Assassin","Ogre Magi","81","48","33","0.5925925925925926","3.887873116696813"
"Night Stalker","Medusa","54","32","22","0.5925925925925926","3.699470590798001"
"Nyx Assassin","Phoenix","108","64","44","0.5925925925925926","3.293531867297468"
"Disruptor","Snapfire","319","189","130","0.5924764890282131","5.309478543841552"
"Timbersaw","Chaos Knight","76","45","31","0.5921052631578947","6.2672538926807135"
"Largo","Hoodwink","76","45","31","0.5921052631578947","5.011517043243825"
"Chen","Tiny","174","103","71","0.5919540229885057","4.048592032320064"
"Monkey King","Lion","174","103","71","0.5919540229885057","3.670105794088621"
"Enigma","Rubick","245","145","100","0.5918367346938775","5.649970787220419"
"Razor","Chaos Knight","71","42","29","0.5915492957746479","5.382777830144528"
"Warlock","Underlord","71","42","29","0.5915492957746479","4.958461066986695"
"Bristleback","Rubick","93","55","38","0.5913978494623656","7.044219974926866"
"Earthshaker","Hoodwink","93","55","38","0.5913978494623656","4.028950302618682"
"Ember Spirit","Drow Ranger","115","68","47","0.591304347826087","6.404637341366818"
"Monkey King","Warlock","115","68","47","0.591304347826087","3.5359147237127737"
"Rubick","Jakiro","203","120","83","0.5911330049261084","4.931859363831249"
"Templar Assassin","Night Stalker","66","39","27","0.5909090909090909","7.309013413755123"
"Monkey King","Undying","154","91","63","0.5909090909090909","5.921215761061835"
"Shadow Demon","Underlord","110","65","45","0.5909090909090909","5.724625643269892"
"Dark Willow","Keeper of the Light","88","52","36","0.5909090909090909","5.282109219062717"
"Nature's Prophet","Earthshaker","88","52","36","0.5909090909090909","5.177374447248167"
"Mirana","Alchemist","66","39","27","0.5909090909090909","4.718915257328686"
"Pangolier","Pudge","88","52","36","0.5909090909090909","4.497143562757469"
"Spirit Breaker","Dragon Knight","66","39","27","0.5909090909090909","4.069356223173104"
"Chen","Earthshaker","66","39","27","0.5909090909090909","2.042713534297738"
"Earth Spirit","Hoodwink","105","62","43","0.5904761904761905","6.671817771803318"
"Puck","Phantom Assassin","83","49","34","0.5903614457831325","5.826819152442952"
"Invoker","Warlock","83","49","34","0.5903614457831325","3.2855118686719744"
"Centaur Warrunner","Gyrocopter","205","121","84","0.5902439024390244","4.8858639793745775"
"Ursa","Axe","61","36","25","0.5901639344262295","7.973552334205922"
"Medusa","Snapfire","183","108","75","0.5901639344262295","6.330679732379578"
"Doom","Jakiro","122","72","50","0.5901639344262295","5.9244359017970485"
"Enigma","Shadow Shaman","61","36","25","0.5901639344262295","4.759357005634424"
"Crystal Maiden","Ember Spirit","261","154","107","0.5900383141762452","4.9508535532215046"
"Doom","Slardar","100","59","41","0.59","2.5594211971391214"
"Razor","Snapfire","178","105","73","0.5898876404494382","4.810406337467392"
"Treant Protector","Underlord","78","46","32","0.5897435897435898","5.560909691654562"
"Enigma","Void Spirit","78","46","32","0.5897435897435898","4.879843472153242"
"Enigma","Marci","117","69","48","0.5897435897435898","4.804626405161613"
"Brewmaster","Disruptor","95","56","39","0.5894736842105263","4.366206020990041"
"Alchemist","Shadow Fiend","56","33","23","0.5892857142857143","6.89826618737155"
"Medusa","Sniper","56","33","23","0.5892857142857143","5.658841544174898"
"Naga Siren","Weaver","56","33","23","0.5892857142857143","5.6125661659484845"
"Bane","Vengeful Spirit","56","33","23","0.5892857142857143","5.501968425342271"
"Marci","Leshrac","112","66","46","0.5892857142857143","5.416759479000708"
"Night Stalker","Muerta","56","33","23","0.5892857142857143","4.028294705114658"
"Ringmaster","Dragon Knight","73","43","30","0.589041095890411","6.637664459000821"
"Kunkka","Techies","73","43","30","0.589041095890411","6.268131791474522"
"Winter Wyvern","Zeus","73","43","30","0.589041095890411","6.006472632745005"
"Mirana","Earth Spirit","73","43","30","0.589041095890411","5.977823649055428"
"Leshrac","Luna","73","43","30","0.589041095890411","5.646931965445936"
"Death Prophet","Gyrocopter","90","53","37","0.5888888888888889","4.33649411740508"
"Magnus","Dawnbreaker","124","73","51","0.5887096774193549","6.2050827281816385"
"Anti-Mage","Enchantress","51","30","21","0.5882352941176471","7.9711722953228"
"Ogre Magi","Phoenix","102","60","42","0.5882352941176471","7.555959337607527"
"Crystal Maiden","Gyrocopter","102","60","42","0.5882352941176471","6.824102468419373"
"Bristleback","Pugna","85","50","35","0.5882352941176471","5.92337868063915"
"Io","Shadow Demon","85","50","35","0.5882352941176471","5.8478619259036755"
"Bounty Hunter","Timbersaw","51","30","21","0.5882352941176471","5.324472334032013"
"Weaver","Troll Warlord","68","40","28","0.5882352941176471","5.317705968354937"
"Viper","Zeus","51","30","21","0.5882352941176471","4.307820663210516"
"Luna","Viper","51","30","21","0.5882352941176471","4.114071572759372"
"Magnus","Sven","68","40","28","0.5882352941176471","4.01461106218603"
"Enchantress","Drow Ranger","68","40","28","0.5882352941176471","3.7195949884422492"
"Bane","Queen of Pain","221","130","91","0.5882352941176471","3.6170866720564985"
"Brewmaster","Razor","85","50","35","0.5882352941176471","2.851370811923352"
"Dark Seer","Windranger","102","60","42","0.5882352941176471","2.2851631955156915"
"Bane","Shadow Demon","165","97","68","0.5878787878787879","4.368706577398457"
"Enchantress","Zeus","114","67","47","0.5877192982456141","5.278546727818785"
"Bristleback","Invoker","97","57","40","0.5876288659793815","4.994666885914273"
"Lifestealer","Dark Willow","97","57","40","0.5876288659793815","4.681626646319587"
"Clockwerk","Slark","80","47","33","0.5875","8.197343267841115"
"Elder Titan","Morphling","80","47","33","0.5875","6.784581693376445"
"Brewmaster","Invoker","80","47","33","0.5875","4.857267573318283"
"Nature's Prophet","Jakiro","160","94","66","0.5875","4.013790746730334"
"Naga Siren","Dark Willow","80","47","33","0.5875","3.2461644772052667"
"Nyx Assassin","Earth Spirit","63","37","26","0.5873015873015873","9.037626805995902"
"Monkey King","Drow Ranger","63","37","26","0.5873015873015873","5.650078540443642"
"Mirana","Phantom Assassin","63","37","26","0.5873015873015873","5.4055883793004025"
"Spectre","Lina","63","37","26","0.5873015873015873","5.07133064663839"
"Bounty Hunter","Rubick","63","37","26","0.5873015873015873","4.930418840040879"
"Bane","Bristleback","63","37","26","0.5873015873015873","4.917651942949702"
"Snapfire","Dawnbreaker","189","111","78","0.5873015873015873","4.607709354440739"
"Anti-Mage","Tiny","63","37","26","0.5873015873015873","4.164696340247626"
"Monkey King","Tusk","235","138","97","0.5872340425531914","4.237136284400079"
"Treant Protector","Jakiro","109","64","45","0.5871559633027523","7.194408736627498"
"Warlock","Dark Willow","92","54","38","0.5869565217391305","7.458822587923811"
"Chen","Puck","138","81","57","0.5869565217391305","4.952858913231845"
"Lycan","Rubick","138","81","57","0.5869565217391305","4.356843710019121"
"Shadow Shaman","Queen of Pain","92","54","38","0.5869565217391305","4.352479484241024"
"Skywrath Mage","Dawnbreaker","75","44","31","0.5866666666666667","5.608314556092379"
"Nyx Assassin","Dark Willow","75","44","31","0.5866666666666667","3.650605386845129"
"Treant Protector","Timbersaw","133","78","55","0.5864661654135338","6.048705545385719"
"Earthshaker","Snapfire","133","78","55","0.5864661654135338","5.471018657393538"
"Spirit Breaker","Weaver","133","78","55","0.5864661654135338","4.341485671366316"
"Dark Willow","Phoenix","162","95","67","0.5864197530864198","4.657691233839064"
"Clockwerk","Silencer","162","95","67","0.5864197530864198","4.641713057702138"
"Invoker","Kunkka","162","95","67","0.5864197530864198","4.594149452185942"
"Shadow Fiend","Keeper of the Light","58","34","24","0.5862068965517241","6.467559605195849"
"Sven","Silencer","87","51","36","0.5862068965517241","6.361102210963033"
"Nyx Assassin","Enigma","58","34","24","0.5862068965517241","5.673283259939132"
"Kunkka","Queen of Pain","203","119","84","0.5862068965517241","5.437195947851708"
"Mirana","Lich","58","34","24","0.5862068965517241","4.868586586111893"
"Ursa","Gyrocopter","116","68","48","0.5862068965517241","4.6805769576189045"
"Timbersaw","Pudge","58","34","24","0.5862068965517241","4.659511531103543"
"Naga Siren","Alchemist","58","34","24","0.5862068965517241","4.640392912312026"
"Elder Titan","Terrorblade","87","51","36","0.5862068965517241","4.376267347792991"
"Bane","Crystal Maiden","58","34","24","0.5862068965517241","3.3728362556074107"
"Death Prophet","Ogre Magi","58","34","24","0.5862068965517241","3.3328206716497077"
"Pugna","Dark Willow","99","58","41","0.5858585858585859","3.687414684686608"
"Elder Titan","Doom","70","41","29","0.5857142857142857","6.58657235402891"
"Pangolier","Spectre","70","41","29","0.5857142857142857","5.842695109732131"
"Medusa","Abaddon","70","41","29","0.5857142857142857","5.375247348003821"
"Chen","Marci","70","41","29","0.5857142857142857","2.18341561444866"
"Tidehunter","Warlock","111","65","46","0.5855855855855856","3.9756370984516916"
"Lycan","Tiny","193","113","80","0.5854922279792746","5.3527576815879305"
"Terrorblade","Dawnbreaker","123","72","51","0.5853658536585366","4.820306844447635"
"Shadow Shaman","Snapfire","82","48","34","0.5853658536585366","4.39041606033619"
"Bounty Hunter","Pangolier","82","48","34","0.5853658536585366","3.945091042416845"
"Timbersaw","Jakiro","135","79","56","0.5851851851851851","4.26085998278397"
"Treant Protector","Weaver","94","55","39","0.5851063829787234","3.377994173615949"
"Batrider","Dawnbreaker","200","117","83","0.585","3.2764724997943193"
"Kez","Beastmaster","53","31","22","0.5849056603773585","5.81102320322886"
"Enchantress","Lion","159","93","66","0.5849056603773585","5.003609207110058"
"Shadow Demon","Dazzle","53","31","22","0.5849056603773585","4.385002025532945"
"Elder Titan","Weaver","53","31","22","0.5849056603773585","4.309353516783906"
"Axe","Silencer","53","31","22","0.5849056603773585","2.7551061828084884"
"Leshrac","Tidehunter","118","69","49","0.5847457627118644","4.659529498035782"
"Morphling","Dawnbreaker","118","69","49","0.5847457627118644","4.468490994430067"
"Shadow Demon","Viper","65","38","27","0.5846153846153846","4.4357624929061465"
"Beastmaster","Riki","65","38","27","0.5846153846153846","4.111195388265294"
"Nyx Assassin","Razor","77","45","32","0.5844155844155844","8.408685271163629"
"Faceless Void","Primal Beast","154","90","64","0.5844155844155844","4.782604887875162"
"Ember Spirit","Dazzle","77","45","32","0.5844155844155844","4.241301400193213"
"Juggernaut","Hoodwink","77","45","32","0.5844155844155844","3.703719391913136"
"Muerta","Warlock","89","52","37","0.5842696629213483","5.326638286350664"
"Slardar","Weaver","89","52","37","0.5842696629213483","4.2141939400603805"
"Brewmaster","Luna","89","52","37","0.5842696629213483","3.713514628826099"
"Crystal Maiden","Void Spirit","101","59","42","0.5841584158415841","5.254757375007788"
"Nyx Assassin","Dawnbreaker","113","66","47","0.584070796460177","5.47692563489485"
"Marci","Dragon Knight","125","73","52","0.584","6.33436750871017"
"Gyrocopter","Dawnbreaker","125","73","52","0.584","3.1766673736598725"
"Chen","Batrider","137","80","57","0.583941605839416","3.0342061495021815"
"Monkey King","Morphling","185","108","77","0.5837837837837838","4.541875555033373"
"Underlord","Ember Spirit","221","129","92","0.583710407239819","3.1179267814887988"
"Timbersaw","Hoodwink","233","136","97","0.5836909871244635","3.6861320962644117"
"Anti-Mage","Rubick","72","42","30","0.5833333333333334","7.904689349582237"
"Venomancer","Hoodwink","60","35","25","0.5833333333333334","6.720170534854688"
"Anti-Mage","Medusa","132","77","55","0.5833333333333334","6.604724133981197"
"Leshrac","Muerta","60","35","25","0.5833333333333334","6.340430341414861"
"Brewmaster","Timbersaw","84","49","35","0.5833333333333334","6.25624941091924"
"Primal Beast","Rubick","300","175","125","0.5833333333333334","6.168872704985093"
"Bristleback","Dragon Knight","132","77","55","0.5833333333333334","6.123127565493176"
"Invoker","Dark Willow","132","77","55","0.5833333333333334","5.769371073485757"
"Monkey King","Lycan","96","56","40","0.5833333333333334","5.685715529087987"
"Lion","Naga Siren","84","49","35","0.5833333333333334","5.496489206968304"
"Monkey King","Shadow Fiend","132","77","55","0.5833333333333334","5.192795814618558"
"Broodmother","Treant Protector","60","35","25","0.5833333333333334","4.9890270765941676"
"Lifestealer","Clockwerk","108","63","45","0.5833333333333334","4.976528767762094"
"Chaos Knight","Void Spirit","60","35","25","0.5833333333333334","4.887290725140014"
"Chen","Storm Spirit","96","56","40","0.5833333333333334","4.32944716284589"
"Chaos Knight","Treant Protector","60","35","25","0.5833333333333334","4.141044955340814"
"Chen","Razor","72","42","30","0.5833333333333334","3.9700041588186696"
"Visage","Puck","84","49","35","0.5833333333333334","3.7765246800022005"
"Shadow Fiend","Void Spirit","72","42","30","0.5833333333333334","3.5799242771430078"
"Lycan","Centaur Warrunner","72","42","30","0.5833333333333334","3.189875162788955"
"Bane","Windranger","96","56","40","0.5833333333333334","0.5847366024623833"
"Batrider","Tusk","314","183","131","0.5828025477707006","3.9372438545977064"
"Storm Spirit","Slardar","139","81","58","0.5827338129496403","7.097028464763531"
"Enigma","Monkey King","139","81","58","0.5827338129496403","6.423972182712388"
"Invoker","Shadow Fiend","127","74","53","0.5826771653543307","2.8023656178588046"
"Chen","Crystal Maiden","115","67","48","0.5826086956521739","5.265776083833254"
"Dark Seer","Weaver","115","67","48","0.5826086956521739","5.1102712042935545"
"Ember Spirit","Vengeful Spirit","115","67","48","0.5826086956521739","4.476385748489483"
"Riki","Tiny","115","67","48","0.5826086956521739","3.8701625791819074"
"Faceless Void","Undying","103","60","43","0.5825242718446602","5.811480052721965"
"Bristleback","Snapfire","103","60","43","0.5825242718446602","4.698133627188089"
"Puck","Bloodseeker","103","60","43","0.5825242718446602","4.127508836793311"
"Viper","Tidehunter","91","53","38","0.5824175824175825","8.047630956011455"
"Lycan","Morphling","91","53","38","0.5824175824175825","3.5112287172125916"
"Bane","Void Spirit","170","99","71","0.5823529411764706","3.829353712281146"
"Bane","Gyrocopter","170","99","71","0.5823529411764706","3.1810246670638334"
"Skywrath Mage","Queen of Pain","79","46","33","0.5822784810126582","7.388771527069939"
"Bane","Lifestealer","79","46","33","0.5822784810126582","5.957558673483058"
"Lifestealer","Centaur Warrunner","158","92","66","0.5822784810126582","4.896885592803221"
"Muerta","Void Spirit","79","46","33","0.5822784810126582","2.8912436147709113"
"Venomancer","Batrider","134","78","56","0.582089552238806","4.783506023298971"
"Wraith King","Shadow Demon","67","39","28","0.582089552238806","4.631673361484407"
"Wraith King","Luna","67","39","28","0.582089552238806","4.621494490380968"
"Chen","Slardar","67","39","28","0.582089552238806","4.451026503050975"
"Troll Warlord","Jakiro","67","39","28","0.582089552238806","4.077391437675331"
"Doom","Lina","122","71","51","0.5819672131147541","6.09002812925025"
"Tidehunter","Alchemist","55","32","23","0.5818181818181818","7.024118709138118"
"Storm Spirit","Phantom Lancer","55","32","23","0.5818181818181818","6.459538519933206"
"Slark","Jakiro","55","32","23","0.5818181818181818","5.7814414726616965"
"Dragon Knight","Drow Ranger","55","32","23","0.5818181818181818","5.5846635260240545"
"Mars","Tinker","55","32","23","0.5818181818181818","5.453234483512929"
"Anti-Mage","Pangolier","55","32","23","0.5818181818181818","5.353967628950292"
"Tidehunter","Ringmaster","55","32","23","0.5818181818181818","4.416864820253704"
"Primal Beast","Muerta","110","64","46","0.5818181818181818","4.197947976627717"
"Dark Seer","Skywrath Mage","55","32","23","0.5818181818181818","4.084790834977084"
"Shadow Shaman","Lifestealer","55","32","23","0.5818181818181818","3.042742696801322"
"Shadow Demon","Mars","306","178","128","0.5816993464052288","5.3792653189795026"
"Ember Spirit","Snapfire","404","235","169","0.5816831683168316","5.329347163836129"
"Mirana","Lifestealer","98","57","41","0.5816326530612245","3.224720186754526"
"Earthshaker","Clockwerk","141","82","59","0.5815602836879432","4.263989111896896"
"Io","Death Prophet","129","75","54","0.5813953488372093","5.639070828147133"
"Mirana","Invoker","129","75","54","0.5813953488372093","5.386582979964494"
"Dark Seer","Luna","86","50","36","0.5813953488372093","4.837561040674994"
"Visage","Doom","86","50","36","0.5813953488372093","4.837052439605997"
"Monkey King","Ember Spirit","332","193","139","0.5813253012048193","4.027469413292078"
"Bane","Sand King","160","93","67","0.58125","4.775714695753646"
"Lina","Sand King","74","43","31","0.581081081081081","5.38619936806382"
"Lina","Earth Spirit","74","43","31","0.581081081081081","4.531804912777137"
"Chen","Bristleback","105","61","44","0.580952380952381","2.8612219922170095"
"Dark Seer","Beastmaster","167","97","70","0.5808383233532934","4.632858104621266"
"Treant Protector","Razor","93","54","39","0.5806451612903226","6.405137982155945"
"Enchantress","Clinkz","93","54","39","0.5806451612903226","5.503654587704315"
"Treant Protector","Tusk","279","162","117","0.5806451612903226","5.411903986968583"
"Sand King","Grimstroke","93","54","39","0.5806451612903226","4.688755681114411"
"Nature's Prophet","Drow Ranger","62","36","26","0.5806451612903226","3.2733273617766843"
"Puck","Dark Willow","174","101","73","0.5804597701149425","4.282361770442123"
"Kunkka","Grimstroke","174","101","73","0.5804597701149425","2.866202347422052"
"Clockwerk","Primal Beast","255","148","107","0.5803921568627451","4.460551358755691"
"Templar Assassin","Nyx Assassin","112","65","47","0.5803571428571429","4.93997239969322"
"Lina","Jakiro","81","47","34","0.5802469135802469","3.9356656933986525"
"Enchantress","Venomancer","81","47","34","0.5802469135802469","3.7640478098970553"
"Centaur Warrunner","Dark Willow","131","76","55","0.5801526717557252","5.04794488726659"
"Mirana","Windranger","131","76","55","0.5801526717557252","3.54615646447831"
"Vengeful Spirit","Tidehunter","50","29","21","0.58","8.951232487312566"
"Leshrac","Warlock","50","29","21","0.58","8.25231328470852"
"Templar Assassin","Oracle","50","29","21","0.58","6.094956381878572"
"Weaver","Sniper","50","29","21","0.58","5.613300909038869"
"Queen of Pain","Wraith King","100","58","42","0.58","5.4814094425913105"
"Nature's Prophet","Skywrath Mage","50","29","21","0.58","5.390953642082528"
"Ursa","Dark Seer","100","58","42","0.58","5.2916545016884005"
"Axe","Terrorblade","50","29","21","0.58","5.212852920416215"
"Alchemist","Timbersaw","100","58","42","0.58","5.167714778260379"
"Nyx Assassin","Juggernaut","50","29","21","0.58","4.509298878322989"
"Monkey King","Bounty Hunter","50","29","21","0.58","4.399268295831619"
"Centaur Warrunner","Axe","100","58","42","0.58","4.356709274818235"
"Viper","Pugna","50","29","21","0.58","4.215835340788068"
"Ringmaster","Underlord","50","29","21","0.58","3.974634607905216"
"Luna","Ursa","50","29","21","0.58","3.8669661598320713"
"Night Stalker","Disruptor","50","29","21","0.58","3.6639865752795133"
"Underlord","Bloodseeker","50","29","21","0.58","3.6295579449143793"
"Storm Spirit","Techies","169","98","71","0.5798816568047337","5.763790080363554"
"Underlord","Razor","69","40","29","0.5797101449275363","5.923007367858148"
"Nature's Prophet","Dazzle","69","40","29","0.5797101449275363","5.89951463218474"
"Ogre Magi","Medusa","69","40","29","0.5797101449275363","4.011712484923943"
"Ursa","Warlock","69","40","29","0.5797101449275363","1.1338139499465834"
"Enigma","Tiny","226","131","95","0.5796460176991151","3.719646176117897"
"Beastmaster","Axe","88","51","37","0.5795454545454546","6.189537609089136"
"Nature's Prophet","Silencer","107","62","45","0.5794392523364486","3.9490940270878334"
"Windranger","Queen of Pain","126","73","53","0.5793650793650794","6.232088438736878"
"Beastmaster","Windranger","183","106","77","0.5792349726775956","5.041836466045059"
"Skywrath Mage","Abaddon","76","44","32","0.5789473684210527","6.21952283998788"
"Nyx Assassin","Sand King","76","44","32","0.5789473684210527","5.976400583290855"
"Naga Siren","Zeus","57","33","24","0.5789473684210527","5.63185584788322"
"Death Prophet","Phoenix","114","66","48","0.5789473684210527","5.546554728502872"
"Doom","Muerta","114","66","48","0.5789473684210527","5.513712107003105"
"Viper","Sniper","57","33","24","0.5789473684210527","5.396423186458327"
"Leshrac","Faceless Void","95","55","40","0.5789473684210527","5.274853294612747"
"Leshrac","Dawnbreaker","76","44","32","0.5789473684210527","5.226554388809874"
"Nyx Assassin","Puck","171","99","72","0.5789473684210527","4.979841235050884"
"Medusa","Death Prophet","114","66","48","0.5789473684210527","4.6142445477277825"
"Alchemist","Lion","76","44","32","0.5789473684210527","3.861599298892055"
"Clockwerk","Queen of Pain","178","103","75","0.5786516853932584","4.920272215962371"
"Templar Assassin","Warlock","121","70","51","0.5785123966942148","4.834625147528474"
"Timbersaw","Underlord","102","59","43","0.5784313725490197","6.098341152300039"
"Storm Spirit","Phantom Assassin","102","59","43","0.5784313725490197","5.238103989447782"
"Razor","Jakiro","102","59","43","0.5784313725490197","4.405367958292397"
"Lion","Batrider","204","118","86","0.5784313725490197","4.1182172205873835"
"Nature's Prophet","Mars","166","96","70","0.5783132530120482","5.731139964414908"
"Alchemist","Techies","83","48","35","0.5783132530120482","4.769325232408839"
"Lion","Tusk","166","96","70","0.5783132530120482","4.142729491127161"
"Lina","Luna","83","48","35","0.5783132530120482","3.2260731771074815"
"Shadow Demon","Snapfire","230","133","97","0.5782608695652174","4.645140472531215"
"Tidehunter","Morphling","147","85","62","0.5782312925170068","4.041694264008252"
"Naga Siren","Medusa","64","37","27","0.578125","5.896018171971026"
"Elder Titan","Templar Assassin","64","37","27","0.578125","5.295182837996864"
"Bane","Ogre Magi","109","63","46","0.5779816513761468","5.1986252474214645"
"Treant Protector","Doom","135","78","57","0.5777777777777777","6.3532510365210575"
"Io","Clockwerk","90","52","38","0.5777777777777777","4.039451720499708"
"Medusa","Grimstroke","135","78","57","0.5777777777777777","3.6288331967094174"
"Brewmaster","Phoenix","135","78","57","0.5777777777777777","2.0768403070387906"
"Sand King","Jakiro","161","93","68","0.577639751552795","6.056196553947549"
"Nyx Assassin","Dragon Knight","116","67","49","0.5775862068965517","5.253160602167013"
"Magnus","Snapfire","116","67","49","0.5775862068965517","5.016953454675357"
"Bane","Drow Ranger","71","41","30","0.5774647887323944","8.06863456123047"
"Naga Siren","Batrider","142","82","60","0.5774647887323944","6.174140430886027"
"Bane","Sven","71","41","30","0.5774647887323944","5.358413302109979"
"Earthshaker","Lion","71","41","30","0.5774647887323944","4.767157696586499"
"Chen","Morphling","71","41","30","0.5774647887323944","4.7515920753471335"
"Naga Siren","Invoker","71","41","30","0.5774647887323944","4.580252911691811"
"Centaur Warrunner","Storm Spirit","213","123","90","0.5774647887323944","3.8086220699955633"
"Medusa","Templar Assassin","168","97","71","0.5773809523809523","2.906927779796677"
"Slardar","Mars","123","71","52","0.5772357723577236","5.6104360307536325"
"Sand King","Mars","298","172","126","0.5771812080536913","4.602259170281371"
"Shadow Demon","Terrorblade","149","86","63","0.5771812080536913","4.332077192868898"
"Chen","Tusk","149","86","63","0.5771812080536913","3.9164029283994655"
"Pugna","Mars","227","131","96","0.5770925110132159","4.265529934538835"
"Night Stalker","Pugna","52","30","22","0.5769230769230769","6.358677714994533"
"Sand King","Undying","52","30","22","0.5769230769230769","5.430105691041334"
"Skywrath Mage","Hoodwink","130","75","55","0.5769230769230769","5.345463073292087"
"Beastmaster","Morphling","208","120","88","0.5769230769230769","5.263183197824479"
"Disruptor","Treant Protector","156","90","66","0.5769230769230769","4.952456746131958"
"Muerta","Silencer","52","30","22","0.5769230769230769","4.946962936213387"
"Pudge","Doom","52","30","22","0.5769230769230769","4.759328147209265"
"Batrider","Skywrath Mage","130","75","55","0.5769230769230769","4.121686912872017"
"Monkey King","Vengeful Spirit","78","45","33","0.5769230769230769","3.486952078857429"
"Dark Willow","Skywrath Mage","78","45","33","0.5769230769230769","3.229692222082831"
"Disruptor","Chaos Knight","78","45","33","0.5769230769230769","3.0974605893856832"
"Shadow Demon","Zeus","78","45","33","0.5769230769230769","2.653605171477646"
"Kez","Ember Spirit","52","30","22","0.5769230769230769","1.0642344069775944"
"Hoodwink","Ursa","163","94","69","0.5766871165644172","3.7601595290069216"
"Enchantress","Void Spirit","163","94","69","0.5766871165644172","3.030281443169623"
"Beastmaster","Crystal Maiden","222","128","94","0.5765765765765766","4.183790315421918"
"Magnus","Nature's Prophet","111","64","47","0.5765765765765766","3.641268972612097"
"Magnus","Centaur Warrunner","111","64","47","0.5765765765765766","3.514223295146597"
"Io","Enchantress","85","49","36","0.5764705882352941","4.391737751070035"
"Phoenix","Juggernaut","85","49","36","0.5764705882352941","3.3968674785665223"
"Sven","Dawnbreaker","85","49","36","0.5764705882352941","2.159742474056849"
"Chen","Queen of Pain","85","49","36","0.5764705882352941","1.3610528565720115"
"Puck","Dragon Knight","380","219","161","0.5763157894736842","5.347733481931665"
"Bristleback","Sniper","59","34","25","0.576271186440678","5.202081532588615"
"Warlock","Pugna","59","34","25","0.576271186440678","4.56560542654166"
"Bloodseeker","Lina","59","34","25","0.576271186440678","4.232841157416747"
"Bristleback","Lich","59","34","25","0.576271186440678","4.061615394652843"
"Treant Protector","Dark Seer","59","34","25","0.576271186440678","3.627835469390854"
"Dark Seer","Lina","59","34","25","0.576271186440678","2.4863440569864825"
"Disruptor","Tiny","328","189","139","0.5762195121951219","5.805831256111618"
"Clockwerk","Tidehunter","151","87","64","0.5761589403973509","5.25839656331973"
"Puck","Lich","92","53","39","0.5760869565217391","9.786456217201442"
"Slardar","Pangolier","184","106","78","0.5760869565217391","6.831451298742976"
"Tidehunter","Phantom Assassin","92","53","39","0.5760869565217391","3.000464036122354"
"Mirana","Gyrocopter","125","72","53","0.576","5.004551544221115"
"Mirana","Pugna","125","72","53","0.576","4.576821058014745"
"Treant Protector","Grimstroke","125","72","53","0.576","4.4577154679375735"
"Enigma","Puck","158","91","67","0.5759493670886076","4.043597364798545"
"Ursa","Io","66","38","28","0.5757575757575758","7.442045320201546"
"Clockwerk","Shadow Fiend","165","95","70","0.5757575757575758","6.150054353973255"
"Nature's Prophet","Warlock","99","57","42","0.5757575757575758","5.687099578449633"
"Dragon Knight","Broodmother","66","38","28","0.5757575757575758","5.180846922392204"
"Earthshaker","Pugna","66","38","28","0.5757575757575758","4.987940555121301"
"Nyx Assassin","Hoodwink","99","57","42","0.5757575757575758","4.873147386073572"
"Sand King","Io","99","57","42","0.5757575757575758","4.618913692619998"
"Naga Siren","Kunkka","99","57","42","0.5757575757575758","2.8629647899188155"
"Invoker","Snapfire","205","118","87","0.5756097560975609","4.277154092444866"
"Batrider","Nature's Prophet","205","118","87","0.5756097560975609","2.901627534162155"
"Timbersaw","Slardar","106","61","45","0.5754716981132075","5.9695320544420785"
"Primal Beast","Luna","106","61","45","0.5754716981132075","4.8697790106766545"
"Venomancer","Phoenix","73","42","31","0.5753424657534246","5.323595239554681"
"Elder Titan","Phoenix","73","42","31","0.5753424657534246","4.410649319475766"
"Mirana","Lycan","73","42","31","0.5753424657534246","3.37838729433435"
"Bristleback","Tidehunter","73","42","31","0.5753424657534246","3.3748907226870073"
"Primal Beast","Sand King","73","42","31","0.5753424657534246","3.0817774637211865"
"Chen","Disruptor","73","42","31","0.5753424657534246","2.246966606620962"
"Ember Spirit","Legion Commander","113","65","48","0.5752212389380531","3.579352070221972"
"Shadow Demon","Hoodwink","306","176","130","0.5751633986928104","4.850597398132563"
"Shadow Demon","Dark Willow","160","92","68","0.575","4.04008253597564"
"Lifestealer","Snapfire","120","69","51","0.575","3.9837796909098726"
"Templar Assassin","Dark Seer","120","69","51","0.575","2.945675158747462"
"Monkey King","Night Stalker","80","46","34","0.575","2.830272952239232"
"Puck","Bristleback","167","96","71","0.5748502994011976","5.176025312927181"
"Mirana","Timbersaw","167","96","71","0.5748502994011976","4.064783619817774"
"Marci","Timbersaw","127","73","54","0.5748031496062992","4.367576463923379"
"Bristleback","Mars","127","73","54","0.5748031496062992","3.7068588263418145"
"Keeper of the Light","Alchemist","87","50","37","0.5747126436781609","3.3183888250749045"
"Mirana","Tusk","282","162","120","0.574468085106383","3.3339592950136194"
"Death Prophet","Centaur Warrunner","94","54","40","0.574468085106383","3.0571508813249597"
"Chen","Hoodwink","141","81","60","0.574468085106383","2.661004526330843"
"Puck","Terrorblade","249","143","106","0.5742971887550201","4.10982167311271"
"Nyx Assassin","Queen of Pain","101","58","43","0.5742574257425742","5.968161602581415"
"Beastmaster","Dragon Knight","256","147","109","0.57421875","4.310913289654519"
"Lone Druid","Hoodwink","54","31","23","0.5740740740740741","5.239128717502117"
"Treant Protector","Slardar","54","31","23","0.5740740740740741","4.831121850569078"
"Crystal Maiden","Sven","108","62","46","0.5740740740740741","3.760833048992436"
"Riki","Terrorblade","54","31","23","0.5740740740740741","2.500601239904409"
"Lina","Nature's Prophet","108","62","46","0.5740740740740741","2.1132736191959154"
"Sand King","Ringmaster","54","31","23","0.5740740740740741","1.9056357402593902"
"Monkey King","Pangolier","345","198","147","0.5739130434782609","2.4313699324912568"
"Lina","Spirit Breaker","61","35","26","0.5737704918032787","8.063289912658611"
"Tiny","Phantom Lancer","61","35","26","0.5737704918032787","5.7589868294243844"
"Mirana","Io","122","70","52","0.5737704918032787","5.478289604171494"
"Keeper of the Light","Zeus","61","35","26","0.5737704918032787","3.906693922247326"
"Kunkka","Viper","61","35","26","0.5737704918032787","2.750201249584272"
"Monkey King","Legion Commander","61","35","26","0.5737704918032787","2.1803654523371496"
"Earth Spirit","Keeper of the Light","68","39","29","0.5735294117647058","4.46576438763256"
"Undying","Phantom Lancer","68","39","29","0.5735294117647058","4.423701723494938"
"Lycan","Invoker","68","39","29","0.5735294117647058","3.4295083610817105"
"Enigma","Brewmaster","68","39","29","0.5735294117647058","2.9919662815276657"
"Chen","Windranger","75","43","32","0.5733333333333334","4.056456190241884"
"Dragon Knight","Axe","75","43","32","0.5733333333333334","3.936764469452916"
"Puck","Ringmaster","82","47","35","0.573170731707317","6.734356140253763"
"Faceless Void","Keeper of the Light","164","94","70","0.573170731707317","4.9251532393065744"
"Naga Siren","Treant Protector","82","47","35","0.573170731707317","4.247130171509751"
"Chen","Beastmaster","164","94","70","0.573170731707317","3.844123322456954"
"Shadow Fiend","Silencer","82","47","35","0.573170731707317","3.736246880425393"
"Naga Siren","Pangolier","171","98","73","0.5730994152046783","4.492288571161307"
"Faceless Void","Lion","89","51","38","0.5730337078651685","5.642763970053237"
"Void Spirit","Venomancer","89","51","38","0.5730337078651685","2.6813111809709627"
"Sven","Leshrac","89","51","38","0.5730337078651685","1.2955287229565504"
"Mirana","Undying","185","106","79","0.572972972972973","5.021584613881541"
"Keeper of the Light","Lion","96","55","41","0.5729166666666666","7.4663672219731705"
"Enigma","Razor","96","55","41","0.5729166666666666","5.1572704012672625"
"Dragon Knight","Zeus","96","55","41","0.5729166666666666","4.109976387350307"
"Disruptor","Drow Ranger","96","55","41","0.5729166666666666","3.93237345232365"
"Magnus","Dark Willow","96","55","41","0.5729166666666666","3.6874894022514275"
"Bane","Storm Spirit","302","173","129","0.5728476821192053","4.903579571927912"
"Alchemist","Mars","103","59","44","0.5728155339805825","4.120809351722372"
"Kunkka","Jakiro","103","59","44","0.5728155339805825","3.8780456836907957"
"Storm Spirit","Snapfire","330","189","141","0.5727272727272728","5.080486608028024"
"Magnus","Gyrocopter","110","63","47","0.5727272727272728","4.965414400345027"
"Crystal Maiden","Jakiro","117","67","50","0.5726495726495726","5.304192417978484"
"Lion","Dark Willow","117","67","50","0.5726495726495726","3.13856806704121"
"Axe","Pangolier","124","71","53","0.5725806451612904","5.973485299030948"
"Medusa","Queen of Pain","131","75","56","0.5725190839694656","6.9091166185836"
"Clockwerk","Lich","131","75","56","0.5725190839694656","4.827631215358552"
"Templar Assassin","Dawnbreaker","138","79","59","0.572463768115942","5.779727847014636"
"Treant Protector","Storm Spirit","145","83","62","0.5724137931034483","4.26169627761298"
"Bristleback","Jakiro","152","87","65","0.5723684210526315","3.912099123661038"
"Monkey King","Kunkka","180","103","77","0.5722222222222222","4.157849788283423"
"Death Prophet","Hoodwink","201","115","86","0.572139303482587","3.9850984497329067"
"Batrider","Windranger","222","127","95","0.5720720720720721","4.043091664197613"
"Queen of Pain","Techies","84","48","36","0.5714285714285714","5.862585877326749"
"Clockwerk","Weaver","168","96","72","0.5714285714285714","5.5414173005848815"
"Clockwerk","Sven","119","68","51","0.5714285714285714","5.540527004428633"
"Venomancer","Tiny","105","60","45","0.5714285714285714","5.3341294509993515"
"Doom","Dragon Knight","238","136","102","0.5714285714285714","5.253486981240389"
"Silencer","Slark","70","40","30","0.5714285714285714","5.013812897745764"
"Anti-Mage","Snapfire","56","32","24","0.5714285714285714","4.901780180449178"
"Crystal Maiden","Underlord","70","40","30","0.5714285714285714","4.8680375968815355"
"Zeus","Storm Spirit","56","32","24","0.5714285714285714","4.78026149764872"
"Undying","Vengeful Spirit","63","36","27","0.5714285714285714","4.731062531587636"
"Lifestealer","Techies","77","44","33","0.5714285714285714","4.682684683449179"
"Centaur Warrunner","Viper","56","32","24","0.5714285714285714","4.667352400206744"
"Medusa","Phantom Assassin","56","32","24","0.5714285714285714","4.625106013318161"
"Magnus","Hoodwink","91","52","39","0.5714285714285714","4.492100241316686"
"Phantom Assassin","Batrider","84","48","36","0.5714285714285714","4.474510326309839"
"Bristleback","Weaver","63","36","27","0.5714285714285714","4.427550197257931"
"Medusa","Chaos Knight","56","32","24","0.5714285714285714","4.368471218224604"
"Leshrac","Zeus","70","40","30","0.5714285714285714","4.281457660280408"
"Medusa","Jakiro","77","44","33","0.5714285714285714","4.267053158543502"
"Nature's Prophet","Pudge","63","36","27","0.5714285714285714","4.248228390460427"
"Io","Weaver","119","68","51","0.5714285714285714","4.054540217913903"
"Morphling","Silencer","119","68","51","0.5714285714285714","4.054522532896886"
"Queen of Pain","Morphling","126","72","54","0.5714285714285714","4.019316709647563"
"Jakiro","Void Spirit","126","72","54","0.5714285714285714","4.018738997874846"
"Earthshaker","Void Spirit","56","32","24","0.5714285714285714","4.017435962261433"
"Wraith King","Tusk","56","32","24","0.5714285714285714","3.955355428416712"
"Nature's Prophet","Timbersaw","182","104","78","0.5714285714285714","3.8664973340612745"
"Shadow Shaman","Luna","56","32","24","0.5714285714285714","3.85702334378922"
"Wraith King","Grimstroke","112","64","48","0.5714285714285714","3.782452037920187"
"Slark","Tusk","91","52","39","0.5714285714285714","3.7259681010465417"
"Muerta","Axe","63","36","27","0.5714285714285714","3.6736195307786543"
"Monkey King","Chaos Knight","112","64","48","0.5714285714285714","3.594404915821254"
"Oracle","Ember Spirit","63","36","27","0.5714285714285714","3.5027196628639943"
"Nyx Assassin","Brewmaster","56","32","24","0.5714285714285714","3.4779848517982583"
"Invoker","Queen of Pain","175","100","75","0.5714285714285714","3.2625140546463722"
"Medusa","Rubick","168","96","72","0.5714285714285714","3.2572901454427474"
"Monkey King","Doom","252","144","108","0.5714285714285714","3.233604645998586"
"Sand King","Chaos Knight","84","48","36","0.5714285714285714","3.210021206864318"
"Crystal Maiden","Chaos Knight","70","40","30","0.5714285714285714","3.175251593532932"
"Naga Siren","Undying","112","64","48","0.5714285714285714","2.9738664502209673"
"Leshrac","Bloodseeker","56","32","24","0.5714285714285714","2.815678633388822"
"Axe","Techies","56","32","24","0.5714285714285714","0.7617007239011665"
"Nature's Prophet","Dragon Knight","219","125","94","0.5707762557077626","3.766249354528198"
"Phantom Assassin","Tiny","177","101","76","0.5706214689265536","5.212369232755906"
"Earth Spirit","Tusk","170","97","73","0.5705882352941176","4.454088945102658"
"Primal Beast","Phoenix","156","89","67","0.5705128205128205","4.826605003382785"
"Disruptor","Phoenix","156","89","67","0.5705128205128205","3.9884733283812714"
"Beastmaster","Dawnbreaker","256","146","110","0.5703125","2.8745576494678255"
"Underlord","Enchantress","128","73","55","0.5703125","2.3749220358703442"
"Leshrac","Rubick","249","142","107","0.570281124497992","3.7503738816579495"
"Tiny","Drow Ranger","121","69","52","0.5702479338842975","5.548820352729316"
"Ember Spirit","Lich","121","69","52","0.5702479338842975","4.322116045578653"
"Razor","Windranger","121","69","52","0.5702479338842975","3.190218028850392"
"Slardar","Tidehunter","114","65","49","0.5701754385964912","5.670582325950659"
"Ursa","Underlord","114","65","49","0.5701754385964912","4.691865841542698"
"Razor","Void Spirit","114","65","49","0.5701754385964912","4.660961915719513"
"Mirana","Sand King","107","61","46","0.5700934579439252","4.110887791225113"
"Ursa","Queen of Pain","100","57","43","0.57","5.219968760789215"
"Muerta","Slardar","100","57","43","0.57","3.0413432706763057"
"Leshrac","Silencer","100","57","43","0.57","2.0630341952301436"
"Shadow Demon","Ogre Magi","93","53","40","0.5698924731182796","5.073220276639398"
"Keeper of the Light","Magnus","93","53","40","0.5698924731182796","3.083860160081959"
"Disruptor","Leshrac","179","102","77","0.5698324022346368","4.926050239428103"
"Puck","Grimstroke","172","98","74","0.5697674418604651","3.7058787698494373"
"Dark Willow","Death Prophet","86","49","37","0.5697674418604651","3.405084251354232"
"Earthshaker","Undying","86","49","37","0.5697674418604651","3.134740630072546"
"Abaddon","Void Spirit","86","49","37","0.5697674418604651","2.636594757039359"
"Faceless Void","Batrider","244","139","105","0.569672131147541","3.5983613453188767"
"Bane","Dark Seer","79","45","34","0.569620253164557","6.763875489051604"
"Pugna","Luna","79","45","34","0.569620253164557","5.422260101825642"
"Puck","Vengeful Spirit","79","45","34","0.569620253164557","4.776243192379493"
"Clinkz","Ember Spirit","79","45","34","0.569620253164557","4.7036485869813305"
"Pugna","Jakiro","79","45","34","0.569620253164557","4.588879063572974"
"Lifestealer","Razor","79","45","34","0.569620253164557","3.905799107639761"
"Abaddon","Doom","79","45","34","0.569620253164557","3.681781200180822"
"Slardar","Sand King","79","45","34","0.569620253164557","3.4520069359049432"
"Treant Protector","Drow Ranger","79","45","34","0.569620253164557","3.1638040491241317"
"Lion","Terrorblade","158","90","68","0.569620253164557","2.485767134844742"
"Spirit Breaker","Hoodwink","79","45","34","0.569620253164557","1.9157025096169846"
"Earthshaker","Muerta","79","45","34","0.569620253164557","1.4148449791449538"
"Bane","Tusk","151","86","65","0.5695364238410596","5.195776611172076"
"Brewmaster","Dawnbreaker","72","41","31","0.5694444444444444","4.8716969105665875"
"Doom","Winter Wyvern","72","41","31","0.5694444444444444","4.735238681714111"
"Lifestealer","Tidehunter","65","37","28","0.5692307692307692","6.250890144006624"
"Gyrocopter","Ringmaster","65","37","28","0.5692307692307692","4.514584111119472"
"Monkey King","Slark","65","37","28","0.5692307692307692","1.988685819497984"
"Underlord","Luna","65","37","28","0.5692307692307692","1.3998712768506973"
"Treant Protector","Phoenix","188","107","81","0.5691489361702128","3.9705339023555872"
"Nature's Prophet","Zeus","58","33","25","0.5689655172413793","6.648100196634834"
"Slark","Queen of Pain","58","33","25","0.5689655172413793","5.440082914266558"
"Venomancer","Puck","58","33","25","0.5689655172413793","4.650084062005251"
"Ember Spirit","Jakiro","290","165","125","0.5689655172413793","4.247338917787642"
"Naga Siren","Broodmother","116","66","50","0.5689655172413793","3.9502647682953183"
"Techies","Windranger","174","99","75","0.5689655172413793","3.832319363258947"
"Luna","Marci","58","33","25","0.5689655172413793","3.4564104211913835"
"Leshrac","Phoenix","116","66","50","0.5689655172413793","3.45435771693874"
"Doom","Chaos Knight","109","62","47","0.5688073394495413","5.524890060470894"
"Naga Siren","Storm Spirit","109","62","47","0.5688073394495413","4.24068834700207"
"Magnus","Primal Beast","109","62","47","0.5688073394495413","3.8410190831476454"
"Zeus","Tusk","109","62","47","0.5688073394495413","3.380417845729535"
"Sand King","Disruptor","109","62","47","0.5688073394495413","2.2305307337118934"
"Timbersaw","Wraith King","51","29","22","0.5686274509803921","7.2778102920231875"
"Abaddon","Windranger","51","29","22","0.5686274509803921","4.463364256190309"
"Slark","Dark Willow","51","29","22","0.5686274509803921","4.4345816793910755"
"Gyrocopter","Windranger","102","58","44","0.5686274509803921","4.387956350393511"
"Leshrac","Earth Spirit","51","29","22","0.5686274509803921","4.253872534021016"
"Faceless Void","Doom","102","58","44","0.5686274509803921","3.8684637007360507"
"Lina","Dawnbreaker","102","58","44","0.5686274509803921","3.2506548598886447"
"Anti-Mage","Clockwerk","51","29","22","0.5686274509803921","3.20498562977467"
"Mirana","Primal Beast","153","87","66","0.5686274509803921","2.9733960299212416"
"Ursa","Bloodseeker","51","29","22","0.5686274509803921","2.8348770742667497"
"Brewmaster","Lina","51","29","22","0.5686274509803921","0.8499822988108983"
"Monkey King","Razor","146","83","63","0.5684931506849316","4.200428200400732"
"Lion","Timbersaw","146","83","63","0.5684931506849316","3.0799381899404494"
"Shadow Demon","Vengeful Spirit","95","54","41","0.5684210526315789","3.771937443642369"
"Tusk","Techies","95","54","41","0.5684210526315789","2.226115646330307"
"Visage","Morphling","88","50","38","0.5681818181818182","4.11780457100677"
"Sven","Queen of Pain","88","50","38","0.5681818181818182","3.1004113440807246"
"Death Prophet","Puck","169","96","73","0.5680473372781065","5.2669201149678155"
"Monkey King","Puck","294","167","127","0.5680272108843537","3.2250163775166456"
"Storm Spirit","Anti-Mage","125","71","54","0.568","3.337227704872935"
"Bristleback","Timbersaw","125","71","54","0.568","2.2149138777666932"
"Leshrac","Void Spirit","81","46","35","0.5679012345679012","5.209850562502558"
"Chaos Knight","Pugna","81","46","35","0.5679012345679012","3.6550262942959924"
"Templar Assassin","Skywrath Mage","118","67","51","0.5677966101694916","2.4044327607578007"
"Clinkz","Pangolier","74","42","32","0.5675675675675675","7.542679999706657"
"Lycan","Marci","74","42","32","0.5675675675675675","6.271063074226496"
"Drow Ranger","Puck","74","42","32","0.5675675675675675","6.254406671338432"
"Mars","Lich","74","42","32","0.5675675675675675","5.787124994265886"
"Visage","Storm Spirit","74","42","32","0.5675675675675675","4.722391034577215"
"Invoker","Luna","111","63","48","0.5675675675675675","3.9344266859446515"
"Techies","Lich","111","63","48","0.5675675675675675","3.8877493043902445"
"Vengeful Spirit","Windranger","74","42","32","0.5675675675675675","3.5089003659299136"
"Bristleback","Ringmaster","74","42","32","0.5675675675675675","3.4810371303306105"
"Warlock","Enchantress","74","42","32","0.5675675675675675","3.0621469407513726"
"Shadow Fiend","Dawnbreaker","111","63","48","0.5675675675675675","3.047193590478868"
"Sand King","Underlord","74","42","32","0.5675675675675675","2.7153401900016894"
"Bloodseeker","Skywrath Mage","74","42","32","0.5675675675675675","2.6000928485523493"
"Snapfire","Lich","74","42","32","0.5675675675675675","1.793937480091225"
"Lina","Mars","178","101","77","0.5674157303370787","4.51606828508308"
"Shadow Demon","Death Prophet","141","80","61","0.5673758865248227","5.361449340509245"
"Kunkka","Brewmaster","104","59","45","0.5673076923076923","6.668438802827363"
"Dark Willow","Jakiro","104","59","45","0.5673076923076923","5.151398510526224"
"Tusk","Lycan","104","59","45","0.5673076923076923","5.065158989887167"
"Enchantress","Muerta","104","59","45","0.5673076923076923","4.421505343166589"
"Medusa","Tidehunter","104","59","45","0.5673076923076923","4.204637723507056"
"Puck","Weaver","201","114","87","0.5671641791044776","5.198389596844808"
"Chen","Timbersaw","134","76","58","0.5671641791044776","4.312705657946724"
"Warlock","Weaver","67","38","29","0.5671641791044776","3.885858506749461"
"Dark Seer","Tusk","134","76","58","0.5671641791044776","2.8873077432853544"
"Lina","Lifestealer","67","38","29","0.5671641791044776","1.9140621104946864"
"Disruptor","Lycan","97","55","42","0.5670103092783505","3.6092513251833025"
"Ursa","Morphling","127","72","55","0.5669291338582677","3.6371497918431466"
"Ember Spirit","Slardar","157","89","68","0.5668789808917197","4.121364871796236"
"Nyx Assassin","Sven","60","34","26","0.5666666666666667","5.304390306735851"
"Timbersaw","Sniper","60","34","26","0.5666666666666667","5.284477129617448"
"Clinkz","Dragon Knight","60","34","26","0.5666666666666667","4.944380538894593"
"Primal Beast","Medusa","60","34","26","0.5666666666666667","4.8476315159903445"
"Centaur Warrunner","Warlock","120","68","52","0.5666666666666667","4.718883994667357"
"Slark","Windranger","60","34","26","0.5666666666666667","4.455582504351666"
"Crystal Maiden","Medusa","90","51","39","0.5666666666666667","4.261734456585016"
"Magnus","Dragon Knight","120","68","52","0.5666666666666667","4.25751372792551"
"Tidehunter","Gyrocopter","120","68","52","0.5666666666666667","3.806006548217381"
"Mars","Troll Warlord","90","51","39","0.5666666666666667","3.6522260830226534"
"Marci","Lifestealer","60","34","26","0.5666666666666667","3.312165773064656"
"Spirit Breaker","Nature's Prophet","60","34","26","0.5666666666666667","3.1631425571929537"
"Undying","Zeus","60","34","26","0.5666666666666667","2.912183813219203"
"Dark Seer","Dark Willow","120","68","52","0.5666666666666667","2.1194302433580354"
"Monkey King","Troll Warlord","120","68","52","0.5666666666666667","1.866714732676111"
"Ember Spirit","Weaver","203","115","88","0.5665024630541872","4.622883550676505"
"Magnus","Lion","143","81","62","0.5664335664335665","3.9664399138482462"
"Brewmaster","Terrorblade","113","64","49","0.5663716814159292","2.374022314582237"
"Weaver","Lion","113","64","49","0.5663716814159292","1.9209978328343136"
"Lion","Clockwerk","196","111","85","0.5663265306122449","4.157199536861012"
"Nature's Prophet","Terrorblade","196","111","85","0.5663265306122449","4.066643774893911"
"Ancient Apparition","Terrorblade","83","47","36","0.5662650602409639","4.522490646899"
"Templar Assassin","Spirit Breaker","83","47","36","0.5662650602409639","3.1310833058578216"
"Silencer","Ursa","83","47","36","0.5662650602409639","2.8357663279258043"
"Monkey King","Centaur Warrunner","136","77","59","0.5661764705882353","3.9696999751874227"
"Skywrath Mage","Terrorblade","136","77","59","0.5661764705882353","1.1774963359569701"
"Puck","Hoodwink","295","167","128","0.5661016949152542","3.000295966016365"
"Winter Wyvern","Monkey King","53","30","23","0.5660377358490566","6.477565249127578"
"Shadow Shaman","Phantom Assassin","53","30","23","0.5660377358490566","5.339763373340439"
"Lycan","Skywrath Mage","53","30","23","0.5660377358490566","3.753589317986438"
"Puck","Riki","53","30","23","0.5660377358490566","3.1609240315368963"
"Enigma","Viper","53","30","23","0.5660377358490566","3.145555506814362"
"Pugna","Earth Spirit","106","60","46","0.5660377358490566","2.3338076935781524"
"Rubick","Io","129","73","56","0.5658914728682171","4.3848203588924815"
"Faceless Void","Razor","129","73","56","0.5658914728682171","3.2363856732315996"
"Crystal Maiden","Phoenix","129","73","56","0.5658914728682171","3.0276819955324696"
"Razor","Grimstroke","129","73","56","0.5658914728682171","2.2094060522221675"
"Treant Protector","Ember Spirit","205","116","89","0.5658536585365853","2.7047747900575665"
"Terrorblade","Dragon Knight","281","159","122","0.5658362989323843","4.716790508271389"
"Morphling","Razor","152","86","66","0.5657894736842105","6.280418097825823"
"Omniknight","Rubick","76","43","33","0.5657894736842105","5.320437023500832"
"Winter Wyvern","Razor","76","43","33","0.5657894736842105","3.9618737876013226"
"Slark","Timbersaw","76","43","33","0.5657894736842105","1.9254620619574292"
"Lina","Snapfire","175","99","76","0.5657142857142857","5.0276451413445375"
"Windranger","Muerta","99","56","43","0.5656565656565656","3.7829494964910606"
"Shadow Shaman","Phoenix","122","69","53","0.5655737704918032","2.85488731680165"
"Storm Spirit","Grimstroke","214","121","93","0.5654205607476636","4.281302916812567"
"Slardar","Queen of Pain","115","65","50","0.5652173913043478","6.234410464297286"
"Abaddon","Morphling","69","39","30","0.5652173913043478","5.46632648256454"
"Dragon Knight","Sniper","92","52","40","0.5652173913043478","4.862153672523502"
"Enigma","Storm Spirit","115","65","50","0.5652173913043478","3.7602392088843177"
"Leshrac","Dark Seer","69","39","30","0.5652173913043478","3.4783560512770513"
"Nyx Assassin","Weaver","92","52","40","0.5652173913043478","3.4265386327325102"
"Naga Siren","Snapfire","161","91","70","0.5652173913043478","3.3382192686603647"
"Leshrac","Terrorblade","161","91","70","0.5652173913043478","3.1450666637375937"
"Mirana","Medusa","138","78","60","0.5652173913043478","2.9089961882826683"
"Mirana","Viper","69","39","30","0.5652173913043478","2.5240845254913093"
"Lycan","Ursa","69","39","30","0.5652173913043478","2.3904971206089747"
"Earth Spirit","Marci","69","39","30","0.5652173913043478","1.924628482017953"
"Bane","Mars","361","204","157","0.5650969529085873","3.651473986526326"
"Pangolier","Earth Spirit","200","113","87","0.565","3.8597921988700015"
"Puck","Rubick","377","213","164","0.5649867374005305","5.127350773452949"
"Centaur Warrunner","Keeper of the Light","108","61","47","0.5648148148148148","4.931626944933321"
"Alchemist","Enigma","85","48","37","0.5647058823529412","6.672031263876938"
"Bounty Hunter","Tiny","85","48","37","0.5647058823529412","6.030962066976017"
"Shadow Shaman","Death Prophet","85","48","37","0.5647058823529412","5.853962225262736"
"Puck","Slark","85","48","37","0.5647058823529412","4.519295387792398"
"Faceless Void","Invoker","85","48","37","0.5647058823529412","3.8077789797645027"
"Warlock","Primal Beast","85","48","37","0.5647058823529412","3.3637492701453975"
"Monkey King","Earthshaker","85","48","37","0.5647058823529412","2.784749429033252"
"Naga Siren","Centaur Warrunner","85","48","37","0.5647058823529412","2.0908699496714847"
"Templar Assassin","Jakiro","147","83","64","0.564625850340136","4.32302002765517"
"Queen of Pain","Alchemist","62","35","27","0.5645161290322581","7.0213304957734435"
"Templar Assassin","Juggernaut","62","35","27","0.5645161290322581","4.6621435711479755"
"Enigma","Sniper","62","35","27","0.5645161290322581","4.415104696374064"
"Bloodseeker","Chaos Knight","62","35","27","0.5645161290322581","3.960060418446459"
"Phantom Lancer","Pangolier","62","35","27","0.5645161290322581","3.696755979151722"
"Faceless Void","Slark","62","35","27","0.5645161290322581","3.6279986430846036"
"Necrophos","Rubick","62","35","27","0.5645161290322581","2.9165172048001407"
"Bane","Undying","124","70","54","0.5645161290322581","2.668928411548189"
"Dark Seer","Grimstroke","62","35","27","0.5645161290322581","2.5258854013842424"
"Lion","Techies","124","70","54","0.5645161290322581","2.251185634600965"
"Chen","Magnus","62","35","27","0.5645161290322581","1.5895783955898048"
"Night Stalker","Invoker","62","35","27","0.5645161290322581","1.424143952646763"
"Templar Assassin","Lich","62","35","27","0.5645161290322581","1.3656070134351317"
"Earthshaker","Phantom Assassin","62","35","27","0.5645161290322581","1.1142101575734937"
"Beastmaster","Terrorblade","326","184","142","0.5644171779141104","3.392684553231876"
"Lycan","Terrorblade","101","57","44","0.5643564356435643","2.671011920536338"
"Visage","Tiny","140","79","61","0.5642857142857143","1.9392371546812548"
"Bane","Tidehunter","179","101","78","0.5642458100558659","3.8403186761514494"
"Enigma","Invoker","78","44","34","0.5641025641025641","7.359764114485143"
"Timbersaw","Lich","78","44","34","0.5641025641025641","6.725222439057963"
"Dawnbreaker","Hoodwink","156","88","68","0.5641025641025641","5.921453250007979"
"Leshrac","Lifestealer","78","44","34","0.5641025641025641","5.2960128532925586"
"Magnus","Marci","78","44","34","0.5641025641025641","4.576100129707343"
"Ember Spirit","Dawnbreaker","234","132","102","0.5641025641025641","4.1384011411698856"
"Sand King","Muerta","78","44","34","0.5641025641025641","4.063982306221965"
"Nature's Prophet","Weaver","78","44","34","0.5641025641025641","3.6138386766904054"
"Viper","Dragon Knight","117","66","51","0.5641025641025641","3.6111060594403908"
"Bane","Batrider","156","88","68","0.5641025641025641","2.9343582897589453"
"Io","Hoodwink","117","66","51","0.5641025641025641","2.1027069926114352"
"Faceless Void","Snapfire","133","75","58","0.5639097744360902","3.6238947052919452"
"Lina","Hoodwink","133","75","58","0.5639097744360902","3.3180159366671163"
"Pugna","Terrorblade","133","75","58","0.5639097744360902","2.3375041456964523"
"Beastmaster","Grimstroke","133","75","58","0.5639097744360902","1.986878132416607"
"Marci","Queen of Pain","94","53","41","0.5638297872340425","3.651986528989006"
"Disruptor","Sven","149","84","65","0.5637583892617449","4.570050356150171"
"Leshrac","Timbersaw","149","84","65","0.5637583892617449","3.3293402113728"
"Lycan","Clockwerk","149","84","65","0.5637583892617449","2.970219824556392"
"Puck","Windranger","204","115","89","0.5637254901960784","5.014507116509548"
"Monkey King","Invoker","204","115","89","0.5637254901960784","3.50972558063831"
"Mirana","Batrider","259","146","113","0.5637065637065637","3.594764123370916"
"Primal Beast","Visage","55","31","24","0.5636363636363636","6.335930626147693"
"Warlock","Axe","55","31","24","0.5636363636363636","6.28689499333949"
"Faceless Void","Troll Warlord","55","31","24","0.5636363636363636","5.450756287212655"
"Tidehunter","Lich","55","31","24","0.5636363636363636","5.411986080654498"
"Storm Spirit","Bounty Hunter","55","31","24","0.5636363636363636","4.635245843731053"
"Lycan","Zeus","55","31","24","0.5636363636363636","4.087791020730953"
"Beastmaster","Invoker","165","93","72","0.5636363636363636","3.872590238791344"
"Warlock","Troll Warlord","55","31","24","0.5636363636363636","3.2129241234120256"
"Elder Titan","Invoker","55","31","24","0.5636363636363636","3.097879140712691"
"Undying","Terrorblade","165","93","72","0.5636363636363636","2.7556995600154783"
"Luna","Skywrath Mage","55","31","24","0.5636363636363636","2.635812009136532"
"Sniper","Earth Spirit","55","31","24","0.5636363636363636","2.462502543621615"
"Huskar","Jakiro","55","31","24","0.5636363636363636","0.98605621956423"
"Treant Protector","Lich","55","31","24","0.5636363636363636","-3.3497104783008353"
"Invoker","Gyrocopter","126","71","55","0.5634920634920635","4.4007320575245945"
"Puck","Zeus","126","71","55","0.5634920634920635","3.9195729732274494"
"Bristleback","Templar Assassin","126","71","55","0.5634920634920635","3.803793014301053"
"Beastmaster","Skywrath Mage","126","71","55","0.5634920634920635","3.270348177609738"
"Warlock","Rubick","71","40","31","0.5633802816901409","5.83325642958667"
"Alchemist","Enchantress","142","80","62","0.5633802816901409","4.891860063668555"
"Vengeful Spirit","Keeper of the Light","71","40","31","0.5633802816901409","4.8158260139288505"
"Ember Spirit","Outworld Devourer","71","40","31","0.5633802816901409","4.507848584044193"
"Legion Commander","Void Spirit","71","40","31","0.5633802816901409","3.85442410816745"
"Grimstroke","Primal Beast","71","40","31","0.5633802816901409","3.5803056224561414"
"Slark","Phoenix","71","40","31","0.5633802816901409","2.868357318695148"
"Disruptor","Oracle","71","40","31","0.5633802816901409","2.696455437294574"
"Shadow Fiend","Weaver","71","40","31","0.5633802816901409","2.547523385256939"
"Doom","Phoenix","245","138","107","0.563265306122449","2.4081009237418205"
"Disruptor","Mars","261","147","114","0.5632183908045977","3.8120674601575515"
"Leshrac","Techies","87","49","38","0.5632183908045977","3.1907260167153098"
"Underlord","Jakiro","119","67","52","0.5630252100840336","2.7368593144341764"
"Monkey King","Ursa","135","76","59","0.562962962962963","1.8751605231346564"
"Doom","Snapfire","302","170","132","0.5629139072847682","3.792535321819348"
"Leshrac","Death Prophet","167","94","73","0.562874251497006","3.782252911490813"
"Ember Spirit","Ursa","215","121","94","0.5627906976744186","3.5555731814822304"
"Mirana","Storm Spirit","247","139","108","0.562753036437247","3.4960325206441314"
"Beastmaster","Timbersaw","263","148","115","0.5627376425855514","2.7376535892241285"
"Clockwerk","Night Stalker","96","54","42","0.5625","6.097038333004804"
"Elder Titan","Batrider","64","36","28","0.5625","5.814758314390474"
"Visage","Timbersaw","64","36","28","0.5625","4.795922003768897"
"Grimstroke","Clockwerk","128","72","56","0.5625","4.631380305324786"
"Ursa","Tusk","176","99","77","0.5625","3.34128428242822"
"Queen of Pain","Timbersaw","176","99","77","0.5625","3.1913621836676853"
"Jakiro","Queen of Pain","144","81","63","0.5625","2.8292602115660697"
"Lifestealer","Weaver","80","45","35","0.5625","2.8006707420555252"
"Night Stalker","Lion","64","36","28","0.5625","2.748030478228933"
"Monkey King","Ringmaster","64","36","28","0.5625","2.663600708653946"
"Treant Protector","Crystal Maiden","96","54","42","0.5625","2.2060274476582977"
"Faceless Void","Lina","80","45","35","0.5625","1.911787752221508"
"Visage","Pangolier","112","63","49","0.5625","1.864039003237723"
"Chen","Keeper of the Light","80","45","35","0.5625","1.7316612378597058"
"Keeper of the Light","Puck","185","104","81","0.5621621621621622","3.886387965237802"
"Disruptor","Morphling","169","95","74","0.5621301775147929","4.246416409266846"
"Timbersaw","Undying","153","86","67","0.5620915032679739","5.187234089125526"
"Tusk","Keeper of the Light","153","86","67","0.5620915032679739","2.4405089003510096"
"Ember Spirit","Chaos Knight","137","77","60","0.5620437956204379","2.7071484785118827"
"Doom","Skywrath Mage","121","68","53","0.5619834710743802","5.440954031860942"
"Medusa","Timbersaw","121","68","53","0.5619834710743802","3.516030747940931"
"Earthshaker","Batrider","105","59","46","0.5619047619047619","4.634394592408513"
"Storm Spirit","Death Prophet","194","109","85","0.5618556701030928","3.144138041171996"
"Faceless Void","Rubick","178","100","78","0.5617977528089888","4.356926655783416"
"Mirana","Ember Spirit","324","182","142","0.5617283950617284","2.652760693438993"
"Disruptor","Centaur Warrunner","162","91","71","0.5617283950617284","1.7226344041043102"
"Omniknight","Mars","73","41","32","0.5616438356164384","4.289997532774253"
"Slark","Dragon Knight","73","41","32","0.5616438356164384","4.039915536069775"
"Lion","Shadow Shaman","73","41","32","0.5616438356164384","3.2523044388596367"
"Naga Siren","Magnus","73","41","32","0.5616438356164384","2.6816829495994736"
"Naga Siren","Dawnbreaker","73","41","32","0.5616438356164384","2.6670869850065593"
"Invoker","Underlord","73","41","32","0.5616438356164384","2.1309858174857323"
"Lifestealer","Void Spirit","73","41","32","0.5616438356164384","1.5735936119370655"
"Clockwerk","Troll Warlord","73","41","32","0.5616438356164384","1.4510334782532461"
"Magnus","Phoenix","130","73","57","0.5615384615384615","4.773800864733071"
"Chen","Gyrocopter","130","73","57","0.5615384615384615","0.9392634457550597"
"Visage","Leshrac","57","32","25","0.5614035087719298","6.554989743238876"
"Shadow Shaman","Naga Siren","57","32","25","0.5614035087719298","6.1042343274767985"
"Bristleback","Zeus","57","32","25","0.5614035087719298","6.064580259424582"
"Outworld Devourer","Weaver","57","32","25","0.5614035087719298","4.939595712907513"
"Naga Siren","Bloodseeker","57","32","25","0.5614035087719298","4.923881208619277"
"Ember Spirit","Sniper","57","32","25","0.5614035087719298","4.808292569899128"
"Templar Assassin","Rubick","228","128","100","0.5614035087719298","4.534795623211758"
"Faceless Void","Alchemist","57","32","25","0.5614035087719298","4.082499213804307"
"Mirana","Slardar","57","32","25","0.5614035087719298","3.7279873250841393"
"Oracle","Void Spirit","57","32","25","0.5614035087719298","3.663729130318885"
"Dark Willow","Drow Ranger","57","32","25","0.5614035087719298","3.5742064628024455"
"Magnus","Warlock","57","32","25","0.5614035087719298","3.203776646199361"
"Bloodseeker","Lycan","57","32","25","0.5614035087719298","3.1390594849684104"
"Sven","Razor","57","32","25","0.5614035087719298","2.812025846972979"
"Warlock","Skywrath Mage","57","32","25","0.5614035087719298","1.6465369835053192"
"Bane","Techies","57","32","25","0.5614035087719298","0.07557195019737435"
"Lich","Dark Willow","57","32","25","0.5614035087719298","-1.4849393253289314"
"Timbersaw","Terrorblade","155","87","68","0.5612903225806452","3.5189729327449832"
"Bane","Ember Spirit","253","142","111","0.5612648221343873","4.186450910144369"
"Disruptor","Skywrath Mage","98","55","43","0.5612244897959183","5.167870248682904"
"Primal Beast","Templar Assassin","98","55","43","0.5612244897959183","4.859324945415381"
"Nature's Prophet","Keeper of the Light","98","55","43","0.5612244897959183","4.017857262050532"
"Treant Protector","Morphling","98","55","43","0.5612244897959183","3.944263318815863"
"Pangolier","Windranger","278","156","122","0.5611510791366906","3.48732743496632"
"Leshrac","Hoodwink","180","101","79","0.5611111111111111","2.5861075713366843"
"Pangolier","Crystal Maiden","262","147","115","0.5610687022900763","4.08194813343928"
"Faceless Void","Dragon Knight","82","46","36","0.5609756097560976","6.064005955311102"
"Shadow Demon","Earthshaker","82","46","36","0.5609756097560976","4.375572147920524"
"Faceless Void","Grimstroke","82","46","36","0.5609756097560976","4.2659436289445365"
"Puck","Broodmother","82","46","36","0.5609756097560976","4.003389287664437"
"Razor","Marci","107","60","47","0.5607476635514018","1.7789694246460592"
"Clockwerk","Muerta","173","97","76","0.5606936416184971","3.266563179588983"
"Death Prophet","Phantom Assassin","66","37","29","0.5606060606060606","5.926511077793661"
"Naga Siren","Jakiro","66","37","29","0.5606060606060606","4.941234591263266"
"Nyx Assassin","Primal Beast","66","37","29","0.5606060606060606","4.808178311116208"
"Nature's Prophet","Sniper","66","37","29","0.5606060606060606","4.536499353802782"
"Nyx Assassin","Rubick","132","74","58","0.5606060606060606","4.183833359306341"
"Windranger","Bloodseeker","66","37","29","0.5606060606060606","3.751860690859262"
"Nyx Assassin","Windranger","66","37","29","0.5606060606060606","3.2734553393591077"
"Templar Assassin","Winter Wyvern","66","37","29","0.5606060606060606","2.678050668937076"
"Disruptor","Sniper","66","37","29","0.5606060606060606","1.9857720534053647"
"Bane","Razor","157","88","69","0.5605095541401274","4.2056825254534935"
"Io","Undying","91","51","40","0.5604395604395604","2.7944035820146262"
"Tiny","Tidehunter","298","167","131","0.5604026845637584","3.3675528359858"
"Batrider","Jakiro","141","79","62","0.5602836879432624","4.014085392639268"
"Slardar","Dark Seer","75","42","33","0.56","6.234279625536384"
"Tiny","Abaddon","150","84","66","0.56","4.654673183917212"
"Spirit Breaker","Chen","50","28","22","0.56","4.553673486661737"
"Troll Warlord","Ursa","100","56","44","0.56","4.488798592186562"
"Luna","Dawnbreaker","75","42","33","0.56","4.408364358871715"
"Spirit Breaker","Silencer","75","42","33","0.56","3.9313783710898047"
"Magnus","Alchemist","75","42","33","0.56","3.8499994064326057"
"Timbersaw","Night Stalker","50","28","22","0.56","3.5933664868023136"
"Rubick","Juggernaut","75","42","33","0.56","3.265126241287534"
"Ursa","Earthshaker","75","42","33","0.56","2.6538298925139445"
"Doom","Mars","225","126","99","0.56","2.452299345474233"
"Axe","Rubick","100","56","44","0.56","2.304511726983141"
"Ember Spirit","Phantom Assassin","125","70","55","0.56","2.0366936912631872"
"Sand King","Marci","50","28","22","0.56","1.0125305673649965"
"Invoker","Drow Ranger","50","28","22","0.56","-0.24966282916122823"
"Mirana","Luna","134","75","59","0.5597014925373134","3.4138283393316753"
"Clockwerk","Spirit Breaker","134","75","59","0.5597014925373134","3.082633298963519"
"Timbersaw","Dark Seer","109","61","48","0.5596330275229358","4.170848080525605"
"Elder Titan","Lion","84","47","37","0.5595238095238095","4.731336537709779"
"Alchemist","Luna","84","47","37","0.5595238095238095","1.5766604154324555"
"Rubick","Drow Ranger","143","80","63","0.5594405594405595","1.9960320858044567"
"Bane","Leshrac","143","80","63","0.5594405594405595","1.8388029193895272"
"Hoodwink","Void Spirit","202","113","89","0.5594059405940595","3.0542380786024013"
"Treant Protector","Axe","59","33","26","0.559322033898305","5.391402304544386"
"Techies","Grimstroke","59","33","26","0.559322033898305","4.777549348084709"
"Lycan","Bristleback","59","33","26","0.559322033898305","4.137066118044272"
"Leshrac","Skywrath Mage","59","33","26","0.559322033898305","3.9397907769604315"
"Clockwerk","Juggernaut","59","33","26","0.559322033898305","3.793662468269746"
"Earth Spirit","Windranger","59","33","26","0.559322033898305","3.3800376298907953"
"Shadow Shaman","Ancient Apparition","59","33","26","0.559322033898305","2.911689279257492"
"Gyrocopter","Ancient Apparition","59","33","26","0.559322033898305","2.771799530357291"
"Crystal Maiden","Vengeful Spirit","59","33","26","0.559322033898305","1.970100574153541"
"Io","Nyx Assassin","59","33","26","0.559322033898305","0.7176691873325551"
"Pangolier","Vengeful Spirit","152","85","67","0.5592105263157895","1.8596063420204734"
"Doom","Undying","220","123","97","0.5590909090909091","3.647250747477983"
"Grimstroke","Gyrocopter","127","71","56","0.5590551181102362","4.0963166996203775"
"Templar Assassin","Luna","127","71","56","0.5590551181102362","3.957492174729999"
"Snapfire","Muerta","68","38","30","0.5588235294117647","5.1108972198033005"
"Gyrocopter","Silencer","68","38","30","0.5588235294117647","4.890265592242743"
"Bristleback","Queen of Pain","68","38","30","0.5588235294117647","3.8823353187371845"
"Luna","Void Spirit","102","57","45","0.5588235294117647","3.564302880577908"
"Tusk","Vengeful Spirit","68","38","30","0.5588235294117647","3.501946129729939"
"Enigma","Keeper of the Light","68","38","30","0.5588235294117647","2.908950485970215"
"Primal Beast","Slark","68","38","30","0.5588235294117647","2.786238125077092"
"Chen","Medusa","68","38","30","0.5588235294117647","2.5225702915739054"
"Faceless Void","Muerta","68","38","30","0.5588235294117647","2.140929673266136"
"Sand King","Morphling","102","57","45","0.5588235294117647","1.5196822293610273"
"Beastmaster","Silencer","179","100","79","0.5586592178770949","4.292011552022221"
"Dark Seer","Terrorblade","145","81","64","0.5586206896551724","2.7954399957840725"
"Doom","Marci","145","81","64","0.5586206896551724","2.238024033882378"
"Visage","Mars","111","62","49","0.5585585585585585","2.1532274884804266"
"Enigma","Dark Seer","77","43","34","0.5584415584415584","6.076873797904412"
"Muerta","Queen of Pain","77","43","34","0.5584415584415584","4.172310653057447"
"Enigma","Shadow Fiend","77","43","34","0.5584415584415584","3.261591269992548"
"Monkey King","Bristleback","154","86","68","0.5584415584415584","1.5483281495182992"
"Razor","Bristleback","77","43","34","0.5584415584415584","0.45867824305059324"
"Earth Spirit","Terrorblade","86","48","38","0.5581395348837209","4.985647435797954"
"Mirana","Faceless Void","86","48","38","0.5581395348837209","4.479193841752508"
"Lion","Luna","129","72","57","0.5581395348837209","4.394532955998059"
"Enigma","Clockwerk","172","96","76","0.5581395348837209","3.7374224989053495"
"Centaur Warrunner","Underlord","86","48","38","0.5581395348837209","2.8706196902557233"
"Chen","Warlock","86","48","38","0.5581395348837209","1.4171883533994218"
"Nature's Prophet","Dawnbreaker","172","96","76","0.5581395348837209","1.301475953322926"
"Hoodwink","Tidehunter","181","101","80","0.5580110497237569","3.3467753766701214"
"Snapfire","Sniper","95","53","42","0.5578947368421052","5.313787226885143"
"Shadow Shaman","Medusa","95","53","42","0.5578947368421052","4.367353502473471"
"Templar Assassin","Crystal Maiden","95","53","42","0.5578947368421052","3.882310464278505"
"Monkey King","Brewmaster","95","53","42","0.5578947368421052","1.4756469425541836"
"Bane","Mirana","147","82","65","0.5578231292517006","3.3266186030212124"
"Hoodwink","Huskar","52","29","23","0.5576923076923077","4.48454605021066"
"Pugna","Lifestealer","52","29","23","0.5576923076923077","3.935179497618221"
"Queen of Pain","Dawnbreaker","104","58","46","0.5576923076923077","3.553836689581347"
"Bristleback","Bounty Hunter","52","29","23","0.5576923076923077","3.476596706707997"
"Beastmaster","Dazzle","52","29","23","0.5576923076923077","3.2195795022229907"
"Bane","Chaos Knight","104","58","46","0.5576923076923077","3.1856724776423837"
"Windranger","Tusk","217","121","96","0.5576036866359447","4.460201414764907"
"Disruptor","Undying","226","126","100","0.5575221238938053","3.380524343092827"
"Tusk","Drow Ranger","113","63","50","0.5575221238938053","3.2517345973867533"
"Enchantress","Earthshaker","113","63","50","0.5575221238938053","2.8487887120007493"
"Treant Protector","Templar Assassin","113","63","50","0.5575221238938053","2.831047741893573"
"Monkey King","Marci","174","97","77","0.5574712643678161","1.3210494254130145"
"Dazzle","Pangolier","61","34","27","0.5573770491803278","4.501874281706463"
"Tusk","Dazzle","61","34","27","0.5573770491803278","3.6296745527875256"
"Chen","Invoker","61","34","27","0.5573770491803278","3.1430395975296324"
"Magnus","Lina","122","68","54","0.5573770491803278","2.7898186520957986"
"Skywrath Mage","Earth Spirit","61","34","27","0.5573770491803278","2.0467614775470047"
"Marci","Abaddon","61","34","27","0.5573770491803278","1.9076873448902254"
"Treant Protector","Medusa","61","34","27","0.5573770491803278","1.662953822841556"
"Bristleback","Silencer","61","34","27","0.5573770491803278","1.537308819295302"
"Abaddon","Viper","61","34","27","0.5573770491803278","0.7983698261422182"
"Alchemist","Pangolier","192","107","85","0.5572916666666666","2.6705932245681683"
"Doom","Dark Willow","131","73","58","0.5572519083969466","1.7176144646647116"
"Death Prophet","Dark Seer","70","39","31","0.5571428571428572","4.950431013544843"
"Naga Siren","Faceless Void","70","39","31","0.5571428571428572","3.792228031139049"
"Lich","Invoker","70","39","31","0.5571428571428572","3.7804616609179145"
"Medusa","Juggernaut","70","39","31","0.5571428571428572","3.7341424942438803"
"Medusa","Shadow Fiend","70","39","31","0.5571428571428572","3.5155815462914854"
"Brewmaster","Beastmaster","140","78","62","0.5571428571428572","3.471951491844683"
"Faceless Void","Centaur Warrunner","70","39","31","0.5571428571428572","2.92402162871167"
"Batrider","Undying","210","117","93","0.5571428571428572","2.8900348693495683"
"Lifestealer","Ember Spirit","140","78","62","0.5571428571428572","2.6520656435625996"
"Puck","Silencer","140","78","62","0.5571428571428572","2.5539746268852617"
"Shadow Shaman","Magnus","70","39","31","0.5571428571428572","0.6261875106225148"
"Alchemist","Undying","70","39","31","0.5571428571428572","0.5277166285070717"
"Kez","Phoenix","70","39","31","0.5571428571428572","-0.1825159570997387"
"Beastmaster","Storm Spirit","386","215","171","0.5569948186528497","2.6141364276977797"
"Bloodseeker","Phantom Assassin","79","44","35","0.5569620253164557","6.090892782307488"
"Nature's Prophet","Phoenix","158","88","70","0.5569620253164557","2.948392384807231"
"Naga Siren","Tiny","167","93","74","0.5568862275449101","4.948542360110022"
"Slardar","Warlock","88","49","39","0.5568181818181818","5.658685153062618"
"Magnus","Disruptor","88","49","39","0.5568181818181818","3.891287088066802"
"Keeper of the Light","Luna","88","49","39","0.5568181818181818","2.9088236000247534"
"Shadow Fiend","Warlock","88","49","39","0.5568181818181818","2.375439858451642"
"Io","Snapfire","176","98","78","0.5568181818181818","1.997085394814934"
"Nature's Prophet","Muerta","88","49","39","0.5568181818181818","1.8081345539337643"
"Windranger","Underlord","88","49","39","0.5568181818181818","0.38342399492205304"
"Pangolier","Tidehunter","282","157","125","0.5567375886524822","3.4222441697064587"
"Faceless Void","Crystal Maiden","97","54","43","0.5567010309278351","4.63847530894213"
"Lion","Grimstroke","106","59","47","0.5566037735849056","2.7490831917712897"
"Templar Assassin","Leshrac","106","59","47","0.5566037735849056","2.0742187627975057"
"Medusa","Techies","115","64","51","0.5565217391304348","4.561958183427805"
"Templar Assassin","Tusk","230","128","102","0.5565217391304348","3.6261381740736693"
"Batrider","Rubick","363","202","161","0.5564738292011019","3.4037924634730046"
"Monkey King","Muerta","124","69","55","0.5564516129032258","2.248662034504064"
"Nyx Assassin","Snapfire","133","74","59","0.556390977443609","3.162205338353147"
"Beastmaster","Ursa","133","74","59","0.556390977443609","2.984271630784322"
"Clockwerk","Brewmaster","142","79","63","0.5563380281690141","3.523029004003625"
"Luna","Phoenix","142","79","63","0.5563380281690141","2.509642880563089"
"Beastmaster","Lina","142","79","63","0.5563380281690141","1.8829564178085376"
"Kunkka","Centaur Warrunner","160","89","71","0.55625","2.5794556945360947"
"Earth Spirit","Tiny","205","114","91","0.5560975609756098","2.9067074051601707"
"Bristleback","Beastmaster","232","129","103","0.5560344827586207","4.077077011095524"
"Shadow Shaman","Tiny","304","169","135","0.555921052631579","3.880404679066447"
"Clockwerk","Techies","117","65","52","0.5555555555555556","6.804128291325143"
"Troll Warlord","Dark Seer","72","40","32","0.5555555555555556","6.095329048036779"
"Templar Assassin","Ancient Apparition","81","45","36","0.5555555555555556","5.6812507967326615"
"Pangolier","Zeus","90","50","40","0.5555555555555556","4.954743028528298"
"Shadow Shaman","Rubick","99","55","44","0.5555555555555556","4.678062038764053"
"Earthshaker","Invoker","81","45","36","0.5555555555555556","4.640175810261911"
"Ursa","Disruptor","135","75","60","0.5555555555555556","4.630794161560411"
"Enigma","Pugna","63","35","28","0.5555555555555556","4.4368805502874435"
"Puck","Dazzle","117","65","52","0.5555555555555556","4.291711053242109"
"Queen of Pain","Juggernaut","63","35","28","0.5555555555555556","4.202180438200664"
"Nature's Prophet","Shadow Demon","108","60","48","0.5555555555555556","4.156833884478844"
"Muerta","Rubick","135","75","60","0.5555555555555556","4.098588494679159"
"Alchemist","Nature's Prophet","81","45","36","0.5555555555555556","3.872587218444002"
"Clinkz","Beastmaster","126","70","56","0.5555555555555556","3.8595121429702943"
"Lion","Drow Ranger","63","35","28","0.5555555555555556","3.546099869860294"
"Puck","Morphling","207","115","92","0.5555555555555556","3.3715129082164115"
"Gyrocopter","Phantom Assassin","99","55","44","0.5555555555555556","3.3196888615214437"
"Alchemist","Medusa","54","30","24","0.5555555555555556","3.136897669860131"
"Treant Protector","Void Spirit","81","45","36","0.5555555555555556","3.107195272977477"
"Ursa","Lifestealer","54","30","24","0.5555555555555556","2.904531086235054"
"Morphling","Ancient Apparition","63","35","28","0.5555555555555556","2.8475995841503936"
"Lina","Lich","63","35","28","0.5555555555555556","2.6830616922958703"
"Crystal Maiden","Ursa","108","60","48","0.5555555555555556","2.6432479672835405"
"Doom","Sven","99","55","44","0.5555555555555556","2.6008527627439433"
"Shadow Demon","Medusa","153","85","68","0.5555555555555556","2.5928963446646947"
"Sniper","Windranger","54","30","24","0.5555555555555556","2.5042669249642"
"Crystal Maiden","Tidehunter","63","35","28","0.5555555555555556","2.467956205617521"
"Weaver","Crystal Maiden","90","50","40","0.5555555555555556","2.275616688966853"
"Sven","Timbersaw","63","35","28","0.5555555555555556","2.2714640517282736"
"Queen of Pain","Phantom Assassin","90","50","40","0.5555555555555556","1.8983228020647176"
"Earth Spirit","Tidehunter","63","35","28","0.5555555555555556","1.8841406245317176"
"Lion","Shadow Fiend","81","45","36","0.5555555555555556","0.8325872028107995"
"Axe","Phoenix","54","30","24","0.5555555555555556","0.2287704256558487"
"Chen","Troll Warlord","54","30","24","0.5555555555555556","-0.07465305473008052"
"Shadow Demon","Rubick","236","131","105","0.5550847457627118","3.8107279949396986"
"Beastmaster","Void Spirit","200","111","89","0.555","2.9709305366359597"
"Shadow Demon","Clockwerk","200","111","89","0.555","2.0818562618256213"
"Beastmaster","Snapfire","346","192","154","0.5549132947976878","3.2980266509813467"
"Centaur Warrunner","Jakiro","164","91","73","0.5548780487804879","3.535636668151892"
"Invoker","Storm Spirit","164","91","73","0.5548780487804879","0.8367616392472487"
"Beastmaster","Sniper","155","86","69","0.5548387096774193","3.2918276502784005"
"Nature's Prophet","Marci","155","86","69","0.5548387096774193","3.2585332456892444"
"Sand King","Tidehunter","110","61","49","0.5545454545454546","4.612390380191648"
"Treant Protector","Invoker","110","61","49","0.5545454545454546","2.951611226464902"
"Lycan","Batrider","110","61","49","0.5545454545454546","2.4930223957883273"
"Earthshaker","Doom","110","61","49","0.5545454545454546","2.420210298159492"
"Io","Phoenix","110","61","49","0.5545454545454546","1.6619954827030308"
"Marci","Zeus","101","56","45","0.5544554455445545","3.6858735717804034"
"Enchantress","Spirit Breaker","101","56","45","0.5544554455445545","3.105404460776224"
"Bane","Nyx Assassin","101","56","45","0.5544554455445545","-0.9194125146838816"
"Templar Assassin","Troll Warlord","92","51","41","0.5543478260869565","3.9998910830793544"
"Earthshaker","Primal Beast","92","51","41","0.5543478260869565","3.6685315478468716"
"Snapfire","Alchemist","92","51","41","0.5543478260869565","2.917517750176139"
"Death Prophet","Silencer","83","46","37","0.5542168674698795","4.964619600044359"
"Skywrath Mage","Dragon Knight","83","46","37","0.5542168674698795","4.587959813986649"
"Sven","Pugna","83","46","37","0.5542168674698795","3.997654909777999"
"Lycan","Death Prophet","83","46","37","0.5542168674698795","2.385737234510025"
"Nyx Assassin","Ursa","83","46","37","0.5542168674698795","2.0604002425249344"
"Disruptor","Slark","83","46","37","0.5542168674698795","1.971555665228245"
"Keeper of the Light","Dark Seer","83","46","37","0.5542168674698795","1.9152069044626416"
"Naga Siren","Phoenix","83","46","37","0.5542168674698795","1.5491816202923367"
"Doom","Lion","157","87","70","0.554140127388535","1.2629318807524563"
"Faceless Void","Ursa","74","41","33","0.5540540540540541","3.500749237712799"
"Rubick","Chaos Knight","148","82","66","0.5540540540540541","3.408045840910664"
"Shadow Shaman","Dark Seer","74","41","33","0.5540540540540541","3.3419742754478317"
"Tidehunter","Snapfire","222","123","99","0.5540540540540541","2.887294548913377"
"Queen of Pain","Rubick","222","123","99","0.5540540540540541","2.3305452417942782"
"Timbersaw","Techies","139","77","62","0.5539568345323741","4.03835790862583"
"Disruptor","Death Prophet","139","77","62","0.5539568345323741","3.5711646406525337"
"Ursa","Tidehunter","139","77","62","0.5539568345323741","3.1115532112495865"
"Bristleback","Dawnbreaker","139","77","62","0.5539568345323741","2.738962970761624"
"Templar Assassin","Shadow Fiend","139","77","62","0.5539568345323741","2.1369621619379817"
"Ringmaster","Tiny","130","72","58","0.5538461538461539","5.7626430032865015"
"Razor","Undying","65","36","29","0.5538461538461539","4.419329945519369"
"Earthshaker","Luna","65","36","29","0.5538461538461539","3.9368016564930115"
"Treant Protector","Earth Spirit","65","36","29","0.5538461538461539","3.7717225747874163"
"Treant Protector","Rubick","325","180","145","0.5538461538461539","3.509350512720022"
"Lone Druid","Tiny","65","36","29","0.5538461538461539","3.154224112207799"
"Magnus","Elder Titan","65","36","29","0.5538461538461539","3.0750804157698437"
"Underlord","Io","65","36","29","0.5538461538461539","2.97983655652843"
"Abaddon","Dawnbreaker","65","36","29","0.5538461538461539","2.769241454970898"
"Templar Assassin","Puck","325","180","145","0.5538461538461539","2.662981134178032"
"Clinkz","Tiny","65","36","29","0.5538461538461539","1.882577182027294"
"Timbersaw","Nyx Assassin","65","36","29","0.5538461538461539","1.3880328460957008"
"Keeper of the Light","Warlock","65","36","29","0.5538461538461539","1.377583305027158"
"Treant Protector","Mars","186","103","83","0.553763440860215","3.8149262427559925"
"Timbersaw","Sand King","121","67","54","0.5537190082644629","4.621840602104691"
"Abaddon","Jakiro","121","67","54","0.5537190082644629","2.8428634489108475"
"Enigma","Doom","121","67","54","0.5537190082644629","1.7360189961357244"
"Nature's Prophet","Rubick","298","165","133","0.5536912751677853","3.296846221694914"
"Beastmaster","Keeper of the Light","177","98","79","0.5536723163841808","3.3778701311890957"
"Bloodseeker","Brewmaster","56","31","25","0.5535714285714286","5.034553438517948"
"Grimstroke","Earthshaker","56","31","25","0.5535714285714286","4.068553926566442"
"Puck","Pudge","112","62","50","0.5535714285714286","4.0668526192406045"
"Clockwerk","Underlord","112","62","50","0.5535714285714286","3.5817438247594304"
"Dragon Knight","Lina","168","93","75","0.5535714285714286","3.3644941637077173"
"Brewmaster","Zeus","56","31","25","0.5535714285714286","3.008181634590014"
"Sven","Marci","112","62","50","0.5535714285714286","2.962107622710934"
"Faceless Void","Shadow Fiend","56","31","25","0.5535714285714286","2.340331553874608"
"Huskar","Rubick","56","31","25","0.5535714285714286","2.260484603640675"
"Muerta","Puck","168","93","75","0.5535714285714286","2.196972078234026"
"Anti-Mage","Pugna","56","31","25","0.5535714285714286","2.173116584790189"
"Bane","Doom","112","62","50","0.5535714285714286","1.582739910321956"
"Faceless Void","Sand King","56","31","25","0.5535714285714286","1.5266995514789843"
"Earthshaker","Puck","168","93","75","0.5535714285714286","1.5104129041680736"
"Zeus","Sniper","56","31","25","0.5535714285714286","1.3405368159760753"
"Shadow Demon","Clinkz","56","31","25","0.5535714285714286","1.257938014619094"
"Naga Siren","Shadow Demon","112","62","50","0.5535714285714286","1.0640492835438045"
"Slark","Nature's Prophet","56","31","25","0.5535714285714286","0.6939262506838688"
"Brewmaster","Gyrocopter","103","57","46","0.5533980582524272","3.9494294987975405"
"Io","Morphling","103","57","46","0.5533980582524272","3.3704150120372227"
"Marci","Jakiro","103","57","46","0.5533980582524272","3.1521305693445743"
"Dark Willow","Io","103","57","46","0.5533980582524272","2.663470612551682"
"Doom","Nyx Assassin","103","57","46","0.5533980582524272","2.633726042100139"
"Razor","Primal Beast","103","57","46","0.5533980582524272","2.5795100481345883"
"Tidehunter","Spirit Breaker","103","57","46","0.5533980582524272","2.069583250505298"
"Monkey King","Batrider","253","140","113","0.5533596837944664","1.7011089463181661"
"Bloodseeker","Rubick","150","83","67","0.5533333333333333","4.211101949436884"
"Viper","Clockwerk","94","52","42","0.5531914893617021","4.245900388789545"
"Gyrocopter","Underlord","94","52","42","0.5531914893617021","3.4605204718424267"
"Monkey King","Abaddon","94","52","42","0.5531914893617021","3.005369578369603"
"Leshrac","Invoker","94","52","42","0.5531914893617021","1.8582862690275566"
"Phantom Lancer","Terrorblade","94","52","42","0.5531914893617021","1.768854276338644"
"Clockwerk","Phoenix","273","151","122","0.5531135531135531","1.9839015457280924"
"Nyx Assassin","Enchantress","132","73","59","0.553030303030303","4.3703448997805845"
"Monkey King","Io","132","73","59","0.553030303030303","3.1900538566600423"
"Shadow Demon","Crystal Maiden","132","73","59","0.553030303030303","2.8718996220620188"
"Undying","Tidehunter","132","73","59","0.553030303030303","2.711181069434258"
"Brewmaster","Hoodwink","132","73","59","0.553030303030303","2.054199367559878"
"Clockwerk","Skywrath Mage","132","73","59","0.553030303030303","1.599302542546541"
"Spirit Breaker","Invoker","85","47","38","0.5529411764705883","5.19765163487637"
"Skywrath Mage","Phoenix","85","47","38","0.5529411764705883","4.124846246762861"
"Abaddon","Dark Willow","85","47","38","0.5529411764705883","3.330890540574901"
"Ringmaster","Centaur Warrunner","85","47","38","0.5529411764705883","3.1899550570445356"
"Enigma","Dark Willow","85","47","38","0.5529411764705883","3.1725756266547944"
"Medusa","Magnus","85","47","38","0.5529411764705883","2.642634996870625"
"Faceless Void","Nature's Prophet","85","47","38","0.5529411764705883","2.369091970650881"
"Faceless Void","Marci","85","47","38","0.5529411764705883","2.0334852377061114"
"Beastmaster","Troll Warlord","85","47","38","0.5529411764705883","1.836979073694006"
"Abaddon","Queen of Pain","123","68","55","0.5528455284552846","3.564015090326511"
"Alchemist","Dragon Knight","123","68","55","0.5528455284552846","2.911247157906159"
"Primal Beast","Bristleback","123","68","55","0.5528455284552846","2.662601151723048"
"Warlock","Beastmaster","161","89","72","0.5527950310559007","5.361732708460535"
"Storm Spirit","Primal Beast","161","89","72","0.5527950310559007","3.005052376320867"
"Storm Spirit","Queen of Pain","266","147","119","0.5526315789473685","4.021200429178345"
"Abaddon","Nature's Prophet","76","42","34","0.5526315789473685","3.439310837151447"
"Brewmaster","Sand King","76","42","34","0.5526315789473685","2.802792329513823"
"Enigma","Jakiro","76","42","34","0.5526315789473685","2.7764890131863265"
"Centaur Warrunner","Doom","228","126","102","0.5526315789473685","2.311526536333205"
"Kunkka","Vengeful Spirit","76","42","34","0.5526315789473685","1.9084124052796199"
"Abaddon","Keeper of the Light","76","42","34","0.5526315789473685","1.8566423502366038"
"Enchantress","Dawnbreaker","152","84","68","0.5526315789473685","1.7153677191152248"
"Nature's Prophet","Pangolier","257","142","115","0.5525291828793775","3.8388588726392903"
"Sven","Monkey King","105","58","47","0.5523809523809524","3.2054397345634507"
"Snapfire","Drow Ranger","105","58","47","0.5523809523809524","2.775804456404096"
"Disruptor","Muerta","67","37","30","0.5522388059701493","4.537022652166947"
"Bristleback","Lion","67","37","30","0.5522388059701493","3.2988286961714306"
"Zeus","Kunkka","67","37","30","0.5522388059701493","2.647470250640272"
"Treant Protector","Magnus","67","37","30","0.5522388059701493","2.5343181049932846"
"Weaver","Skywrath Mage","67","37","30","0.5522388059701493","1.6281986601767038"
"Earth Spirit","Shadow Fiend","67","37","30","0.5522388059701493","1.2202927717528196"
"Chen","Weaver","67","37","30","0.5522388059701493","0.8432039439432459"
"Troll Warlord","Queen of Pain","67","37","30","0.5522388059701493","0.838745750435465"
"Weaver","Pangolier","230","127","103","0.5521739130434783","2.655070810168542"
"Luna","Timbersaw","192","106","86","0.5520833333333334","3.5892129530286954"
"Centaur Warrunner","Abaddon","96","53","43","0.5520833333333334","3.44631318088565"
"Crystal Maiden","Nature's Prophet","96","53","43","0.5520833333333334","2.517427527614979"
"Doom","Terrorblade","288","159","129","0.5520833333333334","2.1986764547547453"
"Shadow Shaman","Timbersaw","96","53","43","0.5520833333333334","1.5547509637561856"
"Beastmaster","Queen of Pain","221","122","99","0.5520361990950227","2.4961405678652486"
"Shadow Fiend","Gyrocopter","125","69","56","0.552","3.5974644753864276"
"Medusa","Pugna","125","69","56","0.552","1.7520237443769988"
"Abaddon","Terrorblade","125","69","56","0.552","1.2785381782100549"
"Razor","Dragon Knight","183","101","82","0.5519125683060109","2.5444185199997795"
"Tiny","Dawnbreaker","386","213","173","0.5518134715025906","1.2579616798925677"
"Silencer","Luna","58","32","26","0.5517241379310345","5.223464784172901"
"Medusa","Io","87","48","39","0.5517241379310345","4.877203582879269"
"Viper","Juggernaut","58","32","26","0.5517241379310345","4.142499495086413"
"Hoodwink","Techies","174","96","78","0.5517241379310345","3.8703514839461524"
"Magnus","Lycan","58","32","26","0.5517241379310345","3.3557786303757244"
"Outworld Devourer","Snapfire","58","32","26","0.5517241379310345","3.2783949767671268"
"Medusa","Earthshaker","87","48","39","0.5517241379310345","3.227394855593918"
"Pangolier","Ursa","174","96","78","0.5517241379310345","2.961152143106003"
"Hoodwink","Abaddon","116","64","52","0.5517241379310345","2.580209376893243"
"Lifestealer","Naga Siren","58","32","26","0.5517241379310345","2.5235462804434023"
"Kunkka","Phoenix","145","80","65","0.5517241379310345","2.3279960770133723"
"Windranger","Skywrath Mage","58","32","26","0.5517241379310345","2.148905819046378"
"Crystal Maiden","Dark Willow","116","64","52","0.5517241379310345","1.746982407126905"
"Naga Siren","Bane","58","32","26","0.5517241379310345","1.4771636409354791"
"Kunkka","Warlock","58","32","26","0.5517241379310345","1.3940086241964673"
"Kunkka","Silencer","87","48","39","0.5517241379310345","1.3905459109250864"
"Axe","Gyrocopter","58","32","26","0.5517241379310345","1.089552957593332"
"Faceless Void","Mars","223","123","100","0.5515695067264574","2.2946494287520585"
"Dragon Knight","Grimstroke","136","75","61","0.5514705882352942","2.5857614739208277"
"Nyx Assassin","Tusk","136","75","61","0.5514705882352942","2.5306853461956944"
"Ember Spirit","Mars","457","252","205","0.5514223194748359","3.5051113988851164"
"Treant Protector","Keeper of the Light","107","59","48","0.5514018691588785","4.16863659305769"
"Shadow Demon","Timbersaw","185","102","83","0.5513513513513514","4.163711879107732"
"Disruptor","Puck","263","145","118","0.5513307984790875","3.6724225289837378"
"Viper","Storm Spirit","78","43","35","0.5512820512820513","5.798165530820315"
"Bloodseeker","Phoenix","78","43","35","0.5512820512820513","4.71582610325325"
"Invoker","Sven","78","43","35","0.5512820512820513","2.872154642440466"
"Primal Beast","Troll Warlord","78","43","35","0.5512820512820513","2.2714197971289694"
"Terrorblade","Rubick","283","156","127","0.5512367491166078","3.536103712773747"
"Mars","Jakiro","205","113","92","0.551219512195122","1.7153050544687543"
"Storm Spirit","Abaddon","127","70","57","0.5511811023622047","3.563257308138519"
"Ursa","Snapfire","196","108","88","0.5510204081632653","5.24263906116504"
"Doom","Kunkka","147","81","66","0.5510204081632653","3.988653867568556"
"Puck","Snapfire","294","162","132","0.5510204081632653","3.277077470303102"
"Hoodwink","Grimstroke","196","108","88","0.5510204081632653","1.774559146000909"
"Lycan","Shadow Demon","98","54","44","0.5510204081632653","1.4733254279654238"
"Magnus","Ember Spirit","196","108","88","0.5510204081632653","1.30541629094757"
"Storm Spirit","Phoenix","265","146","119","0.5509433962264151","1.2719893944900553"
"Primal Beast","Jakiro","118","65","53","0.5508474576271186","4.039884538797367"
"Dragon Knight","Slardar","118","65","53","0.5508474576271186","2.718187252844144"
"Dark Seer","Snapfire","118","65","53","0.5508474576271186","2.2737779254077912"
"Beastmaster","Marci","187","103","84","0.5508021390374331","2.607450910039315"
"Bloodseeker","Crystal Maiden","69","38","31","0.5507246376811594","6.496974022583822"
"Pugna","Ursa","69","38","31","0.5507246376811594","4.542787034077604"
"Bloodseeker","Dragon Knight","69","38","31","0.5507246376811594","4.146098376303519"
"Naga Siren","Earthshaker","69","38","31","0.5507246376811594","3.567757709217338"
"Ember Spirit","Undying","276","152","124","0.5507246376811594","3.537801216251813"
"Queen of Pain","Bloodseeker","69","38","31","0.5507246376811594","3.513904784369778"
"Vengeful Spirit","Techies","69","38","31","0.5507246376811594","3.360231851662914"
"Doom","Warlock","69","38","31","0.5507246376811594","3.0150619343638403"
"Pugna","Juggernaut","69","38","31","0.5507246376811594","2.7274106205550943"
"Pugna","Tidehunter","89","49","40","0.550561797752809","3.950152994431374"
"Chen","Monkey King","89","49","40","0.550561797752809","0.013019505144178161"
"Slardar","Enchantress","109","60","49","0.5504587155963303","4.652394290797902"
"Bristleback","Centaur Warrunner","109","60","49","0.5504587155963303","2.746572956475229"
"Shadow Shaman","Keeper of the Light","109","60","49","0.5504587155963303","-0.06389256199685364"
"Clockwerk","Snapfire","387","213","174","0.5503875968992248","3.639625323238903"
"Techies","Undying","129","71","58","0.5503875968992248","1.6899773259345554"
"Templar Assassin","Void Spirit","149","82","67","0.5503355704697986","1.8118442291242778"
"Crystal Maiden","Hoodwink","189","104","85","0.5502645502645502","3.6992860936307936"
"Mirana","Enchantress","309","170","139","0.5501618122977346","1.8157541788442144"
"Sven","Chaos Knight","80","44","36","0.55","4.958633146343071"
"Lifestealer","Treant Protector","60","33","27","0.55","4.814196314646801"
"Clockwerk","Void Spirit","200","110","90","0.55","3.860881336584485"
"Puck","Leshrac","160","88","72","0.55","3.6039636326088225"
"Razor","Medusa","80","44","36","0.55","3.5986129214634603"
"Winter Wyvern","Tiny","200","110","90","0.55","3.056040568677899"
"Faceless Void","Kunkka","80","44","36","0.55","2.9918732663941743"
"Centaur Warrunner","Skywrath Mage","60","33","27","0.55","2.576143156460015"
"Techies","Bloodseeker","80","44","36","0.55","2.543831989836888"
"Medusa","Windranger","120","66","54","0.55","2.4125446280349787"
"Io","Invoker","100","55","45","0.55","2.3604068527617477"
"Gyrocopter","Io","60","33","27","0.55","2.3104857750489334"
"Bane","Underlord","60","33","27","0.55","2.2871706120499615"
"Disruptor","Timbersaw","160","88","72","0.55","1.9154646854937565"
"Razor","Tusk","140","77","63","0.55","1.8925192452520785"
"Brewmaster","Void Spirit","80","44","36","0.55","1.5174968595835212"
"Night Stalker","Rubick","80","44","36","0.55","0.816077563186302"
"Underlord","Primal Beast","60","33","27","0.55","0.7114905251229194"
"Slardar","Luna","60","33","27","0.55","0.6418129807587931"
"Keeper of the Light","Silencer","100","55","45","0.55","0.05270142265898807"
"Shadow Fiend","Slardar","60","33","27","0.55","-0.035816662849555043"
"Sniper","Batrider","80","44","36","0.55","-0.45192042520173986"
"Keeper of the Light","Mars","211","116","95","0.5497630331753555","2.7465351288405264"
"Shadow Demon","Muerta","151","83","68","0.5496688741721855","4.9242045676216915"
"Templar Assassin","Lion","151","83","68","0.5496688741721855","2.356812909732193"
"Bane","Tiny","302","166","136","0.5496688741721855","0.6320184943847854"
"Invoker","Lion","131","72","59","0.549618320610687","2.999361910112392"
"Pangolier","Marci","242","133","109","0.5495867768595041","4.178646976452358"
"Visage","Snapfire","111","61","50","0.5495495495495496","1.6238711799372085"
"Winter Wyvern","Ember Spirit","91","50","41","0.5494505494505495","3.8715950710027602"
"Pangolier","Oracle","91","50","41","0.5494505494505495","2.498825862820906"
"Medusa","Void Spirit","142","78","64","0.5492957746478874","4.638258294831662"
"Centaur Warrunner","Rubick","213","117","96","0.5492957746478874","3.8561009901707037"
"Juggernaut","Dragon Knight","71","39","32","0.5492957746478874","2.8363394144177034"
"Bloodseeker","Dawnbreaker","71","39","32","0.5492957746478874","2.639872927923346"
"Mirana","Brewmaster","71","39","32","0.5492957746478874","2.5422300999133975"
"Primal Beast","Skywrath Mage","71","39","32","0.5492957746478874","2.141215336971316"
"Void Spirit","Slark","71","39","32","0.5492957746478874","1.5196981782666423"
"Marci","Ember Spirit","213","117","96","0.5492957746478874","1.4457523993617616"
"Clockwerk","Chaos Knight","122","67","55","0.5491803278688525","3.7209857917342912"
"Dark Willow","Dawnbreaker","122","67","55","0.5491803278688525","3.3879029408000827"
"Keeper of the Light","Windranger","122","67","55","0.5491803278688525","2.66648877532088"
"Invoker","Dragon Knight","122","67","55","0.5491803278688525","2.03704130152943"
"Razor","Dawnbreaker","122","67","55","0.5491803278688525","1.1369210716069078"
"Puck","Tidehunter","173","95","78","0.5491329479768786","3.2685272432428194"
"Snapfire","Jakiro","224","123","101","0.5491071428571429","3.982230473069242"
"Monkey King","Hoodwink","275","151","124","0.5490909090909091","2.137924491568542"
"Earth Spirit","Jakiro","51","28","23","0.5490196078431373","4.831133414392081"
"Venomancer","Undying","51","28","23","0.5490196078431373","4.647157673412149"
"Snapfire","Phantom Lancer","51","28","23","0.5490196078431373","4.169722954422443"
"Lina","Night Stalker","51","28","23","0.5490196078431373","3.493973965920985"
"Tusk","Silencer","153","84","69","0.5490196078431373","3.461761752593106"
"Hoodwink","Anti-Mage","51","28","23","0.5490196078431373","2.9995715888634744"
"Enchantress","Legion Commander","51","28","23","0.5490196078431373","2.7850341973254533"
"Tiny","Zeus","255","140","115","0.5490196078431373","2.688900965244351"
"Spirit Breaker","Timbersaw","102","56","46","0.5490196078431373","2.596698737672113"
"Medusa","Spirit Breaker","102","56","46","0.5490196078431373","2.090865243049747"
"Brewmaster","Rubick","153","84","69","0.5490196078431373","1.5731776646360764"
"Windranger","Dawnbreaker","51","28","23","0.5490196078431373","-1.6360382143274226"
"Batrider","Snapfire","286","157","129","0.548951048951049","2.968657185851044"
"Enchantress","Ember Spirit","297","163","134","0.5488215488215489","1.3576018032159063"
"Puck","Ogre Magi","82","45","37","0.5487804878048781","4.402741562252575"
"Luna","Jakiro","82","45","37","0.5487804878048781","4.051166885454254"
"Zeus","Crystal Maiden","82","45","37","0.5487804878048781","1.8538531101502191"
"Puck","Skywrath Mage","164","90","74","0.5487804878048781","1.625147531561046"
"Kunkka","Marci","82","45","37","0.5487804878048781","1.4884659041531532"
"Lion","Dark Seer","82","45","37","0.5487804878048781","1.1138567035669251"
"Vengeful Spirit","Hoodwink","82","45","37","0.5487804878048781","0.8067164771289594"
"Shadow Fiend","Centaur Warrunner","82","45","37","0.5487804878048781","0.5218926733113705"
"Medusa","Kunkka","113","62","51","0.5486725663716814","3.752782128669215"
"Faceless Void","Medusa","113","62","51","0.5486725663716814","2.2302447212726593"
"Enchantress","Death Prophet","175","96","79","0.5485714285714286","3.727001169694292"
"Templar Assassin","Invoker","175","96","79","0.5485714285714286","2.4638764420272836"
"Skywrath Mage","Ember Spirit","206","113","93","0.5485436893203883","2.7777373227534383"
"Death Prophet","Crystal Maiden","93","51","42","0.5483870967741935","4.2995515203140355"
"Outworld Devourer","Disruptor","62","34","28","0.5483870967741935","4.228530271028471"
"Earthshaker","Queen of Pain","93","51","42","0.5483870967741935","3.775278453467863"
"Terrorblade","Invoker","124","68","56","0.5483870967741935","3.306877793491732"
"Juggernaut","Ember Spirit","124","68","56","0.5483870967741935","3.277032986129079"
"Monkey King","Mars","341","187","154","0.5483870967741935","2.9809348734288705"
"Primal Beast","Snapfire","186","102","84","0.5483870967741935","2.6128484466951334"
"Snapfire","Chaos Knight","124","68","56","0.5483870967741935","2.601835320034017"
"Grimstroke","Ogre Magi","62","34","28","0.5483870967741935","2.468408882887827"
"Io","Faceless Void","62","34","28","0.5483870967741935","2.4531758786874653"
"Jakiro","Disruptor","186","102","84","0.5483870967741935","2.3303965065165304"
"Bristleback","Phoenix","155","85","70","0.5483870967741935","2.085059518572631"
"Chen","Primal Beast","124","68","56","0.5483870967741935","0.9187321533662647"
"Keeper of the Light","Queen of Pain","124","68","56","0.5483870967741935","0.8570570162554687"
"Tusk","Bounty Hunter","62","34","28","0.5483870967741935","0.5037720003584529"
"Monkey King","Snapfire","301","165","136","0.5481727574750831","2.575492160839653"
"Broodmother","Rubick","135","74","61","0.5481481481481482","2.4909859153735505"
"Invoker","Dark Seer","73","40","33","0.547945205479452","6.597175960330312"
"Void Spirit","Earth Spirit","73","40","33","0.547945205479452","4.020450797782399"
"Bane","Monkey King","219","120","99","0.547945205479452","4.01490246443891"
"Oracle","Dark Seer","73","40","33","0.547945205479452","3.641139904079872"
"Earth Spirit","Sand King","73","40","33","0.547945205479452","3.0228276163475583"
"Weaver","Undying","73","40","33","0.547945205479452","2.072374538450503"
"Shadow Demon","Shadow Fiend","115","63","52","0.5478260869565217","6.682924138715772"
"Shadow Demon","Windranger","115","63","52","0.5478260869565217","3.3443903206370753"
"Tiny","Spirit Breaker","115","63","52","0.5478260869565217","2.638900143010226"
"Tidehunter","Terrorblade","157","86","71","0.5477707006369427","2.0904196329975218"
"Disruptor","Rubick","409","224","185","0.5476772616136919","3.24873393334661"
"Winter Wyvern","Phoenix","84","46","38","0.5476190476190477","4.734623318017127"
"Winter Wyvern","Rubick","84","46","38","0.5476190476190477","4.525797386515584"
"Jakiro","Sven","126","69","57","0.5476190476190477","3.910586921924098"
"Marci","Troll Warlord","84","46","38","0.5476190476190477","2.633597460112589"
"Elder Titan","Disruptor","84","46","38","0.5476190476190477","2.1212061150458217"
"Snapfire","Dark Willow","168","92","76","0.5476190476190477","2.101638584850412"
"Weaver","Windranger","84","46","38","0.5476190476190477","1.862696881045498"
"Doom","Dark Seer","126","69","57","0.5476190476190477","1.405540895983478"
"Weaver","Queen of Pain","179","98","81","0.547486033519553","4.809104277435989"
"Leshrac","Clockwerk","137","75","62","0.5474452554744526","1.5147845710886603"
"Shadow Fiend","Phoenix","137","75","62","0.5474452554744526","1.4334711772824267"
"Tiny","Jakiro","327","179","148","0.5474006116207951","3.2461176543608303"
"Beastmaster","Abaddon","148","81","67","0.5472972972972973","2.678439957300057"
"Beastmaster","Oracle","53","29","24","0.5471698113207547","6.510881852839525"
"Clinkz","Puck","53","29","24","0.5471698113207547","4.893381611639866"
"Dark Willow","Bloodseeker","53","29","24","0.5471698113207547","4.616657749665445"
"Warlock","Tiny","265","145","120","0.5471698113207547","4.4892151722368245"
"Morphling","Sven","106","58","48","0.5471698113207547","3.675732769296231"
"Ember Spirit","Elder Titan","106","58","48","0.5471698113207547","2.7172826977089675"
"Visage","Keeper of the Light","53","29","24","0.5471698113207547","2.624499796947547"
"Spectre","Tusk","53","29","24","0.5471698113207547","2.1575785958729026"
"Legion Commander","Spirit Breaker","53","29","24","0.5471698113207547","1.3740826694907817"
"Keeper of the Light","Axe","53","29","24","0.5471698113207547","1.1498669141150184"
"Enigma","Enchantress","117","64","53","0.5470085470085471","3.9335260488508"
"Windranger","Terrorblade","117","64","53","0.5470085470085471","2.7578222971153705"
"Monkey King","Alchemist","117","64","53","0.5470085470085471","0.5580684617787076"
"Batrider","Death Prophet","181","99","82","0.5469613259668509","0.525559483794218"
"Leshrac","Pangolier","245","134","111","0.5469387755102041","2.524600523988137"
"Bloodseeker","Snapfire","128","70","58","0.546875","5.389729619527916"
"Night Stalker","Enchantress","64","35","29","0.546875","4.471843235892159"
"Phantom Assassin","Snapfire","64","35","29","0.546875","3.9655239579654546"
"Zeus","Lina","64","35","29","0.546875","3.7807717425146894"
"Broodmother","Ember Spirit","128","70","58","0.546875","3.5399745997299332"
"Chaos Knight","Batrider","64","35","29","0.546875","3.0913045901871854"
"Oracle","Tiny","64","35","29","0.546875","2.812132798100313"
"Mirana","Void Spirit","128","70","58","0.546875","2.493264241967821"
"Gyrocopter","Timbersaw","192","105","87","0.546875","2.4561158832633665"
"Faceless Void","Storm Spirit","128","70","58","0.546875","2.2451943227657014"
"Bristleback","Lina","64","35","29","0.546875","1.5620255201619284"
"Dragon Knight","Chaos Knight","128","70","58","0.546875","1.4367340426827129"
"Storm Spirit","Bloodseeker","128","70","58","0.546875","1.2488547684288702"
"Viper","Lina","64","35","29","0.546875","-0.0832045610731516"
"Batrider","Void Spirit","214","117","97","0.5467289719626168","2.9889068338418614"
"Sven","Rubick","214","117","97","0.5467289719626168","2.3550356695016728"
"Underlord","Shadow Shaman","75","41","34","0.5466666666666666","5.979861654048743"
"Medusa","Nyx Assassin","75","41","34","0.5466666666666666","4.046973635208871"
"Magnus","Jakiro","75","41","34","0.5466666666666666","3.6259660391316"
"Jakiro","Terrorblade","150","82","68","0.5466666666666666","2.663500892471751"
"Underlord","Medusa","75","41","34","0.5466666666666666","2.3064299212887884"
"Razor","Zeus","75","41","34","0.5466666666666666","2.2612847819289774"
"Magnus","Crystal Maiden","75","41","34","0.5466666666666666","2.152761873856578"
"Pugna","Storm Spirit","161","88","73","0.546583850931677","2.046323070790106"
"Storm Spirit","Winter Wyvern","86","47","39","0.5465116279069767","7.617450012947299"
"Mirana","Chaos Knight","86","47","39","0.5465116279069767","3.3387272792913887"
"Nyx Assassin","Gyrocopter","86","47","39","0.5465116279069767","3.126628240137159"
"Phantom Assassin","Bristleback","86","47","39","0.5465116279069767","1.9750161603789667"
"Treant Protector","Puck","172","94","78","0.5465116279069767","1.9726682805174964"
"Enchantress","Mars","258","141","117","0.5465116279069767","1.93722015089426"
"Earthshaker","Earth Spirit","86","47","39","0.5465116279069767","-0.45197204638765776"
"Treant Protector","Pangolier","269","147","122","0.5464684014869888","3.7799774182570416"
"Monkey King","Clockwerk","269","147","122","0.5464684014869888","0.3155503882426248"
"Tiny","Skywrath Mage","183","100","83","0.546448087431694","1.6662343320899775"
"Slardar","Shadow Demon","97","53","44","0.5463917525773195","4.6430625901183555"
"Lycan","Doom","97","53","44","0.5463917525773195","2.391223209682309"
"Viper","Keeper of the Light","97","53","44","0.5463917525773195","1.6637457403694607"
"Pugna","Tiny","205","112","93","0.5463414634146342","2.4562138766443775"
"Templar Assassin","Abaddon","108","59","49","0.5462962962962963","1.3307604198663587"
"Keeper of the Light","Sand King","119","65","54","0.5462184873949579","3.1170642843227965"
"Leshrac","Snapfire","238","130","108","0.5462184873949579","2.8354743575917665"
"Huskar","Ember Spirit","119","65","54","0.5462184873949579","1.5280823091476559"
"Dark Seer","Morphling","119","65","54","0.5462184873949579","0.9538634942659023"
"Bloodseeker","Ember Spirit","130","71","59","0.5461538461538461","3.459239621319824"
"Beastmaster","Bloodseeker","130","71","59","0.5461538461538461","2.820973792495354"
"Primal Beast","Terrorblade","130","71","59","0.5461538461538461","1.5556638129238287"
"Queen of Pain","Razor","152","83","69","0.5460526315789473","2.076490944571659"
"Morphling","Death Prophet","152","83","69","0.5460526315789473","1.2710748024904859"
"Shadow Demon","Pangolier","359","196","163","0.5459610027855153","3.1585043594507187"
"Bristleback","Pangolier","207","113","94","0.5458937198067633","4.176537897079685"
"Keeper of the Light","Rubick","251","137","114","0.545816733067729","2.3268326601437725"
"Doom","Puck","262","143","119","0.5458015267175572","3.2398781209867877"
"Beastmaster","Mars","317","173","144","0.5457413249211357","2.904584019923207"
"Rubick","Spectre","66","36","30","0.5454545454545454","5.4256975528682485"
"Broodmother","Doom","110","60","50","0.5454545454545454","4.829016824800438"
"Timbersaw","Rubick","330","180","150","0.5454545454545454","4.552802656285658"
"Lifestealer","Gyrocopter","121","66","55","0.5454545454545454","4.268220187244347"
"Nature's Prophet","Techies","66","36","30","0.5454545454545454","3.984800154973624"
"Alchemist","Silencer","55","30","25","0.5454545454545454","3.8535733417472238"
"Luna","Magnus","55","30","25","0.5454545454545454","3.5220041195212834"
"Phantom Assassin","Shadow Demon","99","54","45","0.5454545454545454","3.257287807567611"
"Dark Willow","Zeus","55","30","25","0.5454545454545454","3.114513171036008"
"Alchemist","Centaur Warrunner","99","54","45","0.5454545454545454","3.005274932359861"
"Chen","Alchemist","66","36","30","0.5454545454545454","2.9962883955356743"
"Skywrath Mage","Rubick","187","102","85","0.5454545454545454","2.916918075333845"
"Nature's Prophet","Naga Siren","132","72","60","0.5454545454545454","2.857429024343936"
"Ancient Apparition","Dark Willow","55","30","25","0.5454545454545454","2.725522775195748"
"Primal Beast","Zeus","66","36","30","0.5454545454545454","2.7113491475690457"
"Shadow Fiend","Bristleback","77","42","35","0.5454545454545454","2.6439001848282424"
"Beastmaster","Weaver","187","102","85","0.5454545454545454","2.63015437964264"
"Shadow Demon","Bloodseeker","66","36","30","0.5454545454545454","2.6183975636584846"
"Shadow Fiend","Luna","77","42","35","0.5454545454545454","2.532504417115865"
"Gyrocopter","Undying","88","48","40","0.5454545454545454","2.4937739523713476"
"Luna","Dark Willow","121","66","55","0.5454545454545454","2.459120914013265"
"Terrorblade","Night Stalker","88","48","40","0.5454545454545454","2.3717977331402937"
"Io","Pangolier","165","90","75","0.5454545454545454","2.351235161643822"
"Hoodwink","Razor","165","90","75","0.5454545454545454","2.3055050084420063"
"Disruptor","Windranger","99","54","45","0.5454545454545454","2.252993179466797"
"Templar Assassin","Razor","132","72","60","0.5454545454545454","2.1984669537264887"
"Slardar","Puck","165","90","75","0.5454545454545454","2.1910109581986843"
"Naga Siren","Primal Beast","110","60","50","0.5454545454545454","2.1511421810168136"
"Crystal Maiden","Grimstroke","66","36","30","0.5454545454545454","2.1335822909984086"
"Queen of Pain","Grimstroke","154","84","70","0.5454545454545454","2.086369751488826"
"Mars","Muerta","99","54","45","0.5454545454545454","1.9965038421132972"
"Lina","Gyrocopter","110","60","50","0.5454545454545454","1.9941841951363235"
"Primal Beast","Death Prophet","121","66","55","0.5454545454545454","1.8892579408477015"
"Troll Warlord","Gyrocopter","77","42","35","0.5454545454545454","1.8066823940233685"
"Monkey King","Death Prophet","154","84","70","0.5454545454545454","1.7858177492153884"
"Undying","Drow Ranger","99","54","45","0.5454545454545454","1.7089714422167293"
"Leshrac","Windranger","77","42","35","0.5454545454545454","1.6019184563701374"
"Legion Commander","Doom","55","30","25","0.5454545454545454","1.5904892023105215"
"Techies","Sven","77","42","35","0.5454545454545454","1.578846801275139"
"Disruptor","Viper","77","42","35","0.5454545454545454","1.5784223271425326"
"Leshrac","Pugna","66","36","30","0.5454545454545454","1.5117843207868005"
"Kunkka","Nyx Assassin","77","42","35","0.5454545454545454","1.4336827908436185"
"Kunkka","Skywrath Mage","77","42","35","0.5454545454545454","1.4048290152855623"
"Invoker","Centaur Warrunner","121","66","55","0.5454545454545454","1.1051894601998782"
"Dark Willow","Dazzle","55","30","25","0.5454545454545454","0.727272353173431"
"Ogre Magi","Void Spirit","66","36","30","0.5454545454545454","0.12815036292515739"
"Techies","Venomancer","55","30","25","0.5454545454545454","-0.14315167852840993"
"Slardar","Bane","88","48","40","0.5454545454545454","-0.5037070688637701"
"Pugna","Slark","55","30","25","0.5454545454545454","-0.7350325755286657"
"Disruptor","Tidehunter","211","115","96","0.5450236966824644","3.386755355720933"
"Primal Beast","Dragon Knight","189","103","86","0.544973544973545","4.093044114701194"
"Weaver","Disruptor","156","85","71","0.5448717948717948","3.172622362151699"
"Beastmaster","Muerta","156","85","71","0.5448717948717948","3.055224282476103"
"Tidehunter","Queen of Pain","156","85","71","0.5448717948717948","2.7169300281662863"
"Marci","Undying","145","79","66","0.5448275862068965","2.4241554548423148"
"Crystal Maiden","Enchantress","279","152","127","0.5448028673835126","3.6021336364571828"
"Bane","Spirit Breaker","134","73","61","0.5447761194029851","2.9217200224143056"
"Batrider","Kunkka","134","73","61","0.5447761194029851","2.4986344148916433"
"Storm Spirit","Doom","257","140","117","0.5447470817120622","3.423830436488251"
"Shadow Demon","Razor","123","67","56","0.5447154471544715","2.843675717615709"
"Undying","Void Spirit","112","61","51","0.5446428571428571","4.494324572307578"
"Rubick","Zeus","112","61","51","0.5446428571428571","2.169018139636375"
"Beastmaster","Ember Spirit","415","226","189","0.5445783132530121","2.3570943689403925"
"Vengeful Spirit","Doom","101","55","46","0.5445544554455446","2.405174053505354"
"Centaur Warrunner","Phoenix","202","110","92","0.5445544554455446","2.3169050494039296"
"Dark Willow","Ursa","90","49","41","0.5444444444444444","3.260867741147771"
"Lifestealer","Tiny","270","147","123","0.5444444444444444","3.144070580620214"
"Nature's Prophet","Doom","180","98","82","0.5444444444444444","2.2016150619349935"
"Riki","Tusk","90","49","41","0.5444444444444444","1.9167697390501248"
"Abaddon","Timbersaw","90","49","41","0.5444444444444444","1.5292337337229531"
"Necrophos","Ember Spirit","90","49","41","0.5444444444444444","0.33892557801488843"
"Oracle","Batrider","169","92","77","0.5443786982248521","1.1709331116195865"
"Brewmaster","Windranger","79","43","36","0.5443037974683544","3.4981851954175456"
"Abaddon","Kunkka","79","43","36","0.5443037974683544","1.6321497961988383"
"Gyrocopter","Vengeful Spirit","79","43","36","0.5443037974683544","0.5524306891646268"
"Lycan","Ember Spirit","147","80","67","0.54421768707483","2.474409049557672"
"Grimstroke","Tusk","147","80","67","0.54421768707483","2.2119454715230287"
"Alchemist","Ember Spirit","147","80","67","0.54421768707483","1.4762084235388944"
"Alchemist","Kunkka","68","37","31","0.5441176470588235","3.7911116083150955"
"Invoker","Shadow Shaman","68","37","31","0.5441176470588235","2.8228933587156435"
"Kunkka","Chaos Knight","68","37","31","0.5441176470588235","2.4763683857075587"
"Grimstroke","Ursa","68","37","31","0.5441176470588235","1.9965283709138586"
"Ember Spirit","Nyx Assassin","136","74","62","0.5441176470588235","1.940625068251506"
"Weaver","Dark Willow","136","74","62","0.5441176470588235","1.3333459197883504"
"Mirana","Centaur Warrunner","136","74","62","0.5441176470588235","0.8021581959278544"
"Lich","Silencer","68","37","31","0.5441176470588235","0.7782089436501219"
"Monkey King","Gyrocopter","182","99","83","0.5439560439560439","1.4871894978425597"
"Axe","Dawnbreaker","57","31","26","0.543859649122807","6.212385502636737"
"Pudge","Mirana","57","31","26","0.543859649122807","4.17781144313499"
"Earth Spirit","Muerta","114","62","52","0.543859649122807","3.3368986395505145"
"Storm Spirit","Spirit Breaker","114","62","52","0.543859649122807","3.1431973780742624"
"Ancient Apparition","Kunkka","57","31","26","0.543859649122807","3.033836504659186"
"Gyrocopter","Medusa","114","62","52","0.543859649122807","2.6160768108614225"
"Chen","Muerta","57","31","26","0.543859649122807","2.427844063646238"
"Lion","Nyx Assassin","114","62","52","0.543859649122807","2.1310553511518506"
"Lion","Jakiro","57","31","26","0.543859649122807","1.8348274982667714"
"Razor","Ursa","57","31","26","0.543859649122807","1.8129568334519672"
"Templar Assassin","Slardar","57","31","26","0.543859649122807","1.3730463004053859"
"Pugna","Lycan","57","31","26","0.543859649122807","0.9461994114993352"
"Puck","Warlock","160","87","73","0.54375","2.1409731216758416"
"Clockwerk","Rubick","423","230","193","0.5437352245862884","4.044541996802183"
"Underlord","Keeper of the Light","103","56","47","0.5436893203883495","4.389702598041548"
"Underlord","Skywrath Mage","103","56","47","0.5436893203883495","2.234335381933079"
"Centaur Warrunner","Grimstroke","103","56","47","0.5436893203883495","2.2019350515782845"
"Snapfire","Sven","149","81","68","0.5436241610738255","3.55454175074627"
"Puck","Pangolier","447","243","204","0.5436241610738255","3.4353086026137234"
"Ursa","Rubick","230","125","105","0.5434782608695652","3.71119754563337"
"Medusa","Tusk","138","75","63","0.5434782608695652","3.692690033169165"
"Dark Seer","Crystal Maiden","92","50","42","0.5434782608695652","1.63734588153406"
"Death Prophet","Timbersaw","138","75","63","0.5434782608695652","1.6057661126471028"
"Dark Seer","Primal Beast","92","50","42","0.5434782608695652","1.353545004410872"
"Batrider","Doom","254","138","116","0.5433070866141733","2.2519642299676956"
"Invoker","Silencer","81","44","37","0.5432098765432098","3.9037871006529024"
"Earthshaker","Centaur Warrunner","81","44","37","0.5432098765432098","3.3965078753138074"
"Windranger","Alchemist","81","44","37","0.5432098765432098","3.0322326322368918"
"Leshrac","Dragon Knight","162","88","74","0.5432098765432098","2.35519239930219"
"Dawnbreaker","Primal Beast","81","44","37","0.5432098765432098","2.1560572767756483"
"Naga Siren","Marci","81","44","37","0.5432098765432098","1.6125665425184852"
"Tidehunter","Dark Seer","116","63","53","0.5431034482758621","3.437266733511988"
"Batrider","Slardar","116","63","53","0.5431034482758621","3.370068724865579"
"Weaver","Death Prophet","116","63","53","0.5431034482758621","2.533570065140737"
"Abaddon","Snapfire","116","63","53","0.5431034482758621","2.1096357870517206"
"Enigma","Kunkka","116","63","53","0.5431034482758621","2.1053821295830866"
"Batrider","Grimstroke","151","82","69","0.543046357615894","3.8448153535111853"
"Shadow Fiend","Mars","151","82","69","0.543046357615894","3.0921532958756734"
"Treant Protector","Beastmaster","175","95","80","0.5428571428571428","4.230142267277936"
"Morphling","Sniper","70","38","32","0.5428571428571428","3.6350789698937507"
"Razor","Bloodseeker","70","38","32","0.5428571428571428","2.761103860134227"
"Legion Commander","Pangolier","70","38","32","0.5428571428571428","2.540712995229539"
"Night Stalker","Keeper of the Light","70","38","32","0.5428571428571428","1.7630924208790717"
"Storm Spirit","Ursa","175","95","80","0.5428571428571428","1.7295370222137334"
"Lina","Windranger","70","38","32","0.5428571428571428","1.6992562925589014"
"Treant Protector","Io","70","38","32","0.5428571428571428","1.4860995316126677"
"Chen","Snapfire","105","57","48","0.5428571428571428","1.4342056213899936"
"Mars","Luna","199","108","91","0.542713567839196","3.0609621047645414"
"Nyx Assassin","Batrider","164","89","75","0.5426829268292683","3.013184614916743"
"Shadow Demon","Warlock","129","70","59","0.5426356589147286","1.8630010007636355"
"Bane","Clockwerk","223","121","102","0.5426008968609866","2.418418427311778"
"Primal Beast","Tidehunter","94","51","43","0.5425531914893617","3.606542182369256"
"Vengeful Spirit","Primal Beast","94","51","43","0.5425531914893617","2.4218976395860876"
"Nature's Prophet","Lion","94","51","43","0.5425531914893617","2.36382100148176"
"Earthshaker","Phoenix","94","51","43","0.5425531914893617","1.454300181548495"
"Hoodwink","Silencer","94","51","43","0.5425531914893617","1.1899201802671868"
"Hoodwink","Pangolier","435","236","199","0.542528735632184","3.1532401594856276"
"Pugna","Pangolier","247","134","113","0.5425101214574899","2.972196412208284"
"Weaver","Phoenix","153","83","70","0.5424836601307189","3.654787766081816"
"Tidehunter","Rubick","271","147","124","0.5424354243542435","3.538534832595288"
"Dragon Knight","Huskar","59","32","27","0.5423728813559322","4.56770455633862"
"Lifestealer","Faceless Void","59","32","27","0.5423728813559322","4.108698722928042"
"Elder Titan","Earthshaker","59","32","27","0.5423728813559322","3.9201430020534804"
"Bane","Phantom Lancer","59","32","27","0.5423728813559322","3.776176694892794"
"Spirit Breaker","Jakiro","59","32","27","0.5423728813559322","3.7524775258104834"
"Chaos Knight","Terrorblade","59","32","27","0.5423728813559322","2.700799512696228"
"Windranger","Morphling","118","64","54","0.5423728813559322","2.3164011038551386"
"Nyx Assassin","Muerta","59","32","27","0.5423728813559322","2.248899983887634"
"Techies","Luna","59","32","27","0.5423728813559322","1.5892080710658256"
"Bristleback","Underlord","59","32","27","0.5423728813559322","1.5508567130915403"
"Dragon Knight","Wraith King","59","32","27","0.5423728813559322","1.3899437111873252"
"Mirana","Rubick","437","237","200","0.5423340961098398","3.2271193336592967"
"Earth Spirit","Mars","142","77","65","0.5422535211267606","2.4107496481194706"
"Pugna","Skywrath Mage","83","45","38","0.5421686746987951","2.8810388606043147"
"Marci","Bane","83","45","38","0.5421686746987951","0.6083336663176756"
"Earthshaker","Silencer","83","45","38","0.5421686746987951","0.33180307363308364"
"Enigma","Beastmaster","190","103","87","0.5421052631578948","3.1391655817068314"
"Dark Willow","Medusa","107","58","49","0.5420560747663551","2.791506616717335"
"Centaur Warrunner","Razor","107","58","49","0.5420560747663551","1.0255972325651712"
"Hoodwink","Dark Seer","131","71","60","0.5419847328244275","2.764795691149225"
"Puck","Underlord","131","71","60","0.5419847328244275","0.6762913075110701"
"Puck","Kunkka","203","110","93","0.541871921182266","3.3079501639521935"
"Lycan","Dragon Knight","72","39","33","0.5416666666666666","5.011607900296519"
"Slark","Medusa","72","39","33","0.5416666666666666","4.022380369404491"
"Slardar","Gyrocopter","96","52","44","0.5416666666666666","3.333661792558584"
"Slark","Keeper of the Light","72","39","33","0.5416666666666666","3.2116027357301853"
"Kunkka","Hoodwink","168","91","77","0.5416666666666666","3.1277057282219602"
"Disruptor","Earth Spirit","72","39","33","0.5416666666666666","3.11928292147655"
"Void Spirit","Dragon Knight","96","52","44","0.5416666666666666","2.3350989230565515"
"Pudge","Beastmaster","96","52","44","0.5416666666666666","2.330827591709746"
"Leshrac","Jakiro","120","65","55","0.5416666666666666","2.0488825384712848"
"Faceless Void","Tiny","264","143","121","0.5416666666666666","1.7816675524614303"
"Lion","Vengeful Spirit","120","65","55","0.5416666666666666","1.7455438958963938"
"Viper","Dawnbreaker","72","39","33","0.5416666666666666","1.6114352789784745"
"Templar Assassin","Techies","96","52","44","0.5416666666666666","1.609837406573548"
"Underlord","Terrorblade","96","52","44","0.5416666666666666","0.9856948951406261"
"Death Prophet","Void Spirit","96","52","44","0.5416666666666666","0.8751428847711518"
"Treant Protector","Shadow Fiend","96","52","44","0.5416666666666666","0.22551384597403992"
"Razor","Viper","96","52","44","0.5416666666666666","-0.13018957375480705"
"Muerta","Lifestealer","72","39","33","0.5416666666666666","-1.024699299441676"
"Tiny","Ursa","253","137","116","0.541501976284585","2.7603267937369766"
"Brewmaster","Tusk","157","85","72","0.5414012738853503","3.3309383051669004"
"Night Stalker","Storm Spirit","109","59","50","0.5412844036697247","3.989397474743377"
"Brewmaster","Grimstroke","109","59","50","0.5412844036697247","2.293397909979793"
"Enchantress","Silencer","109","59","50","0.5412844036697247","0.9709863136887077"
"Nature's Prophet","Hoodwink","194","105","89","0.5412371134020618","3.6140686482610906"
"Viper","Tiny","170","92","78","0.5411764705882353","2.867810677473341"
"Beastmaster","Visage","85","46","39","0.5411764705882353","2.5745657050359885"
"Keeper of the Light","Lina","85","46","39","0.5411764705882353","0.46390188525624165"
"Pangolier","Slark","146","79","67","0.541095890410959","1.973029709311494"
"Batrider","Vengeful Spirit","146","79","67","0.541095890410959","-0.5996387555862759"
"Treant Protector","Shadow Demon","122","66","56","0.5409836065573771","4.077462499406697"
"Earthshaker","Lina","61","33","28","0.5409836065573771","2.994622263431971"
"Ringmaster","Slardar","61","33","28","0.5409836065573771","2.8051762275650414"
"Lich","Medusa","61","33","28","0.5409836065573771","2.501921058015528"
"Tusk","Void Spirit","183","99","84","0.5409836065573771","1.9939722533670292"
"Crystal Maiden","Muerta","61","33","28","0.5409836065573771","1.8547192111166697"
"Void Spirit","Dawnbreaker","122","66","56","0.5409836065573771","1.7021758727427974"
"Templar Assassin","Terrorblade","220","119","101","0.5409090909090909","3.0102680602397736"
"Disruptor","Troll Warlord","98","53","45","0.5408163265306123","3.3984300072639453"
"Brewmaster","Batrider","98","53","45","0.5408163265306123","3.1046457834769368"
"Centaur Warrunner","Vengeful Spirit","98","53","45","0.5408163265306123","2.60622254346132"
"Hoodwink","Zeus","98","53","45","0.5408163265306123","2.442965108315456"
"Techies","Skywrath Mage","135","73","62","0.5407407407407407","1.2607588460987729"
"Death Prophet","Windranger","74","40","34","0.5405405405405406","6.008275718382409"
"Shadow Demon","Sand King","148","80","68","0.5405405405405406","4.429550552001828"
"Grimstroke","Luna","111","60","51","0.5405405405405406","3.9624502481945165"
"Bristleback","Marci","111","60","51","0.5405405405405406","3.709753473844"
"Alchemist","Gyrocopter","74","40","34","0.5405405405405406","2.7457052102080857"
"Medusa","Lina","74","40","34","0.5405405405405406","2.7390415609386918"
"Broodmother","Death Prophet","74","40","34","0.5405405405405406","2.5494615473283138"
"Spirit Breaker","Rubick","148","80","68","0.5405405405405406","2.3272011520106353"
"Invoker","Phoenix","148","80","68","0.5405405405405406","1.8363379942455713"
"Pugna","Underlord","74","40","34","0.5405405405405406","1.5991559835976512"
"Elder Titan","Jakiro","74","40","34","0.5405405405405406","1.1653618484577712"
"Monkey King","Weaver","198","107","91","0.5404040404040404","3.5647647984549016"
"Disruptor","Silencer","161","87","74","0.5403726708074534","2.4110914152827916"
"Nature's Prophet","Sven","124","67","57","0.5403225806451613","3.0476109550188704"
"Magnus","Silencer","124","67","57","0.5403225806451613","2.524907135383862"
"Keeper of the Light","Tidehunter","124","67","57","0.5403225806451613","1.829009563279428"
"Beastmaster","Slardar","124","67","57","0.5403225806451613","1.2906539162173807"
"Templar Assassin","Wraith King","87","47","40","0.5402298850574713","2.707333749542301"
"Faceless Void","Sven","87","47","40","0.5402298850574713","2.1422285571154105"
"Marci","Silencer","87","47","40","0.5402298850574713","1.5041199963024519"
"Warlock","Abaddon","87","47","40","0.5402298850574713","1.1421042298477473"
"Terrorblade","Disruptor","224","121","103","0.5401785714285714","2.759354850716631"
"Mirana","Techies","137","74","63","0.5401459854014599","3.114628265698499"
"Tiny","Void Spirit","274","148","126","0.5401459854014599","2.0518361632600977"
"Bane","Keeper of the Light","187","101","86","0.5401069518716578","1.8802567696607906"
"Slardar","Lich","50","27","23","0.54","3.7790964257903985"
"Tidehunter","Juggernaut","50","27","23","0.54","3.3722141115252917"
"Ursa","Earth Spirit","50","27","23","0.54","3.0218863532773854"
"Pudge","Rubick","100","54","46","0.54","2.781963443461867"
"Naga Siren","Elder Titan","50","27","23","0.54","2.2261064423542907"
"Enchantress","Wraith King","50","27","23","0.54","1.9934818169897335"
"Leshrac","Elder Titan","50","27","23","0.54","1.7748062081666263"
"Abaddon","Elder Titan","50","27","23","0.54","1.645873093014755"
"Monkey King","Phantom Assassin","100","54","46","0.54","1.386905456723943"
"Lich","Primal Beast","50","27","23","0.54","1.3315740069842723"
"Venomancer","Ursa","50","27","23","0.54","0.8764598157881528"
"Winter Wyvern","Queen of Pain","50","27","23","0.54","0.17036758159026577"
"Monkey King","Earth Spirit","100","54","46","0.54","-0.06484992791779036"
"Io","Earth Spirit","50","27","23","0.54","-0.20541987799027295"
"Windranger","Shadow Fiend","113","61","52","0.5398230088495575","6.011966773385553"
"Beastmaster","Viper","113","61","52","0.5398230088495575","0.7299531353653688"
"Ringmaster","Jakiro","176","95","81","0.5397727272727273","1.879154007900347"
"Primal Beast","Pangolier","415","224","191","0.5397590361445783","2.5125935589698303"
"Timbersaw","Winter Wyvern","63","34","29","0.5396825396825397","6.949024939324473"
"Chaos Knight","Storm Spirit","126","68","58","0.5396825396825397","3.226888954618025"
"Zeus","Weaver","63","34","29","0.5396825396825397","3.176032952693635"
"Enigma","Visage","63","34","29","0.5396825396825397","2.687699499962538"
"Nature's Prophet","Lifestealer","63","34","29","0.5396825396825397","2.424932881970887"
"Leshrac","Tusk","189","102","87","0.5396825396825397","2.2417016327537214"
"Storm Spirit","Sniper","63","34","29","0.5396825396825397","2.1975248667449963"
"Death Prophet","Drow Ranger","126","68","58","0.5396825396825397","1.6963375759785513"
"Nyx Assassin","Pugna","63","34","29","0.5396825396825397","1.529342952890303"
"Chaos Knight","Dark Willow","63","34","29","0.5396825396825397","1.4494514624330324"
"Alchemist","Templar Assassin","63","34","29","0.5396825396825397","1.4185291070002932"
"Beastmaster","Templar Assassin","202","109","93","0.5396039603960396","1.7360369328332548"
"Beastmaster","Spirit Breaker","139","75","64","0.539568345323741","2.852931815652874"
"Invoker","Earth Spirit","139","75","64","0.539568345323741","2.7007163988789067"
"Grimstroke","Jakiro","76","41","35","0.5394736842105263","4.8979321955969946"
"Bounty Hunter","Clockwerk","76","41","35","0.5394736842105263","3.627278552337653"
"Ogre Magi","Tidehunter","76","41","35","0.5394736842105263","3.208547863826496"
"Lina","Io","76","41","35","0.5394736842105263","3.1935473874318188"
"Lifestealer","Queen of Pain","76","41","35","0.5394736842105263","2.732996775317519"
"Dragon Knight","Troll Warlord","76","41","35","0.5394736842105263","2.261479203231569"
"Nature's Prophet","Vengeful Spirit","76","41","35","0.5394736842105263","2.161360828523837"
"Doom","Invoker","152","82","70","0.5394736842105263","1.236714546807279"
"Underlord","Queen of Pain","76","41","35","0.5394736842105263","0.8245134188553134"
"Sniper","Centaur Warrunner","76","41","35","0.5394736842105263","-0.22636302499834599"
"Morphling","Pangolier","330","178","152","0.5393939393939394","2.4244135005683987"
"Mirana","Sniper","89","48","41","0.5393258426966292","3.4926163276246944"
"Magnus","Earthshaker","89","48","41","0.5393258426966292","3.0198547872910853"
"Doom","Techies","178","96","82","0.5393258426966292","2.558877000575443"
"Alchemist","Morphling","89","48","41","0.5393258426966292","2.2662754505241587"
"Ringmaster","Ember Spirit","89","48","41","0.5393258426966292","1.8746251492649961"
"Templar Assassin","Viper","89","48","41","0.5393258426966292","0.6018474743128261"
"Skywrath Mage","Death Prophet","89","48","41","0.5393258426966292","0.016539644625766604"
"Silencer","Timbersaw","102","55","47","0.5392156862745098","4.354765988097209"
"Templar Assassin","Enigma","102","55","47","0.5392156862745098","3.1271403478749424"
"Templar Assassin","Shadow Demon","204","110","94","0.5392156862745098","2.861609844820333"
"Razor","Luna","102","55","47","0.5392156862745098","2.582740274013586"
"Pangolier","Dawnbreaker","217","117","100","0.5391705069124424","1.6693411228293"
"Faceless Void","Templar Assassin","115","62","53","0.5391304347826087","3.117600905575517"
"Brewmaster","Morphling","115","62","53","0.5391304347826087","2.2976569221479632"
"Storm Spirit","Lina","115","62","53","0.5391304347826087","1.8238339682209916"
"Shadow Demon","Jakiro","230","124","106","0.5391304347826087","1.5917385694962105"
"Nature's Prophet","Gyrocopter","115","62","53","0.5391304347826087","0.9430084308488027"
"Earthshaker","Mars","115","62","53","0.5391304347826087","0.8495203188801589"
"Bane","Silencer","128","69","59","0.5390625","2.934718308375082"
"Tiny","Enchantress","384","207","177","0.5390625","1.4451545870746185"
"Storm Spirit","Silencer","141","76","65","0.5390070921985816","2.000734806354065"
"Lich","Tiny","141","76","65","0.5390070921985816","1.5078604042579336"
"Muerta","Jakiro","141","76","65","0.5390070921985816","0.07120763075990832"
"Enigma","Batrider","154","83","71","0.538961038961039","2.599209086273357"
"Io","Grimstroke","154","83","71","0.538961038961039","1.8098336279087328"
"Storm Spirit","Pangolier","553","298","255","0.538878842676311","2.285693678887854"
"Clockwerk","Dark Willow","232","125","107","0.5387931034482759","3.0148896682703166"
"Dragon Knight","Pangolier","375","202","173","0.5386666666666666","2.6389563776821348"
"Medusa","Visage","52","28","24","0.5384615384615384","5.096281470945032"
"Treant Protector","Riki","52","28","24","0.5384615384615384","4.831340419381696"
"Primal Beast","Silencer","91","49","42","0.5384615384615384","4.78313120054927"
"Dark Seer","Broodmother","52","28","24","0.5384615384615384","4.529801828787639"
"Bane","Nature's Prophet","104","56","48","0.5384615384615384","4.406392208688758"
"Terrorblade","Dazzle","52","28","24","0.5384615384615384","4.312684098939008"
"Slardar","Spirit Breaker","52","28","24","0.5384615384615384","4.169645782177285"
"Bloodseeker","Lich","52","28","24","0.5384615384615384","4.044935454258069"
"Chen","Nyx Assassin","78","42","36","0.5384615384615384","3.80582978361895"
"Enchantress","Invoker","156","84","72","0.5384615384615384","3.5772550123538913"
"Puck","Undying","143","77","66","0.5384615384615384","3.2666356772732694"
"Clockwerk","Invoker","195","105","90","0.5384615384615384","3.258191776516305"
"Zeus","Batrider","130","70","60","0.5384615384615384","3.1278872777745312"
"Slark","Batrider","169","91","78","0.5384615384615384","3.0848896029785227"
"Nyx Assassin","Shadow Fiend","65","35","30","0.5384615384615384","2.4369459793850767"
"Death Prophet","Brewmaster","65","35","30","0.5384615384615384","1.88903202706096"
"Juggernaut","Enchantress","65","35","30","0.5384615384615384","1.862875854422055"
"Keeper of the Light","Lifestealer","91","49","42","0.5384615384615384","1.861049624584357"
"Zeus","Treant Protector","52","28","24","0.5384615384615384","1.7721000953308839"
"Enchantress","Templar Assassin","195","105","90","0.5384615384615384","1.6748791363488094"
"Slark","Mars","52","28","24","0.5384615384615384","1.613800554262396"
"Terrorblade","Crystal Maiden","143","77","66","0.5384615384615384","1.5235964026257707"
"Beastmaster","Venomancer","78","42","36","0.5384615384615384","1.3762045812532817"
"Puck","Viper","130","70","60","0.5384615384615384","1.2731673624018311"
"Slardar","Crystal Maiden","78","42","36","0.5384615384615384","1.2604766264636633"
"Storm Spirit","Shadow Fiend","156","84","72","0.5384615384615384","1.0421215728038775"
"Viper","Doom","65","35","30","0.5384615384615384","0.9870751138577922"
"Broodmother","Clockwerk","78","42","36","0.5384615384615384","0.8981271919478165"
"Dark Seer","Bloodseeker","52","28","24","0.5384615384615384","0.6880693361535708"
"Earthshaker","Dawnbreaker","117","63","54","0.5384615384615384","0.6527012359223179"
"Chen","Enigma","65","35","30","0.5384615384615384","0.011690014431537485"
"Abaddon","Anti-Mage","52","28","24","0.5384615384615384","-0.6157607213949267"
"Kez","Storm Spirit","52","28","24","0.5384615384615384","-0.870218450746035"
"Primal Beast","Hoodwink","236","127","109","0.538135593220339","2.4209200312963453"
"Naga Siren","Tusk","210","113","97","0.5380952380952381","1.2517097432049853"
"Pangolier","Razor","197","106","91","0.5380710659898477","1.2509013449018158"
"Jakiro","Phoenix","197","106","91","0.5380710659898477","0.3878242443750557"
"Shadow Demon","Pugna","184","99","85","0.5380434782608695","2.7781152838466863"
"Abaddon","Ember Spirit","171","92","79","0.5380116959064327","3.193788835980171"
"Templar Assassin","Morphling","171","92","79","0.5380116959064327","2.0247063420459677"
"Pangolier","Void Spirit","329","177","152","0.5379939209726444","1.8998329022802736"
"Underlord","Mars","158","85","73","0.5379746835443038","2.4829228036848727"
"Pangolier","Death Prophet","277","149","128","0.5379061371841155","2.2721856956999584"
"Techies","Mars","132","71","61","0.5378787878787878","2.988077695587949"
"Enchantress","Rubick","383","206","177","0.5378590078328982","1.8826196292374886"
"Ursa","Nature's Prophet","119","64","55","0.5378151260504201","2.832311510991857"
"Dark Willow","Void Spirit","119","64","55","0.5378151260504201","1.4289167753089798"
"Weaver","Snapfire","225","121","104","0.5377777777777778","3.284088388834803"
"Lifestealer","Puck","106","57","49","0.5377358490566038","4.2306217066754686"
"Shadow Demon","Void Spirit","212","114","98","0.5377358490566038","2.52015235643373"
"Templar Assassin","Muerta","106","57","49","0.5377358490566038","1.5845602561951144"
"Io","Tiny","199","107","92","0.5376884422110553","1.0977257694770717"
"Rubick","Dragon Knight","292","157","135","0.5376712328767124","2.41974830397589"
"Keeper of the Light","Undying","93","50","43","0.5376344086021505","3.293630269380115"
"Nature's Prophet","Ember Spirit","279","150","129","0.5376344086021505","3.063391770847883"
"Death Prophet","Jakiro","93","50","43","0.5376344086021505","2.5736784791629264"
"Chen","Doom","93","50","43","0.5376344086021505","2.2337341547131886"
"Sand King","Leshrac","93","50","43","0.5376344086021505","1.9114929921268788"
"Earth Spirit","Morphling","93","50","43","0.5376344086021505","0.6659544518319467"
"Centaur Warrunner","Windranger","186","100","86","0.5376344086021505","0.055547703022001155"
"Morphling","Undying","173","93","80","0.5375722543352601","1.8940543500318496"
"Magnus","Mars","173","93","80","0.5375722543352601","1.4673428192161446"
"Crystal Maiden","Tusk","173","93","80","0.5375722543352601","1.1788951210109309"
"Lycan","Sven","80","43","37","0.5375","3.5134161069182612"
"Mirana","Tiny","400","215","185","0.5375","2.4968036317461926"
"Phoenix","Troll Warlord","80","43","37","0.5375","1.7073521419443807"
"Spirit Breaker","Death Prophet","80","43","37","0.5375","1.2764747504969036"
"Chen","Shadow Fiend","80","43","37","0.5375","0.6547321434082115"
"Kunkka","Phantom Assassin","80","43","37","0.5375","0.2805159262186615"
"Centaur Warrunner","Puck","227","122","105","0.5374449339207048","2.285725209223097"
"Puck","Sand King","147","79","68","0.5374149659863946","4.217976647609834"
"Luna","Morphling","147","79","68","0.5374149659863946","1.2839193739218264"
"Death Prophet","Templar Assassin","147","79","68","0.5374149659863946","1.06899985074748"
"Spirit Breaker","Morphling","147","79","68","0.5374149659863946","0.7738846875551616"
"Hoodwink","Windranger","214","115","99","0.5373831775700935","0.8644050181997706"
"Rubick","Weaver","281","151","130","0.5373665480427047","2.64143716884514"
"Windranger","Phantom Assassin","67","36","31","0.5373134328358209","5.033967195727774"
"Terrorblade","Juggernaut","67","36","31","0.5373134328358209","4.6669890114718005"
"Bristleback","Night Stalker","67","36","31","0.5373134328358209","4.305087404508157"
"Slark","Bristleback","67","36","31","0.5373134328358209","3.6062377135209527"
"Lich","Crystal Maiden","67","36","31","0.5373134328358209","2.8210602448787276"
"Vengeful Spirit","Enigma","67","36","31","0.5373134328358209","2.730340696666976"
"Sand King","Pangolier","268","144","124","0.5373134328358209","2.5863785928016356"
"Weaver","Abaddon","67","36","31","0.5373134328358209","2.199968981149802"
"Naga Siren","Grimstroke","67","36","31","0.5373134328358209","1.796306083214713"
"Nature's Prophet","Medusa","67","36","31","0.5373134328358209","1.7027401469328385"
"Pangolier","Wraith King","67","36","31","0.5373134328358209","1.589380860049008"
"Enchantress","Terrorblade","201","108","93","0.5373134328358209","1.2428164801319155"
"Techies","Slark","67","36","31","0.5373134328358209","1.1988586551592053"
"Muerta","Ringmaster","67","36","31","0.5373134328358209","-1.6637826260867248"
"Ember Spirit","Terrorblade","322","173","149","0.5372670807453416","2.340134153942372"
"Terrorblade","Marci","121","65","56","0.5371900826446281","3.2446704873210375"
"Viper","Rubick","121","65","56","0.5371900826446281","3.092318761401824"
"Crystal Maiden","Primal Beast","175","94","81","0.5371428571428571","1.6728347547030562"
"Alchemist","Razor","54","29","25","0.5370370370370371","7.366637258321294"
"Slark","Beastmaster","108","58","50","0.5370370370370371","3.9498875134209963"
"Lycan","Shadow Fiend","54","29","25","0.5370370370370371","3.7320665018014756"
"Silencer","Shadow Shaman","54","29","25","0.5370370370370371","3.708528795511754"
"Nyx Assassin","Pangolier","162","87","75","0.5370370370370371","3.5143348917988013"
"Gyrocopter","Spirit Breaker","54","29","25","0.5370370370370371","3.335267272197"
"Nature's Prophet","Nyx Assassin","54","29","25","0.5370370370370371","3.0933810104037565"
"Bloodseeker","Alchemist","54","29","25","0.5370370370370371","2.838158270262792"
"Phantom Lancer","Spirit Breaker","54","29","25","0.5370370370370371","2.603849335924513"
"Snapfire","Spirit Breaker","108","58","50","0.5370370370370371","2.495307725040052"
"Tiny","Weaver","270","145","125","0.5370370370370371","1.7681905432987117"
"Treant Protector","Muerta","54","29","25","0.5370370370370371","1.2049380018526414"
"Pudge","Ursa","54","29","25","0.5370370370370371","-0.009739367311583931"
"Terrorblade","Legion Commander","54","29","25","0.5370370370370371","-1.7702945029088313"
"Void Spirit","Invoker","203","109","94","0.5369458128078818","4.1462643581019725"
"Medusa","Hoodwink","149","80","69","0.5369127516778524","4.643431936481651"
"Ogre Magi","Mars","149","80","69","0.5369127516778524","2.6148130750215834"
"Dragon Knight","Tusk","298","160","138","0.5369127516778524","1.8843205817656208"
"Morphling","Shadow Fiend","95","51","44","0.5368421052631579","3.4950339765706566"
"Shadow Shaman","Razor","95","51","44","0.5368421052631579","1.1949196050450552"
"Doom","Ember Spirit","326","175","151","0.5368098159509203","1.2915688911756067"
"Kunkka","Keeper of the Light","136","73","63","0.5367647058823529","2.0678671642802886"
"Morphling","Void Spirit","136","73","63","0.5367647058823529","1.3997685042429031"
"Ember Spirit","Spirit Breaker","177","95","82","0.536723163841808","1.799402840793766"
"Lifestealer","Tusk","82","44","38","0.5365853658536586","3.3625735717818364"
"Lina","Monkey King","164","88","76","0.5365853658536586","3.0238039122095333"
"Dark Willow","Rubick","205","110","95","0.5365853658536586","2.9829901462187642"
"Enigma","Undying","164","88","76","0.5365853658536586","2.6203414250135153"
"Treant Protector","Mirana","123","66","57","0.5365853658536586","2.4860629070379603"
"Ogre Magi","Pangolier","123","66","57","0.5365853658536586","2.0882457570212365"
"Tusk","Dawnbreaker","205","110","95","0.5365853658536586","1.7973671300178167"
"Leshrac","Drow Ranger","82","44","38","0.5365853658536586","1.5503936102305758"
"Bristleback","Earth Spirit","82","44","38","0.5365853658536586","1.0552595008136676"
"Abaddon","Clockwerk","82","44","38","0.5365853658536586","0.25528215991929204"
"Monkey King","Dark Willow","151","81","70","0.5364238410596026","2.197900034145308"
"Faceless Void","Puck","151","81","70","0.5364238410596026","1.8520473596072204"
"Bristleback","Windranger","69","37","32","0.5362318840579711","4.121071274284767"
"Night Stalker","Dark Willow","69","37","32","0.5362318840579711","2.59230731726264"
"Sand King","Dark Seer","69","37","32","0.5362318840579711","2.277383940849184"
"Invoker","Viper","69","37","32","0.5362318840579711","1.4463949323408898"
"Lycan","Mars","138","74","64","0.5362318840579711","1.0963606020515169"
"Dazzle","Snapfire","69","37","32","0.5362318840579711","-0.6187469007508122"
"Wraith King","Disruptor","69","37","32","0.5362318840579711","-1.0155412583875196"
"Queen of Pain","Puck","235","126","109","0.5361702127659574","2.325644327843447"
"Tidehunter","Phoenix","166","89","77","0.536144578313253","3.6275586959503894"
"Ursa","Leshrac","97","52","45","0.5360824742268041","2.423690834585619"
"Puck","Juggernaut","97","52","45","0.5360824742268041","1.8817537559114714"
"Bane","Templar Assassin","194","104","90","0.5360824742268041","1.8044519728993738"
"Disruptor","Bloodseeker","97","52","45","0.5360824742268041","1.521112554159797"
"Dark Seer","Undying","97","52","45","0.5360824742268041","1.475054016912971"
"Shadow Demon","Storm Spirit","319","171","148","0.5360501567398119","2.279829949220166"
"Tiny","Medusa","222","119","103","0.536036036036036","2.114623828864453"
"Phoenix","Sand King","125","67","58","0.536","3.5397782139126175"
"Doom","Tusk","278","149","129","0.5359712230215827","2.5660164878496925"
"Beastmaster","Alchemist","153","82","71","0.5359477124183006","1.6798145470903894"
"Morphling","Mars","237","127","110","0.5358649789029536","1.6125083235386448"
"Templar Assassin","Pangolier","349","187","162","0.5358166189111748","2.933280308771588"
"Beastmaster","Clockwerk","377","202","175","0.5358090185676393","1.033415860544648"
"Lich","Hoodwink","84","45","39","0.5357142857142857","6.518788341312435"
"Primal Beast","Spirit Breaker","56","30","26","0.5357142857142857","4.229538126870406"
"Underlord","Visage","56","30","26","0.5357142857142857","3.8380920884333483"
"Night Stalker","Winter Wyvern","56","30","26","0.5357142857142857","3.7832258880041443"
"Nature's Prophet","Ringmaster","56","30","26","0.5357142857142857","3.663781331290125"
"Enigma","Broodmother","56","30","26","0.5357142857142857","3.6355587962843328"
"Dawnbreaker","Juggernaut","56","30","26","0.5357142857142857","3.5541840768136637"
"Broodmother","Legion Commander","56","30","26","0.5357142857142857","3.5414137764360256"
"Lich","Dawnbreaker","84","45","39","0.5357142857142857","3.4452012436602475"
"Hoodwink","Clinkz","56","30","26","0.5357142857142857","3.1793216386637537"
"Nature's Prophet","Dark Willow","140","75","65","0.5357142857142857","3.0711868857015023"
"Tusk","Earthshaker","140","75","65","0.5357142857142857","3.065151684758719"
"Batrider","Spirit Breaker","140","75","65","0.5357142857142857","2.5625089269346346"
"Death Prophet","Luna","84","45","39","0.5357142857142857","1.9821497246754984"
"Windranger","Winter Wyvern","56","30","26","0.5357142857142857","1.3259334426044538"
"Hoodwink","Bloodseeker","56","30","26","0.5357142857142857","1.265957445445222"
"Underlord","Morphling","56","30","26","0.5357142857142857","1.1511563724456164"
"Windranger","Silencer","84","45","39","0.5357142857142857","0.8900978048658824"
"Sniper","Treant Protector","56","30","26","0.5357142857142857","-1.225211260281822"
"Leshrac","Monkey King","183","98","85","0.5355191256830601","3.670003149253989"
"Io","Mars","183","98","85","0.5355191256830601","2.4278414449326635"
"Disruptor","Primal Beast","155","83","72","0.535483870967742","3.0976895446243558"
"Leshrac","Undying","155","83","72","0.535483870967742","1.9363055188432685"
"Mirana","Lina","155","83","72","0.535483870967742","0.9792717006937393"
"Beastmaster","Earthshaker","127","68","59","0.5354330708661418","3.0800908743890165"
"Hoodwink","Warlock","99","53","46","0.5353535353535354","3.316621466209085"
"Tiny","Vengeful Spirit","99","53","46","0.5353535353535354","2.69762775063675"
"Earthshaker","Dark Willow","99","53","46","0.5353535353535354","1.9929339760956466"
"Enigma","Medusa","71","38","33","0.5352112676056338","4.324073361913797"
"Spectre","Tiny","71","38","33","0.5352112676056338","3.354084073118713"
"Muerta","Lina","71","38","33","0.5352112676056338","2.006197823151579"
"Bristleback","Medusa","71","38","33","0.5352112676056338","1.578942075187981"
"Winter Wyvern","Puck","142","76","66","0.5352112676056338","1.5468203731911627"
"Batrider","Terrorblade","213","114","99","0.5352112676056338","1.5375720641154382"
"Wraith King","Storm Spirit","71","38","33","0.5352112676056338","1.4315831736343192"
"Timbersaw","Dawnbreaker","142","76","66","0.5352112676056338","1.3447546027275623"
"Broodmother","Dawnbreaker","71","38","33","0.5352112676056338","1.0507845833618692"
"Night Stalker","Lycan","71","38","33","0.5352112676056338","0.18998168014923192"
"Nature's Prophet","Tusk","299","160","139","0.5351170568561873","1.7819750153176033"
"Dark Willow","Muerta","157","84","73","0.535031847133758","2.939775418563396"
"Pangolier","Queen of Pain","314","168","146","0.535031847133758","2.247195969580819"
"Windranger","Ringmaster","86","46","40","0.5348837209302325","3.286525821671066"
"Enigma","Crystal Maiden","86","46","40","0.5348837209302325","2.7664045246212714"
"Clockwerk","Crystal Maiden","172","92","80","0.5348837209302325","2.6805003086152337"
"Tidehunter","Lina","129","69","60","0.5348837209302325","2.417409395743357"
"Leshrac","Centaur Warrunner","129","69","60","0.5348837209302325","2.3730985659038066"
"Morphling","Jakiro","129","69","60","0.5348837209302325","2.2182338385607885"
"Faceless Void","Weaver","129","69","60","0.5348837209302325","2.1377461741168307"
"Lion","Earth Spirit","86","46","40","0.5348837209302325","2.002483482865208"
"Doom","Axe","86","46","40","0.5348837209302325","0.4038311819410837"
"Bane","Viper","86","46","40","0.5348837209302325","-4.067325732669001"
"Nature's Prophet","Tiny","374","200","174","0.5347593582887701","2.081802473318039"
"Templar Assassin","Silencer","101","54","47","0.5346534653465347","2.8582866366388804"
"Bristleback","Enigma","101","54","47","0.5346534653465347","1.5926632311416642"
"Ember Spirit","Ancient Apparition","101","54","47","0.5346534653465347","1.4342944029477325"
"Slardar","Snapfire","101","54","47","0.5346534653465347","0.8398676338191075"
"Monkey King","Phoenix","217","116","101","0.5345622119815668","0.8783506491684613"
"Monkey King","Enchantress","217","116","101","0.5345622119815668","0.8463817212959777"
"Timbersaw","Pangolier","275","147","128","0.5345454545454545","2.89568432778738"
"Slark","Tidehunter","116","62","54","0.5344827586206896","2.6688019057355046"
"Nature's Prophet","Phantom Assassin","58","31","27","0.5344827586206896","2.5081891085295913"
"Earthshaker","Jakiro","58","31","27","0.5344827586206896","2.428563459252541"
"Phantom Assassin","Spirit Breaker","58","31","27","0.5344827586206896","2.2241263191693115"
"Skywrath Mage","Gyrocopter","58","31","27","0.5344827586206896","1.71393422128916"
"Earthshaker","Keeper of the Light","58","31","27","0.5344827586206896","1.358958309004406"
"Monkey King","Crystal Maiden","116","62","54","0.5344827586206896","1.2823386821006653"
"Lina","Vengeful Spirit","58","31","27","0.5344827586206896","0.8175027687898168"
"Broodmother","Lycan","58","31","27","0.5344827586206896","0.8015581695300414"
"Bristleback","Warlock","116","62","54","0.5344827586206896","0.7544386639277698"
"Mars","Anti-Mage","58","31","27","0.5344827586206896","0.5144904852180653"
"Faceless Void","Skywrath Mage","58","31","27","0.5344827586206896","-0.6218237303194196"
"Terrorblade","Weaver","131","70","61","0.5343511450381679","0.21758404744151277"
"Tiny","Monkey King","408","218","190","0.5343137254901961","3.411984761871416"
"Batrider","Hoodwink","350","187","163","0.5342857142857143","2.0126606544909236"
"Centaur Warrunner","Io","73","39","34","0.5342465753424658","2.6521212520668325"
"Earth Spirit","Queen of Pain","73","39","34","0.5342465753424658","2.6034743984295825"
"Muerta","Brewmaster","73","39","34","0.5342465753424658","2.5276005898512444"
"Lion","Bloodseeker","73","39","34","0.5342465753424658","2.1818940125189368"
"Windranger","Pugna","73","39","34","0.5342465753424658","2.0468711044968355"
"Underlord","Dawnbreaker","73","39","34","0.5342465753424658","1.1000161784079825"
"Shadow Shaman","Tidehunter","73","39","34","0.5342465753424658","1.0452589951815607"
"Elder Titan","Tidehunter","73","39","34","0.5342465753424658","0.9489739584186194"
"Sven","Undying","73","39","34","0.5342465753424658","0.8376877499764481"
"Marci","Hoodwink","161","86","75","0.5341614906832298","1.808642819165181"
"Gyrocopter","Morphling","161","86","75","0.5341614906832298","1.6913710599617"
"Weaver","Void Spirit","161","86","75","0.5341614906832298","1.2643597431352007"
"Naga Siren","Crystal Maiden","88","47","41","0.5340909090909091","3.8518598470070797"
"Disruptor","Warlock","88","47","41","0.5340909090909091","3.605183307815689"
"Keeper of the Light","Sven","88","47","41","0.5340909090909091","3.5470823827832914"
"Lion","Undying","88","47","41","0.5340909090909091","3.246776437855427"
"Death Prophet","Queen of Pain","176","94","82","0.5340909090909091","2.829630490117729"
"Tusk","Warlock","176","94","82","0.5340909090909091","2.7147826352440614"
"Weaver","Pugna","88","47","41","0.5340909090909091","2.2125327267380097"
"Muerta","Shadow Shaman","88","47","41","0.5340909090909091","0.8210724451604144"
"Warlock","Marci","103","55","48","0.5339805825242718","2.986715954552527"
"Templar Assassin","Bloodseeker","103","55","48","0.5339805825242718","1.5202725278133726"
"Visage","Death Prophet","103","55","48","0.5339805825242718","-0.6322150650452313"
"Tiny","Hoodwink","545","291","254","0.5339449541284403","2.2287527649029872"
"Ember Spirit","Gyrocopter","221","118","103","0.5339366515837104","0.8154411977183856"
"Troll Warlord","Rubick","118","63","55","0.5338983050847458","2.3699363823140165"
"Invoker","Grimstroke","118","63","55","0.5338983050847458","0.9184874193577215"
"Lion","Void Spirit","118","63","55","0.5338983050847458","0.8451143617975913"
"Tiny","Axe","133","71","62","0.5338345864661654","3.2541763850610104"
"Disruptor","Naga Siren","133","71","62","0.5338345864661654","2.8724882522319306"
"Timbersaw","Magnus","133","71","62","0.5338345864661654","1.0035698298789604"
"Beastmaster","Kunkka","283","151","132","0.5335689045936396","0.7670678204565624"
"Bristleback","Doom","135","72","63","0.5333333333333333","3.2730675058264715"
"Nature's Prophet","Lycan","75","40","35","0.5333333333333333","3.093942723591881"
"Dark Willow","Bristleback","120","64","56","0.5333333333333333","2.9849795855009784"
"Queen of Pain","Faceless Void","90","48","42","0.5333333333333333","2.8976566051714334"
"Underlord","Disruptor","105","56","49","0.5333333333333333","2.8733881922206965"
"Mirana","Silencer","150","80","70","0.5333333333333333","2.8080154825707373"
"Brewmaster","Earth Spirit","60","32","28","0.5333333333333333","2.4629042810630226"
"Batrider","Juggernaut","90","48","42","0.5333333333333333","2.4027751039353378"
"Pugna","Centaur Warrunner","105","56","49","0.5333333333333333","2.3981966875794227"
"Medusa","Morphling","150","80","70","0.5333333333333333","2.3692566162493285"
"Dragon Knight","Abaddon","150","80","70","0.5333333333333333","2.3261505185338716"
"Pangolier","Faceless Void","240","128","112","0.5333333333333333","2.2832455933032363"
"Razor","Muerta","75","40","35","0.5333333333333333","2.103328279082127"
"Medusa","Ursa","105","56","49","0.5333333333333333","2.0996026809714747"
"Nature's Prophet","Disruptor","165","88","77","0.5333333333333333","1.9218254515378124"
"Sven","Earth Spirit","60","32","28","0.5333333333333333","1.8117860293596535"
"Tiny","Chaos Knight","225","120","105","0.5333333333333333","1.802334674883967"
"Magnus","Nyx Assassin","60","32","28","0.5333333333333333","1.671986619889782"
"Terrorblade","Nyx Assassin","90","48","42","0.5333333333333333","1.4549193780448904"
"Bloodseeker","Timbersaw","105","56","49","0.5333333333333333","1.25528968960852"
"Muerta","Morphling","105","56","49","0.5333333333333333","1.2422651977985748"
"Dragon Knight","Queen of Pain","150","80","70","0.5333333333333333","1.1635301161797802"
"Crystal Maiden","Slark","60","32","28","0.5333333333333333","0.9674172867700416"
"Marci","Nyx Assassin","75","40","35","0.5333333333333333","0.7447938926492463"
"Phoenix","Undying","120","64","56","0.5333333333333333","0.5369053809790433"
"Centaur Warrunner","Zeus","75","40","35","0.5333333333333333","0.5094059316225841"
"Elder Titan","Storm Spirit","105","56","49","0.5333333333333333","0.449139841015301"
"Monkey King","Viper","120","64","56","0.5333333333333333","0.38900910314118503"
"Shadow Shaman","Grimstroke","120","64","56","0.5333333333333333","0.3460640818541204"
"Tidehunter","Grimstroke","135","72","63","0.5333333333333333","0.10929402416421095"
"Nature's Prophet","Troll Warlord","75","40","35","0.5333333333333333","-0.20554721239771614"
"Gyrocopter","Void Spirit","120","64","56","0.5333333333333333","-0.3384327270705005"
"Viper","Dark Willow","60","32","28","0.5333333333333333","-1.0795556224297607"
"Death Prophet","Snapfire","257","137","120","0.5330739299610895","2.4566618056135026"
"Terrorblade","Snapfire","242","129","113","0.5330578512396694","2.396097104707732"
"Templar Assassin","Kunkka","182","97","85","0.532967032967033","3.3375503274701597"
"Terrorblade","Silencer","182","97","85","0.532967032967033","1.878147346919625"
"Magnus","Morphling","182","97","85","0.532967032967033","1.872831147734394"
"Faceless Void","Clockwerk","167","89","78","0.5329341317365269","-0.44137688200913106"
"Phoenix","Rubick","304","162","142","0.5328947368421053","3.403999538900187"
"Sven","Dragon Knight","152","81","71","0.5328947368421053","1.4926124344022595"
"Tiny","Mars","563","300","263","0.5328596802841918","1.1493849184809048"
"Sven","Batrider","137","73","64","0.5328467153284672","1.3588998939508403"
"Undying","Treant Protector","137","73","64","0.5328467153284672","-0.9833604062731356"
"Enchantress","Tusk","259","138","121","0.5328185328185329","0.49919780793431423"
"Earth Spirit","Batrider","122","65","57","0.5327868852459017","3.088151700849759"
"Lina","Terrorblade","122","65","57","0.5327868852459017","2.7554987985431256"
"Tiny","Sven","214","114","100","0.5327102803738317","2.0592849023259023"
"Shadow Shaman","Gyrocopter","107","57","50","0.5327102803738317","1.0742827516073457"
"Kunkka","Dawnbreaker","107","57","50","0.5327102803738317","-1.3011350798004675"
"Storm Spirit","Tidehunter","199","106","93","0.5326633165829145","2.2619630469985403"
"Sven","Lina","92","49","43","0.532608695652174","1.9837611536050173"
"Mars","Legion Commander","92","49","43","0.532608695652174","1.8545722843244088"
"Enchantress","Chaos Knight","92","49","43","0.532608695652174","1.2429175422035539"
"Chaos Knight","Tusk","92","49","43","0.532608695652174","1.1614618992883772"
"Underlord","Dark Willow","92","49","43","0.532608695652174","1.0522263744567153"
"Timbersaw","Snapfire","261","139","122","0.5325670498084292","2.7774409817295083"
"Lycan","Pangolier","154","82","72","0.5324675324675324","3.0906170797444568"
"Mirana","Keeper of the Light","154","82","72","0.5324675324675324","2.377267694558192"
"Magnus","Rubick","231","123","108","0.5324675324675324","1.6537107827043245"
"Timbersaw","Clockwerk","231","123","108","0.5324675324675324","1.65328388226716"
"Legion Commander","Snapfire","77","41","36","0.5324675324675324","0.9696175614643349"
"Keeper of the Light","Crystal Maiden","77","41","36","0.5324675324675324","0.6325733704025316"
"Terrorblade","Phoenix","139","74","65","0.5323741007194245","1.5005611517844903"
"Dark Seer","Storm Spirit","139","74","65","0.5323741007194245","1.4459348016087095"
"Pangolier","Drow Ranger","124","66","58","0.532258064516129","3.589595886995997"
"Viper","Ember Spirit","124","66","58","0.532258064516129","3.476068027225406"
"Dragon Knight","Vengeful Spirit","62","33","29","0.532258064516129","3.246227627511389"
"Night Stalker","Doom","62","33","29","0.532258064516129","2.620401737579479"
"Troll Warlord","Pangolier","124","66","58","0.532258064516129","2.2892883596666618"
"Ember Spirit","Bounty Hunter","62","33","29","0.532258064516129","1.9870142521227026"
"Earthshaker","Crystal Maiden","62","33","29","0.532258064516129","1.9713324930334872"
"Slark","Gyrocopter","62","33","29","0.532258064516129","1.8303243704262"
"Lina","Drow Ranger","62","33","29","0.532258064516129","1.3254466763492307"
"Mirana","Pangolier","372","198","174","0.532258064516129","1.241907473250594"
"Phantom Lancer","Rubick","62","33","29","0.532258064516129","1.227636032756853"
"Bloodseeker","Invoker","62","33","29","0.532258064516129","1.1427603675434483"
"Sand King","Sven","62","33","29","0.532258064516129","-1.6538185867924509"
"Rubick","Techies","357","190","167","0.5322128851540616","1.4298395960117076"
"Treant Protector","Tiny","295","157","138","0.5322033898305085","2.2078597799114483"
"Hoodwink","Jakiro","233","124","109","0.5321888412017167","2.8424366904283906"
"Templar Assassin","Doom","171","91","80","0.5321637426900585","2.291713268879353"
"Windranger","Primal Beast","109","58","51","0.5321100917431193","3.849231358196014"
"Io","Queen of Pain","109","58","51","0.5321100917431193","1.7929947803626118"
"Tidehunter","Lion","109","58","51","0.5321100917431193","1.4327586827643237"
"Primal Beast","Techies","109","58","51","0.5321100917431193","0.42727939766834616"
"Nature's Prophet","Viper","109","58","51","0.5321100917431193","-2.220635550622027"
"Shadow Shaman","Dragon Knight","156","83","73","0.532051282051282","2.037105525811791"
"Rubick","Gyrocopter","156","83","73","0.532051282051282","0.4463968184574955"
"Shadow Demon","Dragon Knight","203","108","95","0.5320197044334976","1.0106512041818672"
"Silencer","Doom","141","75","66","0.5319148936170213","4.0688747742507125"
"Beastmaster","Winter Wyvern","94","50","44","0.5319148936170213","3.9404782037356867"
"Dark Seer","Pangolier","235","125","110","0.5319148936170213","2.2609188463215477"
"Broodmother","Snapfire","141","75","66","0.5319148936170213","2.260549695496855"
"Templar Assassin","Batrider","141","75","66","0.5319148936170213","1.4865403270603539"
"Clockwerk","Medusa","126","67","59","0.5317460317460317","3.748802691519286"
"Timbersaw","Faceless Void","126","67","59","0.5317460317460317","3.200992455254485"
"Dark Willow","Ogre Magi","79","42","37","0.5316455696202531","4.244288723857939"
"Naga Siren","Timbersaw","79","42","37","0.5316455696202531","3.111496384365171"
"Lifestealer","Morphling","79","42","37","0.5316455696202531","1.867401780753009"
"Lion","Sand King","79","42","37","0.5316455696202531","1.09609991888978"
"Gyrocopter","Night Stalker","79","42","37","0.5316455696202531","0.3463319476345576"
"Leshrac","Kunkka","111","59","52","0.5315315315315315","4.24764621607033"
"Muerta","Magnus","111","59","52","0.5315315315315315","2.9099438471770798"
"Enchantress","Lich","111","59","52","0.5315315315315315","2.821292093808345"
"Beastmaster","Bane","222","118","104","0.5315315315315315","1.6658578289928827"
"Wraith King","Ember Spirit","111","59","52","0.5315315315315315","1.5697186884375414"
"Lycan","Snapfire","111","59","52","0.5315315315315315","-0.1821526878201538"
"Beastmaster","Disruptor","254","135","119","0.531496062992126","0.3709563770911873"
"Sand King","Tusk","143","76","67","0.5314685314685315","1.8837445970189732"
"Beastmaster","Lich","143","76","67","0.5314685314685315","1.8516224457785098"
"Lich","Rubick","143","76","67","0.5314685314685315","-0.2507353884330682"
"Dark Seer","Rubick","207","110","97","0.5314009661835749","3.640444975990258"
"Leshrac","Mars","207","110","97","0.5314009661835749","2.680331362710472"
"Bane","Io","207","110","97","0.5314009661835749","2.6548311769821753"
"Ember Spirit","Centaur Warrunner","207","110","97","0.5314009661835749","1.1090125745390378"
"Nyx Assassin","Lycan","64","34","30","0.53125","2.938604189187801"
"Centaur Warrunner","Sand King","96","51","45","0.53125","2.7404921152522235"
"Weaver","Centaur Warrunner","128","68","60","0.53125","2.60575111406518"
"Silencer","Underlord","64","34","30","0.53125","2.516763021574713"
"Weaver","Invoker","96","51","45","0.53125","2.3964902028993014"
"Elder Titan","Dark Seer","64","34","30","0.53125","2.026150033813763"
"Centaur Warrunner","Crystal Maiden","128","68","60","0.53125","2.012244829046325"
"Nature's Prophet","Bristleback","96","51","45","0.53125","1.6831550053690545"
"Primal Beast","Treant Protector","96","51","45","0.53125","1.4946461633627017"
"Disruptor","Spirit Breaker","96","51","45","0.53125","1.269506174105449"
"Monkey King","Disruptor","192","102","90","0.53125","1.0075080791769244"
"Earthshaker","Kunkka","64","34","30","0.53125","0.8920535283363419"
"Brewmaster","Nature's Prophet","64","34","30","0.53125","0.6382215552082191"
"Sven","Underlord","64","34","30","0.53125","-0.2106405099924794"
"Riki","Mirana","64","34","30","0.53125","-0.6089311745132316"
"Rubick","Windranger","241","128","113","0.5311203319502075","1.2487753953861487"
"Nature's Prophet","Death Prophet","209","111","98","0.5311004784688995","2.3042705729907085"
"Queen of Pain","Terrorblade","145","77","68","0.5310344827586206","3.243545340460713"
"Disruptor","Io","145","77","68","0.5310344827586206","2.935414609542759"
"Marci","Storm Spirit","145","77","68","0.5310344827586206","2.625009812899358"
"Alchemist","Tusk","145","77","68","0.5310344827586206","2.4554739816631415"
"Razor","Terrorblade","145","77","68","0.5310344827586206","1.5674961066622393"
"Shadow Demon","Kunkka","145","77","68","0.5310344827586206","1.3906937450113792"
"Monkey King","Silencer","145","77","68","0.5310344827586206","-0.6316209331634788"
"Leshrac","Tiny","275","146","129","0.5309090909090909","1.8562611107325078"
"Hoodwink","Kez","81","43","38","0.5308641975308642","2.8518420769996857"
"Bounty Hunter","Beastmaster","81","43","38","0.5308641975308642","2.5550430491757554"
"Faceless Void","Gyrocopter","81","43","38","0.5308641975308642","1.5692818342666797"
"Bristleback","Ursa","81","43","38","0.5308641975308642","1.4586199619594196"
"Warlock","Ringmaster","81","43","38","0.5308641975308642","0.9034044586415114"
"Doom","Slark","81","43","38","0.5308641975308642","0.8353418766330143"
"Monkey King","Lifestealer","81","43","38","0.5308641975308642","-0.22214353683678317"
"Shadow Fiend","Razor","81","43","38","0.5308641975308642","-0.26094460397477603"
"Batrider","Enchantress","260","138","122","0.5307692307692308","2.5100744333021536"
"Lina","Tiny","309","164","145","0.5307443365695793","2.4076493064726723"
"Dark Seer","Techies","98","52","46","0.5306122448979592","2.9056447681260043"
"Jakiro","Axe","98","52","46","0.5306122448979592","2.7147798739367563"
"Shadow Demon","Tusk","294","156","138","0.5306122448979592","1.971230716568029"
"Techies","Morphling","147","78","69","0.5306122448979592","1.108168652969739"
"Marci","Death Prophet","164","87","77","0.5304878048780488","0.4029960284250744"
"Grimstroke","Morphling","115","61","54","0.5304347826086957","1.8070214342249913"
"Crystal Maiden","Troll Warlord","66","35","31","0.5303030303030303","2.894642323713029"
"Undying","Earth Spirit","66","35","31","0.5303030303030303","2.545335122608323"
"Tinker","Beastmaster","66","35","31","0.5303030303030303","2.0008289343283208"
"Omniknight","Pangolier","66","35","31","0.5303030303030303","1.9804597354988758"
"Sand King","Chen","66","35","31","0.5303030303030303","1.774103410990724"
"Spirit Breaker","Bloodseeker","66","35","31","0.5303030303030303","1.1875624596913965"
"Oracle","Techies","66","35","31","0.5303030303030303","0.3251400333878844"
"Legion Commander","Tidehunter","66","35","31","0.5303030303030303","0.23190014096127248"
"Io","Silencer","66","35","31","0.5303030303030303","-0.6898350747600266"
"Lycan","Enchantress","66","35","31","0.5303030303030303","-2.0404132627431744"
"Storm Spirit","Crystal Maiden","149","79","70","0.5302013422818792","2.3547550920003784"
"Pugna","Keeper of the Light","149","79","70","0.5302013422818792","2.29320963825596"
"Techies","Magnus","149","79","70","0.5302013422818792","1.4413892033525348"
"Keeper of the Light","Disruptor","149","79","70","0.5302013422818792","1.1677053438389036"
"Kunkka","Dark Willow","149","79","70","0.5302013422818792","0.2508900081029361"
"Mirana","Chen","83","44","39","0.5301204819277109","3.90810779026538"
"Doom","Drow Ranger","83","44","39","0.5301204819277109","3.514414058285011"
"Ogre Magi","Lion","83","44","39","0.5301204819277109","2.9023555050482215"
"Death Prophet","Mars","249","132","117","0.5301204819277109","2.4585202295846655"
"Leshrac","Ember Spirit","249","132","117","0.5301204819277109","1.7688345863485953"
"Clockwerk","Winter Wyvern","100","53","47","0.53","5.333656534185996"
"Slark","Undying","100","53","47","0.53","3.1649005546356754"
"Spirit Breaker","Terrorblade","100","53","47","0.53","1.6904244822983034"
"Troll Warlord","Slardar","100","53","47","0.53","1.6890650602763602"
"Doom","Weaver","100","53","47","0.53","1.6396689869793895"
"Windranger","Sven","100","53","47","0.53","1.3803598980422136"
"Underlord","Templar Assassin","100","53","47","0.53","1.1292522882742524"
"Marci","Shadow Demon","100","53","47","0.53","1.0705761211230147"
"Clockwerk","Shadow Shaman","117","62","55","0.5299145299145299","3.1379235956971625"
"Medusa","Disruptor","117","62","55","0.5299145299145299","1.7511060809932164"
"Lion","Disruptor","117","62","55","0.5299145299145299","1.5321015961267637"
"Kunkka","Tidehunter","117","62","55","0.5299145299145299","0.5143627367830486"
"Clockwerk","Luna","134","71","63","0.5298507462686567","1.7885539654180862"
"Morphling","Tiny","319","169","150","0.5297805642633229","1.5148793667385523"
"Morphling","Doom","168","89","79","0.5297619047619048","3.2488465154659316"
"Terrorblade","Death Prophet","219","116","103","0.5296803652968036","1.8712881489957411"
"Mirana","Clockwerk","253","134","119","0.5296442687747036","1.2225076863248883"
"Mars","Tidehunter","304","161","143","0.5296052631578947","1.6360106374353203"
"Centaur Warrunner","Juggernaut","51","27","24","0.5294117647058824","4.658218793539813"
"Broodmother","Silencer","51","27","24","0.5294117647058824","4.209686476482372"
"Kez","Jakiro","51","27","24","0.5294117647058824","3.5850792740618966"
"Treant Protector","Batrider","170","90","80","0.5294117647058824","2.9732214569201108"
"Medusa","Silencer","102","54","48","0.5294117647058824","2.890614085503794"
"Tusk","Kez","51","27","24","0.5294117647058824","2.8446144287414716"
"Enchantress","Shadow Shaman","68","36","32","0.5294117647058824","2.840793973174771"
"Keeper of the Light","Razor","102","54","48","0.5294117647058824","2.7628510226630056"
"Underlord","Spirit Breaker","68","36","32","0.5294117647058824","2.739088649748671"
"Bloodseeker","Night Stalker","68","36","32","0.5294117647058824","2.640164566178085"
"Leshrac","Chaos Knight","68","36","32","0.5294117647058824","2.555125449035603"
"Legion Commander","Troll Warlord","51","27","24","0.5294117647058824","2.5124908090093405"
"Storm Spirit","Sand King","187","99","88","0.5294117647058824","2.4744388761395157"
"Terrorblade","Io","119","63","56","0.5294117647058824","2.457325435235105"
"Techies","Disruptor","119","63","56","0.5294117647058824","2.3962190528136413"
"Beastmaster","Hoodwink","340","180","160","0.5294117647058824","2.386028247583337"
"Phantom Assassin","Lich","51","27","24","0.5294117647058824","2.321869657488611"
"Doom","Anti-Mage","51","27","24","0.5294117647058824","2.247437220548199"
"Grimstroke","Earth Spirit","85","45","40","0.5294117647058824","2.220011051662437"
"Keeper of the Light","Tiny","323","171","152","0.5294117647058824","2.153284768877573"
"Naga Siren","Beastmaster","153","81","72","0.5294117647058824","2.0297642683235546"
"Zeus","Gyrocopter","51","27","24","0.5294117647058824","1.8876329538269934"
"Clockwerk","Ursa","153","81","72","0.5294117647058824","1.6736139677427668"
"Bane","Shadow Shaman","136","72","64","0.5294117647058824","1.3419409524049721"
"Kunkka","Troll Warlord","51","27","24","0.5294117647058824","1.1547367480020767"
"Magnus","Lifestealer","51","27","24","0.5294117647058824","0.9531805747175534"
"Troll Warlord","Lycan","51","27","24","0.5294117647058824","0.9134431269138636"
"Monkey King","Grimstroke","153","81","72","0.5294117647058824","0.7199968511825799"
"Silencer","Legion Commander","51","27","24","0.5294117647058824","0.6151597725428722"
"Ember Spirit","Ogre Magi","119","63","56","0.5294117647058824","0.6121904433789807"
"Naga Siren","Slardar","51","27","24","0.5294117647058824","0.5792581081452189"
"Tidehunter","Earthshaker","85","45","40","0.5294117647058824","0.5712171566374833"
"Lina","Crystal Maiden","85","45","40","0.5294117647058824","0.5576948660085246"
"Kunkka","Axe","51","27","24","0.5294117647058824","0.4742743031477363"
"Marci","Morphling","119","63","56","0.5294117647058824","0.4563969022429523"
"Lifestealer","Brewmaster","85","45","40","0.5294117647058824","0.397118441968942"
"Elder Titan","Centaur Warrunner","68","36","32","0.5294117647058824","0.300596074646067"
"Invoker","Techies","51","27","24","0.5294117647058824","0.11886034067902886"
"Ogre Magi","Disruptor","85","45","40","0.5294117647058824","-0.7912808295020299"
"Oracle","Puck","51","27","24","0.5294117647058824","-1.2484659417264488"
"Jakiro","Warlock","240","127","113","0.5291666666666667","1.1277446854382507"
"Storm Spirit","Underlord","189","100","89","0.5291005291005291","0.34855274465818276"
"Tusk","Luna","172","91","81","0.5290697674418605","0.42819934202866045"
"Tiny","Primal Beast","293","155","138","0.5290102389078498","1.234033099276221"
"Lion","Razor","104","55","49","0.5288461538461539","2.3913500217017307"
"Primal Beast","Invoker","104","55","49","0.5288461538461539","1.8975470869390165"
"Marci","Ursa","104","55","49","0.5288461538461539","1.6665566444077573"
"Silencer","Void Spirit","104","55","49","0.5288461538461539","1.4247097919322915"
"Windranger","Dark Willow","104","55","49","0.5288461538461539","-1.2803258854221502"
"Templar Assassin","Timbersaw","191","101","90","0.5287958115183246","1.1533687693570633"
"Ember Spirit","Rubick","556","294","262","0.5287769784172662","2.267987988430427"
"Sven","Grimstroke","87","46","41","0.5287356321839081","3.459988086377856"
"Keeper of the Light","Ursa","87","46","41","0.5287356321839081","1.7527583926978618"
"Gyrocopter","Snapfire","174","92","82","0.5287356321839081","0.7725357615601254"
"Crystal Maiden","Dawnbreaker","87","46","41","0.5287356321839081","0.3325425252351869"
"Windranger","Warlock","87","46","41","0.5287356321839081","-0.5752293128168718"
"Clockwerk","Batrider","331","175","156","0.5287009063444109","2.2137382919885593"
"Treant Protector","Clockwerk","244","129","115","0.5286885245901639","2.8952271951804947"
"Clockwerk","Keeper of the Light","157","83","74","0.5286624203821656","3.6292006406567143"
"Storm Spirit","Tusk","314","166","148","0.5286624203821656","1.9442075555812157"
"Ember Spirit","Dark Willow","227","120","107","0.5286343612334802","0.8912209251238871"
"Mars","Void Spirit","297","157","140","0.5286195286195287","0.9125207495924016"
"Puck","Ancient Apparition","70","37","33","0.5285714285714286","3.756169998370493"
"Leshrac","Slark","70","37","33","0.5285714285714286","2.5510216852348107"
"Marci","Crystal Maiden","140","74","66","0.5285714285714286","2.1968785175043823"
"Techies","Enigma","70","37","33","0.5285714285714286","1.85370265749766"
"Keeper of the Light","Techies","140","74","66","0.5285714285714286","1.6844958082010972"
"Io","Windranger","70","37","33","0.5285714285714286","1.5641608660674755"
"Marci","Dark Seer","70","37","33","0.5285714285714286","1.3048001661263147"
"Tiny","Ogre Magi","140","74","66","0.5285714285714286","0.8707209037442225"
"Underlord","Kunkka","70","37","33","0.5285714285714286","0.5295610524321673"
"Tiny","Necrophos","123","65","58","0.5284552845528455","1.5200384761752541"
"Ogre Magi","Treant Protector","53","28","25","0.5283018867924528","2.739087766386191"
"Sand King","Magnus","53","28","25","0.5283018867924528","2.4111075762272556"
"Axe","Lion","53","28","25","0.5283018867924528","2.0394279534075133"
"Templar Assassin","Dazzle","53","28","25","0.5283018867924528","1.875565439487851"
"Shadow Fiend","Doom","159","84","75","0.5283018867924528","1.7341077916000291"
"Night Stalker","Morphling","53","28","25","0.5283018867924528","1.6416646232889123"
"Viper","Gyrocopter","53","28","25","0.5283018867924528","1.217219319763457"
"Leshrac","Pudge","53","28","25","0.5283018867924528","0.8179973181452566"
"Queen of Pain","Outworld Devourer","53","28","25","0.5283018867924528","0.6598873318537091"
"Marci","Centaur Warrunner","106","56","50","0.5283018867924528","0.4343129889412838"
"Night Stalker","Nyx Assassin","53","28","25","0.5283018867924528","-0.018968917124556565"
"Batrider","Night Stalker","53","28","25","0.5283018867924528","-1.2279650138578877"
"Juggernaut","Ursa","53","28","25","0.5283018867924528","-2.076472901708928"
"Doom","Tiny","407","215","192","0.5282555282555282","1.7581735376900356"
"Primal Beast","Ember Spirit","248","131","117","0.5282258064516129","1.3298382455527602"
"Beastmaster","Jakiro","284","150","134","0.528169014084507","1.4920268791794593"
"Nature's Prophet","Beastmaster","231","122","109","0.5281385281385281","3.0372700420725773"
"Earthshaker","Morphling","89","47","42","0.5280898876404494","2.3130714746059042"
"Timbersaw","Enchantress","267","141","126","0.5280898876404494","1.7060190750157058"
"Nature's Prophet","Razor","89","47","42","0.5280898876404494","1.2109251118793223"
"Void Spirit","Magnus","125","66","59","0.528","2.5002242002263193"
"Warlock","Dragon Knight","125","66","59","0.528","1.9870698838605099"
"Earth Spirit","Puck","125","66","59","0.528","0.2480146583752848"
"Pugna","Hoodwink","161","85","76","0.5279503105590062","3.411640101947794"
"Ember Spirit","Lina","161","85","76","0.5279503105590062","1.2875385932275873"
"Enigma","Winter Wyvern","72","38","34","0.5277777777777778","4.055777031870153"
"Earth Spirit","Gyrocopter","108","57","51","0.5277777777777778","3.0656582265212817"
"Beastmaster","Shadow Demon","216","114","102","0.5277777777777778","2.4055457662640314"
"Enchantress","Queen of Pain","180","95","85","0.5277777777777778","1.1955616904406043"
"Crystal Maiden","Techies","144","76","68","0.5277777777777778","1.1307501499602197"
"Bristleback","Storm Spirit","180","95","85","0.5277777777777778","1.1031663382105452"
"Enigma","Mars","144","76","68","0.5277777777777778","0.8994686854669921"
"Chen","Shadow Demon","108","57","51","0.5277777777777778","0.7431609068851246"
"Razor","Phantom Assassin","72","38","34","0.5277777777777778","0.2661305251751589"
"Spirit Breaker","Windranger","72","38","34","0.5277777777777778","-0.6634352708528465"
"Tiny","Dark Willow","235","124","111","0.5276595744680851","0.9819675925101105"
"Silencer","Ember Spirit","235","124","111","0.5276595744680851","0.7875293786402967"
"Mirana","Crystal Maiden","199","105","94","0.5276381909547738","2.4371398284848116"
"Morphling","Rubick","290","153","137","0.5275862068965518","1.9667057518804214"
"Sand King","Clockwerk","127","67","60","0.5275590551181102","1.1492474478922066"
"Tiny","Elder Titan","127","67","60","0.5275590551181102","0.7755311451972934"
"Morphling","Ember Spirit","345","182","163","0.527536231884058","1.9962274780069067"
"Medusa","Ember Spirit","218","115","103","0.5275229357798165","1.7989143527936715"
"Troll Warlord","Storm Spirit","91","48","43","0.5274725274725275","2.585848504528519"
"Phantom Assassin","Lina","91","48","43","0.5274725274725275","2.350065460710041"
"Templar Assassin","Tiny","364","192","172","0.5274725274725275","2.272431584094093"
"Templar Assassin","Ursa","91","48","43","0.5274725274725275","0.9290195319971479"
"Broodmother","Primal Beast","91","48","43","0.5274725274725275","0.05981736034858788"
"Medusa","Enchantress","146","77","69","0.5273972602739726","4.256463301735039"
"Sand King","Death Prophet","146","77","69","0.5273972602739726","1.7119645338000462"
"Monkey King","Storm Spirit","311","164","147","0.5273311897106109","1.7736597070318953"
"Venomancer","Templar Assassin","55","29","26","0.5272727272727272","3.498657879922604"
"Treant Protector","Viper","55","29","26","0.5272727272727272","3.1528317520451834"
"Bane","Centaur Warrunner","110","58","52","0.5272727272727272","2.6799139178310294"
"Morphling","Ogre Magi","55","29","26","0.5272727272727272","2.527410129009237"
"Ember Spirit","Faceless Void","165","87","78","0.5272727272727272","2.5137029358678746"
"Juggernaut","Marci","55","29","26","0.5272727272727272","1.9468309212446782"
"Primal Beast","Centaur Warrunner","165","87","78","0.5272727272727272","1.9463614060786516"
"Terrorblade","Void Spirit","165","87","78","0.5272727272727272","1.7108009862613225"
"Faceless Void","Abaddon","55","29","26","0.5272727272727272","1.5212552209431238"
"Clinkz","Jakiro","55","29","26","0.5272727272727272","1.366211548399231"
"Shadow Demon","Axe","55","29","26","0.5272727272727272","1.3173659789815644"
"Keeper of the Light","Morphling","110","58","52","0.5272727272727272","1.0549908410916808"
"Monkey King","Keeper of the Light","165","87","78","0.5272727272727272","0.744538592173495"
"Venomancer","Faceless Void","55","29","26","0.5272727272727272","0.6851314005494665"
"Troll Warlord","Terrorblade","55","29","26","0.5272727272727272","0.6587674540097236"
"Treant Protector","Bristleback","55","29","26","0.5272727272727272","0.5594488455003044"
"Sven","Death Prophet","55","29","26","0.5272727272727272","-0.054338836279670615"
"Timbersaw","Venomancer","55","29","26","0.5272727272727272","-0.7921961098128396"
"Dark Seer","Ringmaster","55","29","26","0.5272727272727272","-2.033053055565101"
"Ember Spirit","Dark Seer","184","97","87","0.5271739130434783","2.3136838185191198"
"Nyx Assassin","Monkey King","129","68","61","0.5271317829457365","1.871991742055038"
"Shadow Fiend","Dragon Knight","129","68","61","0.5271317829457365","1.3731574074566042"
"Tiny","Windranger","277","146","131","0.5270758122743683","0.5639120757822359"
"Dark Willow","Silencer","74","39","35","0.527027027027027","3.5807932430046896"
"Pangolier","Enchantress","370","195","175","0.527027027027027","2.20600316078559"
"Venomancer","Ember Spirit","74","39","35","0.527027027027027","2.0170258227776054"
"Phantom Assassin","Mars","148","78","70","0.527027027027027","1.968046895059512"
"Night Stalker","Snapfire","74","39","35","0.527027027027027","1.8226765337312356"
"Winter Wyvern","Batrider","74","39","35","0.527027027027027","1.7088654782941877"
"Undying","Abaddon","74","39","35","0.527027027027027","1.274006863149528"
"Earthshaker","Shadow Fiend","74","39","35","0.527027027027027","1.005848334585962"
"Clockwerk","Spectre","74","39","35","0.527027027027027","-0.09458632968555314"
"Sven","Vengeful Spirit","74","39","35","0.527027027027027","-0.2989804567453132"
"Brewmaster","Vengeful Spirit","74","39","35","0.527027027027027","-1.5185296049626658"
"Beastmaster","Phoenix","260","137","123","0.5269230769230769","1.4670753207786629"
"Alchemist","Pugna","93","49","44","0.5268817204301075","2.3417343486719453"
"Marci","Invoker","93","49","44","0.5268817204301075","2.281579581681038"
"Sven","Medusa","93","49","44","0.5268817204301075","2.236951958384236"
"Dark Seer","Silencer","93","49","44","0.5268817204301075","2.205668052587783"
"Phantom Assassin","Jakiro","93","49","44","0.5268817204301075","1.761626180174958"
"Warlock","Snapfire","93","49","44","0.5268817204301075","1.3763646043315922"
"Kunkka","Sven","93","49","44","0.5268817204301075","0.9332742209945082"
"Sniper","Enchantress","93","49","44","0.5268817204301075","-0.34169261020361996"
"Tiny","Dragon Knight","503","265","238","0.5268389662027833","1.690410207006689"
"Templar Assassin","Magnus","112","59","53","0.5267857142857143","2.3958533628264664"
"Lion","Kunkka","112","59","53","0.5267857142857143","2.2638780954832174"
"Ember Spirit","Windranger","224","118","106","0.5267857142857143","1.6190985814621597"
"Earth Spirit","Snapfire","112","59","53","0.5267857142857143","1.6176189746806438"
"Enchantress","Ursa","112","59","53","0.5267857142857143","1.1909041304077006"
"Beastmaster","Tusk","374","197","177","0.5267379679144385","1.5198385288337053"
"Sand King","Gyrocopter","131","69","62","0.5267175572519084","2.0563325771912275"
"Terrorblade","Techies","131","69","62","0.5267175572519084","1.5379276033881741"
"Sand King","Enchantress","150","79","71","0.5266666666666666","3.3893268839971413"
"Hoodwink","Underlord","150","79","71","0.5266666666666666","0.29050296551452287"
"Snapfire","Centaur Warrunner","188","99","89","0.526595744680851","3.6217839024626235"
"Templar Assassin","Monkey King","207","109","98","0.5265700483091788","2.6269314123239638"
"Pangolier","Jakiro","226","119","107","0.5265486725663717","1.4304560510852469"
"Silencer","Rubick","264","139","125","0.5265151515151515","1.9555451482886042"
"Void Spirit","Clinkz","57","30","27","0.5263157894736842","3.348433084516075"
"Timbersaw","Omniknight","57","30","27","0.5263157894736842","2.9262493098772797"
"Shadow Fiend","Marci","114","60","54","0.5263157894736842","2.7803231456806663"
"Kunkka","Winter Wyvern","57","30","27","0.5263157894736842","2.721423092995642"
"Templar Assassin","Zeus","76","40","36","0.5263157894736842","2.351160665358247"
"Clinkz","Windranger","57","30","27","0.5263157894736842","2.3219560391551375"
"Timbersaw","Ogre Magi","57","30","27","0.5263157894736842","2.3163214444713565"
"Tidehunter","Dazzle","57","30","27","0.5263157894736842","2.197316327932976"
"Shadow Demon","Invoker","133","70","63","0.5263157894736842","2.1916824311825107"
"Tusk","Skywrath Mage","114","60","54","0.5263157894736842","2.0809710639103356"
"Templar Assassin","Lycan","76","40","36","0.5263157894736842","1.8025954726627158"
"Chaos Knight","Skywrath Mage","57","30","27","0.5263157894736842","1.7789227182836307"
"Slardar","Dark Willow","95","50","45","0.5263157894736842","1.7533459466281385"
"Bane","Terrorblade","190","100","90","0.5263157894736842","1.6595357087828877"
"Batrider","Muerta","152","80","72","0.5263157894736842","1.6138305701483344"
"Shadow Fiend","Lifestealer","57","30","27","0.5263157894736842","1.5293800558919497"
"Weaver","Primal Beast","95","50","45","0.5263157894736842","1.3494019639022945"
"Bristleback","Shadow Demon","114","60","54","0.5263157894736842","1.3018261135227407"
"Slardar","Sven","57","30","27","0.5263157894736842","1.269030800112933"
"Brewmaster","Dark Willow","95","50","45","0.5263157894736842","1.1060504460806033"
"Nature's Prophet","Winter Wyvern","57","30","27","0.5263157894736842","0.7903605647078699"
"Ursa","Timbersaw","171","90","81","0.5263157894736842","0.6789376539361581"
"Viper","Undying","57","30","27","0.5263157894736842","0.5624563067932429"
"Phantom Lancer","Ember Spirit","57","30","27","0.5263157894736842","0.4126514535243157"
"Razor","Ember Spirit","171","90","81","0.5263157894736842","0.33171708318863147"
"Visage","Clockwerk","95","50","45","0.5263157894736842","0.23379037123610588"
"Invoker","Tidehunter","95","50","45","0.5263157894736842","-0.06282464428760651"
"Pudge","Marci","76","40","36","0.5263157894736842","-0.2652049650242698"
"Tusk","Lich","114","60","54","0.5263157894736842","-0.336363603415195"
"Jakiro","Brewmaster","95","50","45","0.5263157894736842","-0.38813789641717733"
"Shadow Shaman","Storm Spirit","190","100","90","0.5263157894736842","-0.4495434192080388"
"Axe","Tidehunter","76","40","36","0.5263157894736842","-1.8857100624128995"
"Pangolier","Kunkka","287","151","136","0.5261324041811847","1.8168349886306698"
"Magnus","Pangolier","230","121","109","0.5260869565217391","1.850509920400281"
"Lion","Ember Spirit","211","111","100","0.5260663507109005","-0.43026123432591706"
"Magnus","Storm Spirit","154","81","73","0.525974025974026","2.746027829734933"
"Ember Spirit","Bristleback","135","71","64","0.5259259259259259","0.41919605703242196"
"Spirit Breaker","Doom","116","61","55","0.5258620689655172","3.0643609456579695"
"Dark Seer","Puck","116","61","55","0.5258620689655172","2.9069577616798172"
"Tiny","Juggernaut","116","61","55","0.5258620689655172","2.2258949221841604"
"Primal Beast","Pugna","116","61","55","0.5258620689655172","1.9665345032204178"
"Slardar","Clockwerk","116","61","55","0.5258620689655172","1.06779381227709"
"Underlord","Tusk","194","102","92","0.5257731958762887","2.174258342493717"
"Crystal Maiden","Razor","97","51","46","0.5257731958762887","1.8686408070677163"
"Underlord","Techies","97","51","46","0.5257731958762887","1.2514931817366497"
"Sand King","Void Spirit","97","51","46","0.5257731958762887","1.120334381948955"
"Luna","Bristleback","78","41","37","0.5256410256410257","1.6058442653670864"
"Phoenix","Ringmaster","78","41","37","0.5256410256410257","1.5174512001416727"
"Enchantress","Phantom Assassin","78","41","37","0.5256410256410257","1.4744169573397834"
"Bloodseeker","Pugna","78","41","37","0.5256410256410257","0.17402393752381512"
"Templar Assassin","Nature's Prophet","156","82","74","0.5256410256410257","0.08662937540273473"
"Lich","Void Spirit","78","41","37","0.5256410256410257","-0.6006031778522872"
"Techies","Void Spirit","137","72","65","0.5255474452554745","3.152574835227912"
"Undying","Nature's Prophet","137","72","65","0.5255474452554745","2.3087369850418966"
"Silencer","Mars","137","72","65","0.5255474452554745","0.7767728118938296"
"Morphling","Dark Willow","137","72","65","0.5255474452554745","-0.22063440234204457"
"Enchantress","Techies","196","103","93","0.5255102040816326","1.0203796400737923"
"Tiny","Lion","255","134","121","0.5254901960784314","1.3175168928915473"
"Warlock","Zeus","59","31","28","0.5254237288135594","4.355872514621969"
"Clockwerk","Dazzle","59","31","28","0.5254237288135594","4.289740737146128"
"Snapfire","Vengeful Spirit","59","31","28","0.5254237288135594","3.3071123968375855"
"Faceless Void","Earth Spirit","59","31","28","0.5254237288135594","2.653197257078529"
"Nyx Assassin","Spirit Breaker","59","31","28","0.5254237288135594","1.9828580379502707"
"Naga Siren","Monkey King","118","62","56","0.5254237288135594","1.8083071049545147"
"Lycan","Lion","59","31","28","0.5254237288135594","1.7266252083399138"
"Shadow Shaman","Doom","118","62","56","0.5254237288135594","1.571101110168327"
"Void Spirit","Zeus","59","31","28","0.5254237288135594","1.314139059819745"
"Invoker","Slardar","59","31","28","0.5254237288135594","1.2741422203946193"
"Invoker","Timbersaw","118","62","56","0.5254237288135594","1.0143756819248197"
"Medusa","Mars","177","93","84","0.5254237288135594","0.922683527090256"
"Io","Sven","59","31","28","0.5254237288135594","0.9047113118857161"
"Earth Spirit","Bloodseeker","59","31","28","0.5254237288135594","-0.7580270724753344"
"Morphling","Tusk","276","145","131","0.5253623188405797","1.697386661641805"
"Razor","Weaver","158","83","75","0.5253164556962026","3.140215444384928"
"Keeper of the Light","Death Prophet","158","83","75","0.5253164556962026","0.7825068355324701"
"Bane","Medusa","158","83","75","0.5253164556962026","-0.5709506321757466"
"Luna","Beastmaster","99","52","47","0.5252525252525253","2.676766990550723"
"Ancient Apparition","Storm Spirit","99","52","47","0.5252525252525253","2.4715849692369054"
"Beastmaster","Dark Willow","198","104","94","0.5252525252525253","2.400901446411217"
"Marci","Lich","99","52","47","0.5252525252525253","2.2825977565179416"
"Beastmaster","Faceless Void","99","52","47","0.5252525252525253","2.034907404498925"
"Crystal Maiden","Luna","99","52","47","0.5252525252525253","1.1376732580564373"
"Undying","Ursa","99","52","47","0.5252525252525253","-0.0022489671984240343"
"Razor","Lina","99","52","47","0.5252525252525253","-1.8217220737777717"
"Invoker","Death Prophet","139","73","66","0.5251798561151079","1.0381498179635347"
"Lycan","Beastmaster","139","73","66","0.5251798561151079","0.8123823503916564"
"Ringmaster","Storm Spirit","80","42","38","0.525","3.7438419415054995"
"Dark Willow","Earth Spirit","120","63","57","0.525","2.67074674502597"
"Tiny","Sniper","160","84","76","0.525","1.940265252934506"
"Lina","Sniper","80","42","38","0.525","1.8722403670529748"
"Lina","Kunkka","120","63","57","0.525","1.4509352346510633"
"Doom","Queen of Pain","160","84","76","0.525","1.0044900387202989"
"Storm Spirit","Io","120","63","57","0.525","0.9365646564389905"
"Primal Beast","Morphling","200","105","95","0.525","0.6477207178276445"
"Mars","Winter Wyvern","80","42","38","0.525","0.5424181654064416"
"Disruptor","Nyx Assassin","80","42","38","0.525","-0.8322433914441457"
"Puck","Phoenix","261","137","124","0.524904214559387","1.2351384558719547"
"Clockwerk","Terrorblade","221","116","105","0.5248868778280543","1.5936901615840828"
"Puck","Marci","221","116","105","0.5248868778280543","0.40301005763772657"
"Lina","Death Prophet","181","95","86","0.5248618784530387","2.3882404818998775"
"Phoenix","Dawnbreaker","181","95","86","0.5248618784530387","1.8133141680144012"
"Medusa","Batrider","181","95","86","0.5248618784530387","0.3909335916312622"
"Doom","Alchemist","141","74","67","0.524822695035461","2.0442003961723056"
"Storm Spirit","Nyx Assassin","141","74","67","0.524822695035461","1.160872644000645"
"Centaur Warrunner","Muerta","101","53","48","0.5247524752475248","3.6611955292717973"
"Treant Protector","Dark Willow","101","53","48","0.5247524752475248","2.8131762947376773"
"Monkey King","Sniper","101","53","48","0.5247524752475248","2.1942271893740846"
"Batrider","Legion Commander","101","53","48","0.5247524752475248","0.8881424983560252"
"Queen of Pain","Magnus","101","53","48","0.5247524752475248","0.524497502108109"
"Shadow Fiend","Enchantress","162","85","77","0.5246913580246914","3.069218256528658"
"Brewmaster","Ember Spirit","162","85","77","0.5246913580246914","2.12816911388385"
"Crystal Maiden","Morphling","162","85","77","0.5246913580246914","0.623375869750507"
"Rubick","Lina","284","149","135","0.5246478873239436","0.8708535480084101"
"Vengeful Spirit","Magnus","61","32","29","0.5245901639344263","5.168597897758029"
"Tinker","Tiny","61","32","29","0.5245901639344263","4.231241890061259"
"Night Stalker","Jakiro","61","32","29","0.5245901639344263","2.06152690468008"
"Phoenix","Dark Seer","122","64","58","0.5245901639344263","1.618205843101341"
"Dazzle","Queen of Pain","61","32","29","0.5245901639344263","1.5891442975603982"
"Spirit Breaker","Queen of Pain","122","64","58","0.5245901639344263","1.5727719343507842"
"Wraith King","Snapfire","122","64","58","0.5245901639344263","0.8362628175871649"
"Weaver","Vengeful Spirit","61","32","29","0.5245901639344263","0.697712276624973"
"Monkey King","Juggernaut","61","32","29","0.5245901639344263","0.16384822366370844"
"Abaddon","Pugna","61","32","29","0.5245901639344263","-2.099856619956817"
"Dark Seer","Mars","143","75","68","0.5244755244755245","2.7734591230819166"
"Tiny","Pudge","143","75","68","0.5244755244755245","2.1639508753853414"
"Lifestealer","Phoenix","164","86","78","0.524390243902439","3.5821063484189852"
"Morphling","Skywrath Mage","82","43","39","0.524390243902439","2.6404935505857763"
"Invoker","Rubick","164","86","78","0.524390243902439","2.0190959205224113"
"Centaur Warrunner","Medusa","82","43","39","0.524390243902439","1.3639326849509277"
"Dragon Knight","Mars","410","215","195","0.524390243902439","0.9907150134536596"
"Batrider","Marci","164","86","78","0.524390243902439","-0.021854010663430956"
"Faceless Void","Luna","82","43","39","0.524390243902439","-0.537076572626251"
"Disruptor","Hoodwink","267","140","127","0.5243445692883895","0.9369191999472221"
"Windranger","Jakiro","185","97","88","0.5243243243243243","3.145423248494266"
"Invoker","Ember Spirit","206","108","98","0.5242718446601942","2.3277745623856654"
"Enchantress","Sven","103","54","49","0.5242718446601942","2.094323950908487"
"Slark","Morphling","103","54","49","0.5242718446601942","-0.2762916765779908"
"Templar Assassin","Chaos Knight","103","54","49","0.5242718446601942","-0.9227721376967516"
"Disruptor","Luna","124","65","59","0.5241935483870968","1.1264540149326945"
"Monkey King","Queen of Pain","248","130","118","0.5241935483870968","-0.6312183023304084"
"Enchantress","Snapfire","290","152","138","0.5241379310344828","1.5262514716550792"
"Enchantress","Hoodwink","290","152","138","0.5241379310344828","0.7920432610175194"
"Razor","Mars","250","131","119","0.524","0.3151220368775906"
"Hoodwink","Snapfire","460","241","219","0.5239130434782608","0.8017794467011656"
"Nyx Assassin","Tidehunter","63","33","30","0.5238095238095238","6.100221583132306"
"Bane","Winter Wyvern","84","44","40","0.5238095238095238","4.792942047298947"
"Ogre Magi","Storm Spirit","84","44","40","0.5238095238095238","2.9436876516407104"
"Vengeful Spirit","Luna","63","33","30","0.5238095238095238","2.8741570789324378"
"Nyx Assassin","Undying","63","33","30","0.5238095238095238","2.6271684147625134"
"Zeus","Ember Spirit","105","55","50","0.5238095238095238","2.6061561997512257"
"Timbersaw","Earth Spirit","105","55","50","0.5238095238095238","2.5221831794528415"
"Magnus","Clockwerk","168","88","80","0.5238095238095238","2.3839783230483707"
"Kunkka","Void Spirit","126","66","60","0.5238095238095238","1.8128232086097125"
"Wraith King","Rubick","84","44","40","0.5238095238095238","1.8022379875990613"
"Snapfire","Ogre Magi","105","55","50","0.5238095238095238","1.7721445560644151"
"Shadow Demon","Primal Beast","147","77","70","0.5238095238095238","1.3909494239310396"
"Clockwerk","Vengeful Spirit","63","33","30","0.5238095238095238","1.2611145985605032"
"Shadow Fiend","Beastmaster","147","77","70","0.5238095238095238","1.2408364004674761"
"Morphling","Weaver","147","77","70","0.5238095238095238","1.1760059316436196"
"Batrider","Weaver","189","99","90","0.5238095238095238","0.891146297778526"
"Visage","Crystal Maiden","63","33","30","0.5238095238095238","0.8864119610189974"
"Oracle","Rubick","63","33","30","0.5238095238095238","0.8726602319417536"
"Marci","Dark Willow","105","55","50","0.5238095238095238","0.7729136286839541"
"Undying","Anti-Mage","63","33","30","0.5238095238095238","0.7193631416241519"
"Chaos Knight","Dawnbreaker","84","44","40","0.5238095238095238","0.56343951599685"
"Dragon Knight","Dark Willow","147","77","70","0.5238095238095238","0.43162838575115503"
"Death Prophet","Sniper","63","33","30","0.5238095238095238","0.2763417886514361"
"Underlord","Grimstroke","84","44","40","0.5238095238095238","0.24467757938771018"
"Faceless Void","Tidehunter","84","44","40","0.5238095238095238","0.20730303548226514"
"Winter Wyvern","Io","63","33","30","0.5238095238095238","0.17681704660117667"
"Gyrocopter","Primal Beast","105","55","50","0.5238095238095238","0.022453363363869508"
"Muerta","Luna","105","55","50","0.5238095238095238","-0.5909844502852649"
"Spirit Breaker","Dark Willow","147","77","70","0.5238095238095238","-1.0682703447521433"
"Phoenix","Dragon Knight","233","122","111","0.5236051502145923","2.1284363623784746"
"Doom","Hoodwink","233","122","111","0.5236051502145923","0.23203932787592088"
"Medusa","Storm Spirit","212","111","101","0.5235849056603774","1.2202181205223495"
"Enchantress","Shadow Demon","191","100","91","0.5235602094240838","1.3098103996405526"
"Storm Spirit","Dark Willow","191","100","91","0.5235602094240838","0.6420341472608764"
"Kunkka","Nature's Prophet","149","78","71","0.5234899328859061","1.6564038186179697"
"Lion","Beastmaster","149","78","71","0.5234899328859061","0.21360293296755142"
"Enchantress","Bristleback","149","78","71","0.5234899328859061","0.14633993901296619"
"Hoodwink","Shadow Shaman","128","67","61","0.5234375","0.7607713718616139"
"Tusk","Gyrocopter","235","123","112","0.5234042553191489","1.226868261670071"
"Treant Protector","Queen of Pain","107","56","51","0.5233644859813084","2.667115239783"
"Beastmaster","Io","107","56","51","0.5233644859813084","2.5668780801091895"
"Lich","Doom","107","56","51","0.5233644859813084","2.298554239055237"
"Clockwerk","Bloodseeker","107","56","51","0.5233644859813084","2.2546849702007865"
"Puck","Axe","107","56","51","0.5233644859813084","1.8817124269500491"
"Dark Seer","Jakiro","107","56","51","0.5233644859813084","-0.2046267688077303"
"Treant Protector","Ursa","107","56","51","0.5233644859813084","-0.3685977719214067"
"Clockwerk","Pugna","193","101","92","0.5233160621761658","1.74810405152164"
"Bane","Death Prophet","193","101","92","0.5233160621761658","-0.29062955899198567"
"Visage","Hoodwink","86","45","41","0.5232558139534884","2.8131835080311514"
"Morphling","Broodmother","86","45","41","0.5232558139534884","2.0964072828478235"
"Lion","Crystal Maiden","86","45","41","0.5232558139534884","1.9465572105682487"
"Luna","Nature's Prophet","86","45","41","0.5232558139534884","1.7094007732085728"
"Tidehunter","Dawnbreaker","86","45","41","0.5232558139534884","0.6391796124923079"
"Sven","Puck","172","90","82","0.5232558139534884","0.11548191179481264"
"Clockwerk","Phantom Assassin","86","45","41","0.5232558139534884","-0.4982181976964402"
"Pugna","Doom","151","79","72","0.5231788079470199","3.1502763061976773"
"Warlock","Phoenix","151","79","72","0.5231788079470199","0.7315304284061281"
"Abaddon","Mars","151","79","72","0.5231788079470199","0.3617719393464685"
"Tiny","Shadow Fiend","281","147","134","0.5231316725978647","0.9291953131836671"
"Treant Protector","Terrorblade","130","68","62","0.5230769230769231","3.996562414028802"
"Centaur Warrunner","Mars","260","136","124","0.5230769230769231","2.6152803956715664"
"Viper","Bristleback","65","34","31","0.5230769230769231","2.0601531526912424"
"Ember Spirit","Tusk","455","238","217","0.5230769230769231","1.9072390611033578"
"Primal Beast","Lycan","65","34","31","0.5230769230769231","1.7197891582567215"
"Broodmother","Tiny","130","68","62","0.5230769230769231","1.4315116660655895"
"Primal Beast","Tusk","260","136","124","0.5230769230769231","1.3488761748718128"
"Axe","Queen of Pain","65","34","31","0.5230769230769231","1.0129085862163996"
"Pudge","Clockwerk","65","34","31","0.5230769230769231","0.2196463562428317"
"Lina","Clockwerk","174","91","83","0.5229885057471264","0.24697509646305618"
"Batrider","Bristleback","174","91","83","0.5229885057471264","0.14371736769374352"
"Invoker","Mars","218","114","104","0.5229357798165137","0.5212094554538454"
"Sven","Hoodwink","153","80","73","0.5228758169934641","2.2520925838206667"
"Medusa","Monkey King","153","80","73","0.5228758169934641","1.789355631076433"
"Sand King","Tiny","306","160","146","0.5228758169934641","1.392512857869474"
"Mars","Dark Willow","153","80","73","0.5228758169934641","0.5508184150876092"
"Disruptor","Doom","197","103","94","0.5228426395939086","2.0187263475499457"
"Batrider","Storm Spirit","373","195","178","0.5227882037533512","1.6197768092628704"
"Magnus","Ursa","88","46","42","0.5227272727272727","1.0852910652119259"
"Lifestealer","Disruptor","88","46","42","0.5227272727272727","1.039392824832769"
"Windranger","Ursa","88","46","42","0.5227272727272727","0.8224870273540548"
"Razor","Warlock","88","46","42","0.5227272727272727","-0.432451500026274"
"Timbersaw","Windranger","155","81","74","0.5225806451612903","2.175747405726046"
"Slardar","Disruptor","111","58","53","0.5225225225225225","1.6425049318206102"
"Lina","Enchantress","111","58","53","0.5225225225225225","1.5992121425168746"
"Bristleback","Terrorblade","111","58","53","0.5225225225225225","0.96667066331794"
"Windranger","Mars","178","93","85","0.5224719101123596","-0.09318203093101886"
"Batrider","Pudge","67","35","32","0.5223880597014925","3.4938738675548886"
"Weaver","Earthshaker","67","35","32","0.5223880597014925","2.990777315394155"
"Pugna","Lina","67","35","32","0.5223880597014925","2.958609732647563"
"Muerta","Shadow Fiend","67","35","32","0.5223880597014925","2.5362636901243927"
"Gyrocopter","Techies","67","35","32","0.5223880597014925","2.243555226402095"
"Pugna","Dark Seer","67","35","32","0.5223880597014925","1.779413427781177"
"Marci","Mirana","134","70","64","0.5223880597014925","1.7151772351563566"
"Snapfire","Marci","201","105","96","0.5223880597014925","1.3910064549411871"
"Terrorblade","Slardar","134","70","64","0.5223880597014925","1.1208002834960875"
"Chen","Bounty Hunter","67","35","32","0.5223880597014925","0.8184493356096556"
"Treant Protector","Bane","134","70","64","0.5223880597014925","0.5088430597576366"
"Jakiro","Tinker","67","35","32","0.5223880597014925","0.27270556780589733"
"Venomancer","Shadow Demon","67","35","32","0.5223880597014925","-0.6741579702474606"
"Kunkka","Tiny","358","187","171","0.5223463687150838","0.8086358437861795"
"Storm Spirit","Keeper of the Light","291","152","139","0.5223367697594502","2.783975074068394"
"Keeper of the Light","Pangolier","224","117","107","0.5223214285714286","1.8094972960603122"
"Tiny","Rubick","718","375","343","0.5222841225626741","1.6110923650303743"
"Phantom Assassin","Rubick","90","47","43","0.5222222222222223","2.6670197201011896"
"Ursa","Shadow Fiend","90","47","43","0.5222222222222223","2.0758880017587655"
"Night Stalker","Tusk","90","47","43","0.5222222222222223","1.1478415810831468"
"Templar Assassin","Earthshaker","90","47","43","0.5222222222222223","1.029606830407702"
"Slark","Enchantress","90","47","43","0.5222222222222223","0.6134608660725285"
"Crystal Maiden","Lifestealer","113","59","54","0.5221238938053098","2.468976563592671"
"Ember Spirit","Kunkka","226","118","108","0.5221238938053098","2.0694601048971437"
"Visage","Rubick","113","59","54","0.5221238938053098","0.6232931217024635"
"Batrider","Timbersaw","249","130","119","0.5220883534136547","1.092392901879096"
"Ursa","Jakiro","136","71","65","0.5220588235294118","0.27696012492293876"
"Pugna","Beastmaster","182","95","87","0.521978021978022","1.9006069370866714"
"Puck","Ember Spirit","364","190","174","0.521978021978022","0.6500632441967356"
"Leshrac","Storm Spirit","205","107","98","0.5219512195121951","1.354995296587549"
"Sand King","Beastmaster","205","107","98","0.5219512195121951","1.2112657365860053"
"Morphling","Snapfire","228","119","109","0.5219298245614035","1.2858370846066165"
"Storm Spirit","Disruptor","251","131","120","0.5219123505976095","1.1310377415515995"
"Bloodseeker","Pangolier","297","155","142","0.5218855218855218","0.8560948994714825"
"Phoenix","Lich","115","60","55","0.5217391304347826","3.738180879928838"
"Silencer","Techies","115","60","55","0.5217391304347826","3.2702969893344216"
"Magnus","Earth Spirit","69","36","33","0.5217391304347826","2.954037799079502"
"Grimstroke","Undying","69","36","33","0.5217391304347826","2.2519489387074643"
"Treant Protector","Snapfire","184","96","88","0.5217391304347826","2.0563775445695573"
"Broodmother","Shadow Demon","69","36","33","0.5217391304347826","1.8293565177845477"
"Tiny","Dazzle","115","60","55","0.5217391304347826","1.583540042193265"
"Leshrac","Lion","69","36","33","0.5217391304347826","1.4655541822259546"
"Disruptor","Dawnbreaker","115","60","55","0.5217391304347826","1.3889460958972797"
"Dark Willow","Razor","115","60","55","0.5217391304347826","1.345063800433871"
"Centaur Warrunner","Dark Seer","92","48","44","0.5217391304347826","0.8309902481419726"
"Batrider","Warlock","115","60","55","0.5217391304347826","0.5592959935415585"
"Crystal Maiden","Batrider","230","120","110","0.5217391304347826","-0.02641862360378687"
"Disruptor","Faceless Void","92","48","44","0.5217391304347826","-0.21186007995148742"
"Lion","Phoenix","184","96","88","0.5217391304347826","-0.8552165535315158"
"Primal Beast","Mars","186","97","89","0.521505376344086","1.2465283801075298"
"Alchemist","Hoodwink","140","73","67","0.5214285714285715","-0.584780967476705"
"Razor","Io","117","61","56","0.5213675213675214","2.090937832302401"
"Shadow Shaman","Bristleback","117","61","56","0.5213675213675214","-0.3085885106410155"
"Weaver","Storm Spirit","211","110","101","0.5213270142180095","2.6203118885630987"
"Earthshaker","Dragon Knight","94","49","45","0.5212765957446809","2.576149258118988"
"Storm Spirit","Lifestealer","94","49","45","0.5212765957446809","2.0551494498891913"
"Shadow Demon","Abaddon","94","49","45","0.5212765957446809","2.016011605862644"
"Keeper of the Light","Marci","94","49","45","0.5212765957446809","1.578033751765982"
"Alchemist","Shadow Demon","94","49","45","0.5212765957446809","1.1438071294452483"
"Phoenix","Abaddon","94","49","45","0.5212765957446809","0.7830254602634794"
"Tusk","Axe","94","49","45","0.5212765957446809","0.0031728665481269382"
"Rubick","Luna","188","98","90","0.5212765957446809","-0.4775218513594934"
"Ember Spirit","Luna","165","86","79","0.5212121212121212","1.4447841804136057"
"Hoodwink","Drow Ranger","71","37","34","0.5211267605633803","4.512718745864363"
"Broodmother","Slark","71","37","34","0.5211267605633803","1.6471033614223205"
"Magnus","Bloodseeker","71","37","34","0.5211267605633803","1.5490581945349593"
"Brewmaster","Marci","71","37","34","0.5211267605633803","1.4466199112569478"
"Phantom Lancer","Morphling","71","37","34","0.5211267605633803","1.4273126106407623"
"Muerta","Pangolier","213","111","102","0.5211267605633803","1.1939337626378665"
"Earthshaker","Mirana","71","37","34","0.5211267605633803","0.9748440012836338"
"Chaos Knight","Hoodwink","142","74","68","0.5211267605633803","0.9586618265563376"
"Visage","Dawnbreaker","71","37","34","0.5211267605633803","0.404213177629473"
"Ringmaster","Pangolier","71","37","34","0.5211267605633803","0.06704068342911924"
"Dazzle","Dawnbreaker","71","37","34","0.5211267605633803","-1.4147799171919984"
"Clockwerk","Hoodwink","309","161","148","0.5210355987055016","1.951461866065967"
"Pugna","Silencer","119","62","57","0.5210084033613446","2.7202747911789777"
"Undying","Skywrath Mage","119","62","57","0.5210084033613446","1.9061004428166652"
"Undying","Queen of Pain","119","62","57","0.5210084033613446","1.6293089912605168"
"Bloodseeker","Enchantress","119","62","57","0.5210084033613446","1.1389320202157467"
"Marci","Weaver","119","62","57","0.5210084033613446","1.039341164392499"
"Mars","Vengeful Spirit","119","62","57","0.5210084033613446","0.13168956861366946"
"Pangolier","Viper","119","62","57","0.5210084033613446","-1.1299101991864455"
"Earth Spirit","Phoenix","119","62","57","0.5210084033613446","-1.382397792509468"
"Tusk","Jakiro","286","149","137","0.5209790209790209","0.5160898194825776"
"Keeper of the Light","Enchantress","167","87","80","0.5209580838323353","1.0107443513325534"
"Puck","Ursa","167","87","80","0.5209580838323353","0.7428463440167523"
"Nature's Prophet","Snapfire","215","112","103","0.5209302325581395","1.0906386746557346"
"Tiny","Wraith King","96","50","46","0.5208333333333334","1.8852526189966092"
"Keeper of the Light","Timbersaw","144","75","69","0.5208333333333334","1.5780828301842669"
"Tusk","Ancient Apparition","96","50","46","0.5208333333333334","1.2925716969077654"
"Snapfire","Rubick","528","275","253","0.5208333333333334","0.4378320655346942"
"Spirit Breaker","Puck","144","75","69","0.5208333333333334","0.02506403779206103"
"Spirit Breaker","Pangolier","169","88","81","0.5207100591715976","0.46816256178891075"
"Terrorblade","Centaur Warrunner","121","63","58","0.5206611570247934","2.5231837447667007"
"Slardar","Monkey King","73","38","35","0.5205479452054794","3.052874264303344"
"Broodmother","Mirana","73","38","35","0.5205479452054794","2.7333872476767693"
"Lina","Shadow Fiend","73","38","35","0.5205479452054794","1.5621854954381547"
"Shadow Demon","Earth Spirit","146","76","70","0.5205479452054794","1.3250482141615416"
"Shadow Shaman","Morphling","73","38","35","0.5205479452054794","0.8461125816111984"
"Disruptor","Clockwerk","219","114","105","0.5205479452054794","0.19962491625941733"
"Lion","Death Prophet","73","38","35","0.5205479452054794","-0.42189014949238135"
"Visage","Marci","73","38","35","0.5205479452054794","-0.530444597522385"
"Sniper","Primal Beast","73","38","35","0.5205479452054794","-1.3710168641818767"
"Phoenix","Tusk","317","165","152","0.5205047318611987","1.3441072344198879"
"Undying","Rubick","317","165","152","0.5205047318611987","1.2684659772791878"
"Timbersaw","Dragon Knight","294","153","141","0.5204081632653061","2.283793738917868"
"Primal Beast","Kunkka","98","51","47","0.5204081632653061","0.7257635691560754"
"Undying","Windranger","98","51","47","0.5204081632653061","0.6222273215453585"
"Wraith King","Puck","98","51","47","0.5204081632653061","0.24723483538041224"
"Clockwerk","Doom","319","166","153","0.5203761755485894","1.139171964078592"
"Grimstroke","Doom","123","64","59","0.5203252032520326","2.5321948180126217"
"Pugna","Sand King","123","64","59","0.5203252032520326","2.329867775861326"
"Ancient Apparition","Tiny","123","64","59","0.5203252032520326","1.5806978532138125"
"Gyrocopter","Beastmaster","246","128","118","0.5203252032520326","1.5451319327577038"
"Jakiro","Slardar","123","64","59","0.5203252032520326","0.31103983927083023"
"Queen of Pain","Sand King","123","64","59","0.5203252032520326","-1.1635352538697987"
"Mars","Timbersaw","271","141","130","0.5202952029520295","0.787986285689438"
"Warlock","Storm Spirit","148","77","71","0.5202702702702703","0.9133794279979958"
"Enchantress","Marci","173","90","83","0.5202312138728323","-0.3964097485007527"
"Keeper of the Light","Hoodwink","223","116","107","0.5201793721973094","0.919052734137089"
"Ringmaster","Beastmaster","125","65","60","0.52","5.336318930502105"
"Luna","Earth Spirit","75","39","36","0.52","4.557495132148926"
"Magnus","Invoker","100","52","48","0.52","3.02224641840914"
"Juggernaut","Keeper of the Light","75","39","36","0.52","2.7270210385070346"
"Primal Beast","Keeper of the Light","75","39","36","0.52","2.7107345676558223"
"Mirana","Sven","100","52","48","0.52","2.5494956240981246"
"Dark Willow","Phantom Assassin","75","39","36","0.52","2.3881048718644857"
"Weaver","Silencer","50","26","24","0.52","2.0949256333513375"
"Io","Shadow Shaman","50","26","24","0.52","2.0581545940220245"
"Techies","Razor","50","26","24","0.52","2.056507861089089"
"Marci","Phoenix","175","91","84","0.52","2.01223302093119"
"Huskar","Batrider","50","26","24","0.52","1.8400002985296942"
"Void Spirit","Centaur Warrunner","125","65","60","0.52","1.788526982719197"
"Kunkka","Wraith King","100","52","48","0.52","1.7206225859727362"
"Abaddon","Chaos Knight","50","26","24","0.52","1.5810364460294721"
"Huskar","Storm Spirit","50","26","24","0.52","1.554715893683707"
"Undying","Shadow Demon","125","65","60","0.52","1.4193049888853766"
"Timbersaw","Crystal Maiden","150","78","72","0.52","1.4106001758545668"
"Techies","Jakiro","50","26","24","0.52","0.7047898517332214"
"Shadow Demon","Enigma","100","52","48","0.52","0.5543438657639878"
"Disruptor","Phantom Assassin","75","39","36","0.52","0.4458687696502892"
"Enigma","Timbersaw","100","52","48","0.52","-0.22245082870553015"
"Warlock","Void Spirit","100","52","48","0.52","-0.4641027786049532"
"Centaur Warrunner","Kez","50","26","24","0.52","-0.4807280883381599"
"Kez","Tidehunter","50","26","24","0.52","-0.5699426986164998"
"Naga Siren","Brewmaster","50","26","24","0.52","-0.6665377290437371"
"Pangolier","Necrophos","50","26","24","0.52","-0.7163495397456303"
"Lion","Primal Beast","100","52","48","0.52","-1.0934884932326474"
"Batrider","Spectre","50","26","24","0.52","-1.1137789401136045"
"Shadow Shaman","Ogre Magi","50","26","24","0.52","-1.8436461688452954"
"Nyx Assassin","Tiny","227","118","109","0.5198237885462555","2.901539932118266"
"Primal Beast","Enchantress","227","118","109","0.5198237885462555","1.0494066414235452"
"Slardar","Tiny","202","105","97","0.5198019801980198","2.6172236619012037"
"Windranger","Void Spirit","177","92","85","0.519774011299435","0.7039587718961587"
"Storm Spirit","Razor","152","79","73","0.5197368421052632","2.748198263696295"
"Razor","Gyrocopter","152","79","73","0.5197368421052632","1.5761831280855818"
"Broodmother","Mars","127","66","61","0.5196850393700787","3.5006534324231247"
"Templar Assassin","Snapfire","254","132","122","0.5196850393700787","0.9323138664477418"
"Zeus","Dawnbreaker","127","66","61","0.5196850393700787","-1.9992133774024814"
"Io","Doom","102","53","49","0.5196078431372549","2.6612035231379534"
"Lina","Void Spirit","102","53","49","0.5196078431372549","2.030215109632575"
"Brewmaster","Crystal Maiden","102","53","49","0.5196078431372549","1.8828493813237703"
"Dragon Knight","Ember Spirit","383","199","184","0.5195822454308094","0.7420687314882974"
"Medusa","Doom","281","146","135","0.5195729537366548","2.156653875043212"
"Doom","Death Prophet","179","93","86","0.5195530726256983","0.5308761656298097"
"Mars","Hoodwink","410","213","197","0.5195121951219512","1.2883950596731477"
"Tidehunter","Abaddon","77","40","37","0.5194805194805194","4.196018803700071"
"Enchantress","Visage","77","40","37","0.5194805194805194","1.576689151942973"
"Death Prophet","Ursa","77","40","37","0.5194805194805194","1.3866595321648658"
"Elder Titan","Sven","77","40","37","0.5194805194805194","1.1405358233545497"
"Dark Seer","Kunkka","77","40","37","0.5194805194805194","1.0283325931668592"
"Disruptor","Lich","77","40","37","0.5194805194805194","0.8808204548413294"
"Shadow Shaman","Windranger","77","40","37","0.5194805194805194","-0.22138492670088597"
"Doom","Sand King","129","67","62","0.5193798449612403","0.6002901342964949"
"Weaver","Grimstroke","129","67","62","0.5193798449612403","-0.37628142030768685"
"Morphling","Dragon Knight","181","94","87","0.5193370165745856","1.8244191590373837"
"Storm Spirit","Enchantress","285","148","137","0.519298245614035","-0.20988479426163573"
"Dark Willow","Troll Warlord","52","27","25","0.5192307692307693","2.924169867456585"
"Earthshaker","Vengeful Spirit","52","27","25","0.5192307692307693","2.29457929971058"
"Monkey King","Pudge","52","27","25","0.5192307692307693","1.7825003897010265"
"Dawnbreaker","Jakiro","104","54","50","0.5192307692307693","1.6549969829664593"
"Broodmother","Shadow Fiend","52","27","25","0.5192307692307693","1.1690451414004022"
"Batrider","Centaur Warrunner","208","108","100","0.5192307692307693","0.732042470326664"
"Marci","Phantom Assassin","52","27","25","0.5192307692307693","0.6998799023824847"
"Clockwerk","Kunkka","156","81","75","0.5192307692307693","0.5406383677423158"
"Hoodwink","Slardar","208","108","100","0.5192307692307693","0.5249928413082157"
"Viper","Skywrath Mage","52","27","25","0.5192307692307693","0.4972813527320625"
"Enchantress","Gyrocopter","156","81","75","0.5192307692307693","0.43556855419505985"
"Marci","Disruptor","104","54","50","0.5192307692307693","0.4230385026016293"
"Batrider","Leshrac","208","108","100","0.5192307692307693","0.041874476772439155"
"Phantom Assassin","Ursa","52","27","25","0.5192307692307693","0.02384068989956141"
"Nyx Assassin","Mars","156","81","75","0.5192307692307693","-0.04230722325129162"
"Ogre Magi","Weaver","104","54","50","0.5192307692307693","-0.07381860846207476"
"Warlock","Ember Spirit","156","81","75","0.5192307692307693","-0.16861909329980823"
"Techies","Legion Commander","52","27","25","0.5192307692307693","-0.3507580310725791"
"Hoodwink","Phoenix","312","162","150","0.5192307692307693","-0.35167356995470717"
"Oracle","Phoenix","52","27","25","0.5192307692307693","-0.4512534724248366"
"Brewmaster","Centaur Warrunner","104","54","50","0.5192307692307693","-1.5407285799162056"
"Pudge","Dawnbreaker","52","27","25","0.5192307692307693","-1.6293814305679089"
"Skywrath Mage","Vengeful Spirit","52","27","25","0.5192307692307693","-1.8152686384517038"
"Beastmaster","Rubick","418","217","201","0.5191387559808612","0.8271847534670819"
"Muerta","Lion","131","68","63","0.5190839694656488","2.312667394406442"
"Snapfire","Troll Warlord","131","68","63","0.5190839694656488","1.2825174216266975"
"Batrider","Underlord","131","68","63","0.5190839694656488","1.046314655252738"
"Silencer","Phoenix","131","68","63","0.5190839694656488","0.4294019738419646"
"Tiny","Grimstroke","210","109","101","0.5190476190476191","2.9148639246055934"
"Morphling","Lich","79","41","38","0.5189873417721519","2.4257006281464966"
"Sven","Chen","79","41","38","0.5189873417721519","2.35774796875774"
"Naga Siren","Enigma","79","41","38","0.5189873417721519","1.7065998456069604"
"Magnus","Tiny","237","123","114","0.5189873417721519","1.2906083941859585"
"Void Spirit","Rubick","237","123","114","0.5189873417721519","1.1491150222657325"
"Dawnbreaker","Grimstroke","79","41","38","0.5189873417721519","1.0586011356425569"
"Doom","Tidehunter","158","82","76","0.5189873417721519","0.47957858320970936"
"Queen of Pain","Enigma","79","41","38","0.5189873417721519","0.43515761578105666"
"Broodmother","Monkey King","79","41","38","0.5189873417721519","0.27758949368471736"
"Io","Leshrac","79","41","38","0.5189873417721519","-0.027081745759580302"
"Batrider","Lina","158","82","76","0.5189873417721519","-0.9954204835221521"
"Visage","Mirana","79","41","38","0.5189873417721519","-2.6627806524087427"
"Pugna","Snapfire","185","96","89","0.518918918918919","1.4304766743951103"
"Monkey King","Windranger","185","96","89","0.518918918918919","0.6269936743432176"
"Treant Protector","Centaur Warrunner","106","55","51","0.5188679245283019","0.11000696156650877"
"Terrorblade","Grimstroke","106","55","51","0.5188679245283019","-0.7878522199261127"
"Phoenix","Slardar","133","69","64","0.518796992481203","-0.4972842305082698"
"Mirana","Doom","241","125","116","0.5186721991701245","2.0527361646343527"
"Disruptor","Pudge","54","28","26","0.5185185185185185","5.368363924891237"
"Centaur Warrunner","Silencer","54","28","26","0.5185185185185185","3.7735446885430672"
"Windranger","Elder Titan","54","28","26","0.5185185185185185","3.3656905084123916"
"Sand King","Ogre Magi","54","28","26","0.5185185185185185","3.214610237221762"
"Mirana","Shadow Fiend","81","42","39","0.5185185185185185","3.1172952505396854"
"Zeus","Earth Spirit","54","28","26","0.5185185185185185","3.0537157411658495"
"Bane","Invoker","162","84","78","0.5185185185185185","2.4654034251637538"
"Sniper","Doom","81","42","39","0.5185185185185185","1.760947893352244"
"Chen","Rubick","81","42","39","0.5185185185185185","1.7031402436402114"
"Death Prophet","Kunkka","162","84","78","0.5185185185185185","1.509172244266368"
"Disruptor","Lina","108","56","52","0.5185185185185185","1.4632821894206354"
"Jakiro","Pudge","54","28","26","0.5185185185185185","1.4163024565494975"
"Phoenix","Grimstroke","162","84","78","0.5185185185185185","1.378505807852432"
"Brewmaster","Shadow Fiend","81","42","39","0.5185185185185185","1.2733459933387463"
"Enchantress","Clockwerk","351","182","169","0.5185185185185185","1.2123865179357067"
"Gyrocopter","Kunkka","135","70","65","0.5185185185185185","1.204530253555577"
"Templar Assassin","Pugna","135","70","65","0.5185185185185185","1.202556443713951"
"Elder Titan","Gyrocopter","81","42","39","0.5185185185185185","1.0790977398130506"
"Zeus","Alchemist","54","28","26","0.5185185185185185","1.02069442494047"
"Brewmaster","Treant Protector","81","42","39","0.5185185185185185","0.8368940662645579"
"Pugna","Lion","81","42","39","0.5185185185185185","0.800048253776287"
"Huskar","Tusk","54","28","26","0.5185185185185185","0.48321110510769516"
"Puck","Enchantress","243","126","117","0.5185185185185185","0.4410152634909068"
"Bounty Hunter","Morphling","54","28","26","0.5185185185185185","0.4309522608961313"
"Death Prophet","Earthshaker","54","28","26","0.5185185185185185","0.178838241503188"
"Lion","Spirit Breaker","54","28","26","0.5185185185185185","0.06902623827235949"
"Slardar","Alchemist","54","28","26","0.5185185185185185","-0.013307827217725405"
"Broodmother","Nature's Prophet","54","28","26","0.5185185185185185","-0.35053686594487987"
"Crystal Maiden","Silencer","108","56","52","0.5185185185185185","-0.5194190246591899"
"Omniknight","Ember Spirit","54","28","26","0.5185185185185185","-0.6904760753529572"
"Tusk","Ogre Magi","81","42","39","0.5185185185185185","-0.9850084027581749"
"Troll Warlord","Vengeful Spirit","54","28","26","0.5185185185185185","-1.3174122704219442"
"Bristleback","Nyx Assassin","54","28","26","0.5185185185185185","-2.1961751479917986"
"Pangolier","Tusk","488","253","235","0.5184426229508197","0.06860626456593222"
"Clockwerk","Tusk","409","212","197","0.5183374083129584","0.4153867213475566"
"Rubick","Lifestealer","164","85","79","0.5182926829268293","2.6572591602047977"
"Tidehunter","Magnus","137","71","66","0.5182481751824818","2.6971735802315147"
"Tiny","Troll Warlord","137","71","66","0.5182481751824818","1.652660394982053"
"Dark Willow","Grimstroke","137","71","66","0.5182481751824818","0.7330245695994878"
"Templar Assassin","Dragon Knight","220","114","106","0.5181818181818182","1.5701491813939925"
"Tusk","Viper","110","57","53","0.5181818181818182","1.2366338293342714"
"Keeper of the Light","Invoker","83","43","40","0.5180722891566265","3.2114588329239173"
"Elder Titan","Dragon Knight","83","43","40","0.5180722891566265","3.008178309693073"
"Underlord","Chaos Knight","83","43","40","0.5180722891566265","2.3514132152325486"
"Tiny","Batrider","498","258","240","0.5180722891566265","2.0669045830376755"
"Underlord","Tidehunter","83","43","40","0.5180722891566265","1.5733427170043186"
"Broodmother","Hoodwink","83","43","40","0.5180722891566265","1.1057451197881665"
"Abaddon","Bristleback","83","43","40","0.5180722891566265","0.916323333257248"
"Pangolier","Rubick","581","301","280","0.5180722891566265","0.8911835315154049"
"Timbersaw","Zeus","83","43","40","0.5180722891566265","0.1176786367127157"
"Terrorblade","Vengeful Spirit","83","43","40","0.5180722891566265","-1.5910236306476548"
"Terrorblade","Morphling","222","115","107","0.5180180180180181","0.5452726443091047"
"Vengeful Spirit","Earth Spirit","56","29","27","0.5178571428571429","3.5255132607535535"
"Lina","Chaos Knight","56","29","27","0.5178571428571429","2.949071061197165"
"Warlock","Dazzle","56","29","27","0.5178571428571429","2.8984038761847346"
"Ember Spirit","Axe","112","58","54","0.5178571428571429","2.5136426900367614"
"Doom","Crystal Maiden","168","87","81","0.5178571428571429","1.8393905496814469"
"Jakiro","Skywrath Mage","112","58","54","0.5178571428571429","1.5762926208886314"
"Slardar","Abaddon","56","29","27","0.5178571428571429","1.5161893818946524"
"Timbersaw","Phoenix","168","87","81","0.5178571428571429","1.3332907994738565"
"Tidehunter","Muerta","112","58","54","0.5178571428571429","1.2640370693981677"
"Naga Siren","Death Prophet","56","29","27","0.5178571428571429","1.1911258627751755"
"Tusk","Undying","224","116","108","0.5178571428571429","0.9759202362519853"
"Lycan","Gyrocopter","56","29","27","0.5178571428571429","0.9292098120278883"
"Nyx Assassin","Silencer","56","29","27","0.5178571428571429","0.5174914453779748"
"Muerta","Undying","56","29","27","0.5178571428571429","0.22442012432173225"
"Death Prophet","Magnus","56","29","27","0.5178571428571429","0.05950773781157638"
"Lifestealer","Troll Warlord","56","29","27","0.5178571428571429","-0.3939968510206535"
"Magnus","Ogre Magi","56","29","27","0.5178571428571429","-0.49677988830421277"
"Mirana","Shadow Demon","141","73","68","0.5177304964539007","0.9280481509059744"
"Puck","Void Spirit","508","263","245","0.5177165354330708","0.632337107827947"
"Disruptor","Pangolier","311","161","150","0.5176848874598071","0.5562884308852821"
"Lion","Sven","85","44","41","0.5176470588235295","2.807940874233442"
"Disruptor","Enigma","85","44","41","0.5176470588235295","2.3270225127533823"
"Elder Titan","Beastmaster","85","44","41","0.5176470588235295","1.8602925819632947"
"Luna","Sand King","85","44","41","0.5176470588235295","1.3297259949889686"
"Pugna","Spirit Breaker","85","44","41","0.5176470588235295","1.1450163891092155"
"Invoker","Tusk","170","88","82","0.5176470588235295","1.1400937088170222"
"Snapfire","Pudge","85","44","41","0.5176470588235295","0.982088625586974"
"Phantom Assassin","Grimstroke","85","44","41","0.5176470588235295","0.16139241836578735"
"Shadow Demon","Night Stalker","85","44","41","0.5176470588235295","-0.34651332419439046"
"Primal Beast","Puck","199","103","96","0.5175879396984925","0.19728051585170492"
"Puck","Tusk","371","192","179","0.5175202156334232","0.6881062690835903"
"Dark Willow","Timbersaw","143","74","69","0.5174825174825175","1.4351058876086757"
"Gyrocopter","Lion","143","74","69","0.5174825174825175","1.2498614258029515"
"Gyrocopter","Sven","143","74","69","0.5174825174825175","0.6418569604117597"
"Nyx Assassin","Clockwerk","172","89","83","0.5174418604651163","1.0506920936121316"
"Shadow Demon","Doom","172","89","83","0.5174418604651163","-0.02847985964906882"
"Tusk","Shadow Fiend","201","104","97","0.5174129353233831","0.6578800813459286"
"Ogre Magi","Io","58","30","28","0.5172413793103449","5.363033624990976"
"Slark","Lion","58","30","28","0.5172413793103449","3.986302335439001"
"Magnus","Abaddon","87","45","42","0.5172413793103449","2.0524692235416735"
"Medusa","Warlock","58","30","28","0.5172413793103449","1.7616833313978078"
"Warlock","Queen of Pain","87","45","42","0.5172413793103449","1.6405693175137086"
"Phoenix","Spirit Breaker","58","30","28","0.5172413793103449","1.3952208154722914"
"Io","Wraith King","58","30","28","0.5172413793103449","1.3656620354907285"
"Dragon Knight","Crystal Maiden","145","75","70","0.5172413793103449","1.3502469539920323"
"Hoodwink","Sand King","232","120","112","0.5172413793103449","1.3455946503891565"
"Rubick","Razor","174","90","84","0.5172413793103449","1.3133286613794528"
"Muerta","Underlord","87","45","42","0.5172413793103449","0.9808620051967937"
"Magnus","Spectre","58","30","28","0.5172413793103449","0.7990390042253239"
"Shadow Shaman","Marci","87","45","42","0.5172413793103449","0.6185055175736527"
"Skywrath Mage","Winter Wyvern","58","30","28","0.5172413793103449","0.3269101051709933"
"Undying","Bloodseeker","87","45","42","0.5172413793103449","0.07655083440103887"
"Centaur Warrunner","Beastmaster","203","105","98","0.5172413793103449","0.04910556701552742"
"Lycan","Crystal Maiden","58","30","28","0.5172413793103449","0.028640156956141385"
"Hoodwink","Ogre Magi","87","45","42","0.5172413793103449","-0.197415377373926"
"Leshrac","Enigma","116","60","56","0.5172413793103449","-0.31827670760267834"
"Sand King","Earthshaker","58","30","28","0.5172413793103449","-0.36092756319635116"
"Lifestealer","Enchantress","87","45","42","0.5172413793103449","-1.0380682926766809"
"Lion","Dawnbreaker","116","60","56","0.5172413793103449","-1.0614590982194423"
"Shadow Shaman","Dark Willow","116","60","56","0.5172413793103449","-1.5328127579322"
"Alchemist","Bristleback","87","45","42","0.5172413793103449","-1.5417451759002738"
"Weaver","Hoodwink","147","76","71","0.5170068027210885","1.3948572133710053"
"Clockwerk","Pangolier","441","228","213","0.5170068027210885","0.3405631488429597"
"Leshrac","Enchantress","147","76","71","0.5170068027210885","-0.08181060778923564"
"Terrorblade","Mars","236","122","114","0.5169491525423728","1.0723789882253876"
"Terrorblade","Luna","118","61","57","0.5169491525423728","0.5200636923921147"
"Enigma","Phoenix","118","61","57","0.5169491525423728","0.2672863590073477"
"Pangolier","Medusa","236","122","114","0.5169491525423728","0.14419163484817338"
"Dawnbreaker","Alchemist","89","46","43","0.5168539325842697","3.240809734637508"
"Puck","Chaos Knight","89","46","43","0.5168539325842697","2.7299304286228"
"Centaur Warrunner","Earth Spirit","89","46","43","0.5168539325842697","1.779623417579359"
"Mars","Axe","89","46","43","0.5168539325842697","1.6242813886199345"
"Undying","Dawnbreaker","89","46","43","0.5168539325842697","1.0632019868296518"
"Dark Willow","Vengeful Spirit","89","46","43","0.5168539325842697","0.22393842433354832"
"Gyrocopter","Marci","89","46","43","0.5168539325842697","-0.07923154722040093"
"Techies","Pangolier","238","123","115","0.5168067226890757","0.9384314654161615"
"Razor","Beastmaster","149","77","72","0.5167785234899329","-0.2038067945443786"
"Gyrocopter","Templar Assassin","149","77","72","0.5167785234899329","-0.6929284583761354"
"Io","Jakiro","60","31","29","0.5166666666666667","4.505271696737561"
"Broodmother","Terrorblade","60","31","29","0.5166666666666667","3.694414379499785"
"Techies","Monkey King","120","62","58","0.5166666666666667","2.7954780542291604"
"Clinkz","Batrider","60","31","29","0.5166666666666667","2.4907075927456424"
"Bloodseeker","Lifestealer","60","31","29","0.5166666666666667","1.7386349921660054"
"Ursa","Muerta","60","31","29","0.5166666666666667","1.6242176842166816"
"Undying","Pudge","60","31","29","0.5166666666666667","1.1585745153089457"
"Hoodwink","Phantom Assassin","60","31","29","0.5166666666666667","1.093678421369811"
"Timbersaw","Razor","120","62","58","0.5166666666666667","1.0883850204681218"
"Keeper of the Light","Slardar","60","31","29","0.5166666666666667","0.9973855946794091"
"Alchemist","Jakiro","60","31","29","0.5166666666666667","0.9925623889271795"
"Kunkka","Treant Protector","120","62","58","0.5166666666666667","0.9905450915864341"
"Mirana","Wraith King","60","31","29","0.5166666666666667","0.7395080765607489"
"Leshrac","Shadow Fiend","120","62","58","0.5166666666666667","0.45155477128340377"
"Abaddon","Nyx Assassin","60","31","29","0.5166666666666667","0.001764482617714691"
"Spirit Breaker","Skywrath Mage","60","31","29","0.5166666666666667","-0.27883172108480825"
"Ember Spirit","Anti-Mage","60","31","29","0.5166666666666667","-1.1132367792050246"
"Lion","Marci","60","31","29","0.5166666666666667","-2.942452623281096"
"Marci","Clockwerk","211","109","102","0.5165876777251185","0.676145280092395"
"Jakiro","Shadow Fiend","151","78","73","0.5165562913907285","0.18283316360540613"
"Sven","Phoenix","91","47","44","0.5164835164835165","0.8403611780173326"
"Abaddon","Sand King","91","47","44","0.5164835164835165","0.5328567939997161"
"Invoker","Ursa","91","47","44","0.5164835164835165","0.1415718288861161"
"Ringmaster","Terrorblade","91","47","44","0.5164835164835165","0.06212171473301806"
"Shadow Demon","Phoenix","213","110","103","0.5164319248826291","0.02350741471426086"
"Weaver","Enchantress","122","63","59","0.5163934426229508","0.5064253320679507"
"Tusk","Abaddon","122","63","59","0.5163934426229508","-0.5535582133040349"
"Sand King","Medusa","122","63","59","0.5163934426229508","-1.3005198802171187"
"Earthshaker","Ember Spirit","153","79","74","0.5163398692810458","-0.09902222506860278"
"Night Stalker","Puck","184","95","89","0.5163043478260869","0.2234187196148997"
"Pangolier","Invoker","277","143","134","0.516245487364621","1.2919054554826834"
"Beastmaster","Batrider","308","159","149","0.5162337662337663","1.7058007535594146"
"Bane","Earthshaker","62","32","30","0.5161290322580645","4.897925300282297"
"Dark Willow","Techies","62","32","30","0.5161290322580645","3.425885366808208"
"Shadow Demon","Dark Seer","93","48","45","0.5161290322580645","2.347563324138894"
"Sniper","Naga Siren","62","32","30","0.5161290322580645","2.1678398196691235"
"Treant Protector","Leshrac","124","64","60","0.5161290322580645","2.125474506097418"
"Axe","Storm Spirit","124","64","60","0.5161290322580645","2.1166400605791202"
"Pangolier","Shadow Shaman","155","80","75","0.5161290322580645","1.7260621807061058"
"Brewmaster","Dragon Knight","93","48","45","0.5161290322580645","1.6997521851086674"
"Night Stalker","Queen of Pain","62","32","30","0.5161290322580645","1.524828416373999"
"Beastmaster","Ancient Apparition","93","48","45","0.5161290322580645","1.4945692882185238"
"Medusa","Lifestealer","62","32","30","0.5161290322580645","1.3995875535873437"
"Chaos Knight","Invoker","62","32","30","0.5161290322580645","1.3316557009914463"
"Primal Beast","Ursa","93","48","45","0.5161290322580645","1.287274676157078"
"Windranger","Kez","62","32","30","0.5161290322580645","1.2331934571908683"
"Faceless Void","Vengeful Spirit","93","48","45","0.5161290322580645","1.1551646830840738"
"Keeper of the Light","Leshrac","124","64","60","0.5161290322580645","1.0915849685285797"
"Keeper of the Light","Weaver","93","48","45","0.5161290322580645","0.9781384010759483"
"Centaur Warrunner","Tusk","248","128","120","0.5161290322580645","0.6685544511384109"
"Nature's Prophet","Puck","186","96","90","0.5161290322580645","0.6141177737408713"
"Mirana","Abaddon","124","64","60","0.5161290322580645","0.47443999483531074"
"Enchantress","Dazzle","62","32","30","0.5161290322580645","0.025578260445717323"
"Juggernaut","Disruptor","62","32","30","0.5161290322580645","-0.1018545745886382"
"Sniper","Tusk","124","64","60","0.5161290322580645","-0.31378870564853606"
"Gyrocopter","Dark Willow","155","80","75","0.5161290322580645","-0.5048201646373587"
"Sand King","Batrider","124","64","60","0.5161290322580645","-0.5627094385569786"
"Pudge","Ember Spirit","93","48","45","0.5161290322580645","-1.0309959231403134"
"Rubick","Mars","312","161","151","0.5160256410256411","1.4559705669717362"
"Death Prophet","Razor","157","81","76","0.5159235668789809","1.666220739776747"
"Snapfire","Dragon Knight","283","146","137","0.5159010600706714","1.0901339951843538"
"Storm Spirit","Tiny","535","276","259","0.5158878504672897","1.127468185446917"
"Batrider","Alchemist","126","65","61","0.5158730158730159","1.044693055220314"
"Phoenix","Ursa","221","114","107","0.5158371040723982","1.7893408099551718"
"Undying","Spirit Breaker","95","49","46","0.5157894736842106","3.039945921556424"
"Magnus","Slark","95","49","46","0.5157894736842106","2.507573048394832"
"Bane","Shadow Fiend","95","49","46","0.5157894736842106","2.13455944003775"
"Nature's Prophet","Enigma","95","49","46","0.5157894736842106","1.9919829276890935"
"Spirit Breaker","Tusk","95","49","46","0.5157894736842106","1.253823073425689"
"Phoenix","Zeus","95","49","46","0.5157894736842106","0.15552594456042448"
"Visage","Batrider","95","49","46","0.5157894736842106","-0.5167490656626404"
"Snapfire","Winter Wyvern","95","49","46","0.5157894736842106","-0.5543164461515417"
"Bristleback","Clockwerk","159","82","77","0.5157232704402516","0.9801180923890581"
"Shadow Shaman","Mars","159","82","77","0.5157232704402516","0.9776401961146185"
"Void Spirit","Queen of Pain","159","82","77","0.5157232704402516","0.16679005714167375"
"Tiny","Razor","287","148","139","0.5156794425087108","1.2163411308353371"
"Disruptor","Tusk","287","148","139","0.5156794425087108","0.35616982924269"
"Dawnbreaker","Slardar","64","33","31","0.515625","4.379025199926087"
"Kunkka","Sniper","64","33","31","0.515625","2.6792053664733335"
"Spirit Breaker","Io","64","33","31","0.515625","2.1058772645776243"
"Skywrath Mage","Enchantress","128","66","62","0.515625","1.9326250542304015"
"Gyrocopter","Enigma","128","66","62","0.515625","1.5808810732848613"
"Slardar","Rubick","128","66","62","0.515625","1.2762687552886018"
"Naga Siren","Lina","64","33","31","0.515625","1.0045092439293621"
"Undying","Sniper","64","33","31","0.515625","0.5869526218617293"
"Nature's Prophet","Invoker","128","66","62","0.515625","0.00020260751346027532"
"Luna","Spirit Breaker","64","33","31","0.515625","-0.4323234561800676"
"Chaos Knight","Tidehunter","64","33","31","0.515625","-0.6223024698940671"
"Mars","Batrider","353","182","171","0.5155807365439093","0.7412696927586826"
"Brewmaster","Enchantress","97","50","47","0.5154639175257731","4.034611782424658"
"Rubick","Abaddon","97","50","47","0.5154639175257731","2.3387534782496906"
"Alchemist","Crystal Maiden","97","50","47","0.5154639175257731","1.923624181319675"
"Ursa","Kunkka","97","50","47","0.5154639175257731","1.6709892750717708"
"Brewmaster","Doom","97","50","47","0.5154639175257731","1.2315718708925625"
"Weaver","Bloodseeker","97","50","47","0.5154639175257731","-0.794013224749277"
"Templar Assassin","Io","97","50","47","0.5154639175257731","-0.8932881095936356"
"Primal Beast","Undying","130","67","63","0.5153846153846153","1.8739237753309235"
"Lion","Queen of Pain","130","67","63","0.5153846153846153","1.3433717395848788"
"Gyrocopter","Weaver","130","67","63","0.5153846153846153","0.02185516412085305"
"Dark Seer","Sven","163","84","79","0.5153374233128835","0.7768262050539348"
"Nature's Prophet","Storm Spirit","196","101","95","0.5153061224489796","0.8059762731647491"
"Ember Spirit","Death Prophet","196","101","95","0.5153061224489796","0.1271894602908684"
"Dragon Knight","Centaur Warrunner","262","135","127","0.5152671755725191","0.41567953821445797"
"Lina","Lion","99","51","48","0.5151515151515151","2.90046831185545"
"Troll Warlord","Razor","66","34","32","0.5151515151515151","2.432009840319985"
"Storm Spirit","Earthshaker","132","68","64","0.5151515151515151","1.7625879798608635"
"Windranger","Lifestealer","66","34","32","0.5151515151515151","1.7145201607780045"
"Storm Spirit","Vengeful Spirit","66","34","32","0.5151515151515151","1.701293449699678"
"Grimstroke","Skywrath Mage","99","51","48","0.5151515151515151","1.6545052484259426"
"Puck","Lion","231","119","112","0.5151515151515151","1.6048915497716776"
"Nyx Assassin","Phantom Assassin","66","34","32","0.5151515151515151","1.5155269502782929"
"Winter Wyvern","Tusk","66","34","32","0.5151515151515151","1.0858787038200768"
"Void Spirit","Skywrath Mage","99","51","48","0.5151515151515151","1.0122697052045857"
"Ancient Apparition","Io","66","34","32","0.5151515151515151","0.8227357315091122"
"Gyrocopter","Muerta","132","68","64","0.5151515151515151","0.6199489946139388"
"Mars","Ursa","165","85","80","0.5151515151515151","0.5569494625900135"
"Nyx Assassin","Invoker","66","34","32","0.5151515151515151","0.36442022188668666"
"Timbersaw","Vengeful Spirit","66","34","32","0.5151515151515151","0.3193793272167942"
"Faceless Void","Enigma","66","34","32","0.5151515151515151","0.31459029975507297"
"Invoker","Ogre Magi","66","34","32","0.5151515151515151","0.2777030082040981"
"Lina","Ogre Magi","66","34","32","0.5151515151515151","0.1610515657892097"
"Weaver","Timbersaw","132","68","64","0.5151515151515151","0.12895456431142718"
"Treant Protector","Shadow Shaman","66","34","32","0.5151515151515151","0.1102259211022254"
"Monkey King","Dark Seer","99","51","48","0.5151515151515151","-0.5764412221653675"
"Earth Spirit","Storm Spirit","132","68","64","0.5151515151515151","-0.7507403216964083"
"Enchantress","Dark Willow","132","68","64","0.5151515151515151","-1.0075735448036358"
"Templar Assassin","Storm Spirit","266","137","129","0.5150375939849624","1.4581154003429335"
"Ember Spirit","Templar Assassin","266","137","129","0.5150375939849624","0.6968132512538959"
"Snapfire","Grimstroke","200","103","97","0.515","0.08599244754871065"
"Windranger","Dragon Knight","167","86","81","0.5149700598802395","1.4773140533957692"
"Jakiro","Keeper of the Light","101","52","49","0.5148514851485149","2.371027311479824"
"Marci","Dawnbreaker","202","104","98","0.5148514851485149","1.1130911681615345"
"Bloodseeker","Death Prophet","101","52","49","0.5148514851485149","0.39085477346018727"
"Weaver","Leshrac","101","52","49","0.5148514851485149","0.08946066649789378"
"Pangolier","Ancient Apparition","101","52","49","0.5148514851485149","-0.7354483601111969"
"Shadow Fiend","Pugna","68","35","33","0.5147058823529411","2.8911275369921996"
"Visage","Tusk","68","35","33","0.5147058823529411","1.7325203856202602"
"Warlock","Viper","68","35","33","0.5147058823529411","1.6818208663000902"
"Shadow Demon","Techies","136","70","66","0.5147058823529411","1.6362833735286504"
"Warlock","Brewmaster","68","35","33","0.5147058823529411","1.5324488059302332"
"Brewmaster","Tiny","204","105","99","0.5147058823529411","1.1347057623970427"
"Razor","Earth Spirit","68","35","33","0.5147058823529411","0.707893229100047"
"Dark Seer","Batrider","136","70","66","0.5147058823529411","0.5504719733503298"
"Pugna","Disruptor","136","70","66","0.5147058823529411","0.3108803801284402"
"Dark Seer","Warlock","68","35","33","0.5147058823529411","0.1261829384859619"
"Dazzle","Hoodwink","68","35","33","0.5147058823529411","0.02091495079285912"
"Rubick","Hoodwink","544","280","264","0.5147058823529411","0.003350147615466643"
"Pangolier","Warlock","136","70","66","0.5147058823529411","-0.2824202914126604"
"Silencer","Undying","136","70","66","0.5147058823529411","-0.45823236916317944"
"Ember Spirit","Visage","103","53","50","0.5145631067961165","2.079977870656835"
"Bloodseeker","Mirana","103","53","50","0.5145631067961165","1.515622059164468"
"Beastmaster","Undying","206","106","100","0.5145631067961165","0.6002355738076063"
"Winter Wyvern","Marci","103","53","50","0.5145631067961165","0.0950420081392075"
"Luna","Tidehunter","138","71","67","0.5144927536231884","0.5852999375439107"
"Razor","Puck","208","107","101","0.5144230769230769","-1.347914947255442"
"Mars","Lion","243","125","118","0.51440329218107","1.1888306069451298"
"Bristleback","Tiny","278","143","135","0.5143884892086331","-0.6130713163255987"
"Brewmaster","Lion","70","36","34","0.5142857142857142","2.8177767242426053"
"Sand King","Skywrath Mage","70","36","34","0.5142857142857142","2.773010622029261"
"Primal Beast","Slardar","70","36","34","0.5142857142857142","2.4148675434243447"
"Grimstroke","Ember Spirit","210","108","102","0.5142857142857142","2.0165093167970936"
"Huskar","Tiny","70","36","34","0.5142857142857142","1.9268535290912456"
"Crystal Maiden","Windranger","105","54","51","0.5142857142857142","1.7629455173859891"
"Terrorblade","Drow Ranger","70","36","34","0.5142857142857142","1.5145544038158776"
"Sniper","Dark Willow","70","36","34","0.5142857142857142","0.6187611214319692"
"Jakiro","Puck","210","108","102","0.5142857142857142","0.47603994973922226"
"Crystal Maiden","Disruptor","175","90","85","0.5142857142857142","0.4415808824768684"
"Earthshaker","Lycan","70","36","34","0.5142857142857142","0.22879161783077417"
"Alchemist","Marci","70","36","34","0.5142857142857142","0.15776362228809968"
"Enigma","Centaur Warrunner","105","54","51","0.5142857142857142","0.012055085905542367"
"Slardar","Grimstroke","70","36","34","0.5142857142857142","-0.019753818617100398"
"Batrider","Shadow Fiend","175","90","85","0.5142857142857142","-0.43887970529745"
"Clockwerk","Zeus","142","73","69","0.5140845070422535","2.5675358503921593"
"Razor","Doom","142","73","69","0.5140845070422535","0.36914807275414635"
"Alchemist","Storm Spirit","142","73","69","0.5140845070422535","-0.8890519619100623"
"Techies","Snapfire","107","55","52","0.514018691588785","1.4853971146076401"
"Rubick","Legion Commander","107","55","52","0.514018691588785","-0.6568635041461687"
"Leshrac","Grimstroke","107","55","52","0.514018691588785","-1.1619558808010197"
"Dark Willow","Leshrac","107","55","52","0.514018691588785","-1.202175945478611"
"Windranger","Axe","72","37","35","0.5138888888888888","3.8509985311810335"
"Pugna","Shadow Shaman","72","37","35","0.5138888888888888","1.5541656842584177"
"Batrider","Razor","144","74","70","0.5138888888888888","1.3653547819750818"
"Vengeful Spirit","Invoker","72","37","35","0.5138888888888888","1.029926815608859"
"Riki","Clockwerk","72","37","35","0.5138888888888888","0.8226179875744783"
"Sniper","Shadow Fiend","72","37","35","0.5138888888888888","0.3965617790263654"
"Pudge","Naga Siren","72","37","35","0.5138888888888888","0.39398846647846253"
"Sven","Dark Willow","72","37","35","0.5138888888888888","-0.8931251331206798"
"Silencer","Snapfire","181","93","88","0.5138121546961326","0.43817822015144303"
"Enigma","Mirana","109","56","53","0.5137614678899083","1.9825728664805382"
"Terrorblade","Pangolier","327","168","159","0.5137614678899083","1.2980002606706706"
"Lich","Magnus","109","56","53","0.5137614678899083","0.9760067924561989"
"Io","Tidehunter","109","56","53","0.5137614678899083","0.791217513638076"
"Snapfire","Shadow Fiend","218","112","106","0.5137614678899083","0.6559229740982082"
"Warlock","Gyrocopter","109","56","53","0.5137614678899083","-0.4027706755238639"
"Dark Willow","Pangolier","255","131","124","0.5137254901960784","1.8072325987296443"
"Slardar","Centaur Warrunner","146","75","71","0.5136986301369864","1.5154626897925851"
"Pangolier","Broodmother","146","75","71","0.5136986301369864","1.462629357279571"
"Kunkka","Enchantress","146","75","71","0.5136986301369864","1.3133143217300176"
"Lina","Invoker","146","75","71","0.5136986301369864","-1.2560534757970652"
"Pangolier","Phoenix","366","188","178","0.5136612021857924","0.386533872630879"
"Templar Assassin","Windranger","111","57","54","0.5135135135135135","3.988505074694843"
"Puck","Shadow Fiend","148","76","72","0.5135135135135135","2.7153697291853054"
"Marci","Chaos Knight","74","38","36","0.5135135135135135","2.223677057989131"
"Dawnbreaker","Pugna","74","38","36","0.5135135135135135","2.1561847449674767"
"Templar Assassin","Brewmaster","111","57","54","0.5135135135135135","1.7859626624060934"
"Chen","Dragon Knight","111","57","54","0.5135135135135135","1.5882186205659063"
"Puck","Sniper","111","57","54","0.5135135135135135","1.363826374827927"
"Void Spirit","Juggernaut","74","38","36","0.5135135135135135","1.1988401949922713"
"Tusk","Io","74","38","36","0.5135135135135135","1.0354462316511286"
"Muerta","Dragon Knight","148","76","72","0.5135135135135135","0.8135556774664868"
"Chaos Knight","Keeper of the Light","74","38","36","0.5135135135135135","0.661596455326519"
"Sand King","Kunkka","111","57","54","0.5135135135135135","-0.07399655154397537"
"Ogre Magi","Clockwerk","111","57","54","0.5135135135135135","-0.19892449160309308"
"Kunkka","Undying","111","57","54","0.5135135135135135","-0.9411370592218872"
"Chen","Leshrac","74","38","36","0.5135135135135135","-1.0204525908984048"
"Doom","Void Spirit","187","96","91","0.5133689839572193","0.17214804428756267"
"Timbersaw","Morphling","150","77","73","0.5133333333333333","1.4990215499095594"
"Queen of Pain","Ember Spirit","300","154","146","0.5133333333333333","0.6957990089457888"
"Templar Assassin","Weaver","150","77","73","0.5133333333333333","0.4071121263332615"
"Death Prophet","Rubick","376","193","183","0.5132978723404256","2.017741721476647"
"Lycan","Silencer","113","58","55","0.5132743362831859","1.5415039356172655"
"Night Stalker","Pangolier","113","58","55","0.5132743362831859","1.1071391167139126"
"Marci","Void Spirit","113","58","55","0.5132743362831859","0.4468022268659312"
"Snapfire","Queen of Pain","226","116","110","0.5132743362831859","0.13982411454780944"
"Enchantress","Morphling","226","116","110","0.5132743362831859","-0.24309672865422852"
"Batrider","Abaddon","189","97","92","0.5132275132275133","0.054964853294257814"
"Dragon Knight","Pugna","189","97","92","0.5132275132275133","-0.10311659295072642"
"Pangolier","Grimstroke","378","194","184","0.5132275132275133","-0.28223019212458184"
"Earth Spirit","Rubick","152","78","74","0.5131578947368421","1.2522501056511448"
"Morphling","Storm Spirit","228","117","111","0.5131578947368421","1.1525482864364336"
"Lich","Undying","76","39","37","0.5131578947368421","1.1297023745205066"
"Treant Protector","Enigma","76","39","37","0.5131578947368421","0.27898110615468663"
"Ursa","Shadow Demon","76","39","37","0.5131578947368421","-0.11375113524161247"
"Batrider","Shadow Demon","304","156","148","0.5131578947368421","-0.43021231410851957"
"Pugna","Muerta","152","78","74","0.5131578947368421","-0.5301972901343156"
"Puck","Clockwerk","306","157","149","0.5130718954248366","0.923039594228088"
"Nature's Prophet","Leshrac","115","59","56","0.5130434782608696","2.4933752217677356"
"Naga Siren","Dragon Knight","115","59","56","0.5130434782608696","0.254948257497961"
"Phantom Assassin","Dragon Knight","115","59","56","0.5130434782608696","-0.0391732444778255"
"Tusk","Shadow Shaman","154","79","75","0.512987012987013","0.40058545644900945"
"Hoodwink","Queen of Pain","193","99","94","0.5129533678756477","0.5183570051388403"
"Puck","Timbersaw","193","99","94","0.5129533678756477","0.3055381983238705"
"Mirana","Monkey King","232","119","113","0.5129310344827587","1.8167566044862522"
"Bane","Weaver","310","159","151","0.5129032258064516","0.9954715536029078"
"Earth Spirit","Medusa","78","40","38","0.5128205128205128","2.713977672855482"
"Timbersaw","Skywrath Mage","117","60","57","0.5128205128205128","2.2549762650782372"
"Bristleback","Hoodwink","156","80","76","0.5128205128205128","1.8266202786867076"
"Ogre Magi","Dragon Knight","78","40","38","0.5128205128205128","1.0462218765508193"
"Dawnbreaker","Shadow Shaman","78","40","38","0.5128205128205128","0.6829590017569179"
"Enchantress","Windranger","156","80","76","0.5128205128205128","0.6462676013344367"
"Slardar","Windranger","117","60","57","0.5128205128205128","0.5611299091300702"
"Slardar","Bristleback","78","40","38","0.5128205128205128","0.3767709011113963"
"Gyrocopter","Puck","195","100","95","0.5128205128205128","0.36364645695916753"
"Undying","Broodmother","78","40","38","0.5128205128205128","0.07669306098758182"
"Dragon Knight","Batrider","234","120","114","0.5128205128205128","0.06621270084088733"
"Tiny","Bloodseeker","156","80","76","0.5128205128205128","-0.032589959323717006"
"Kunkka","Luna","156","80","76","0.5128205128205128","-0.325033014276535"
"Ogre Magi","Kunkka","78","40","38","0.5128205128205128","-0.9138438230141516"
"Hoodwink","Invoker","197","101","96","0.5126903553299492","1.8654767061043034"
"Clockwerk","Undying","197","101","96","0.5126903553299492","0.4140384743807815"
"Morphling","Phoenix","197","101","96","0.5126903553299492","-0.1962295887957069"
"Rubick","Storm Spirit","355","182","173","0.5126760563380282","-0.809014175837426"
"Lina","Phoenix","158","81","77","0.5126582278481012","2.0889595728226587"
"Razor","Phoenix","119","61","58","0.5126050420168067","1.3690540855473512"
"Undying","Snapfire","357","183","174","0.5126050420168067","0.3248525760094785"
"Keeper of the Light","Io","119","61","58","0.5126050420168067","0.23136883468486774"
"Dawnbreaker","Sand King","80","41","39","0.5125","3.6896021550097244"
"Slark","Brewmaster","80","41","39","0.5125","1.9952590942208723"
"Enchantress","Elder Titan","80","41","39","0.5125","1.3575834297509255"
"Winter Wyvern","Enchantress","80","41","39","0.5125","0.3359163752596706"
"Alchemist","Disruptor","80","41","39","0.5125","-0.9575532334930369"
"Faceless Void","Dark Seer","80","41","39","0.5125","-1.1144934690321215"
"Luna","Centaur Warrunner","121","62","59","0.512396694214876","1.9948333411760288"
"Tidehunter","Nature's Prophet","121","62","59","0.512396694214876","-0.030738728736304052"
"Kunkka","Windranger","121","62","59","0.512396694214876","-0.4935281947310972"
"Pangolier","Lich","121","62","59","0.512396694214876","-0.7043282009118664"
"Shadow Shaman","Shadow Demon","121","62","59","0.512396694214876","-1.0361560688533706"
"Mirana","Skywrath Mage","121","62","59","0.512396694214876","-1.1292204898829015"
"Primal Beast","Marci","162","83","79","0.5123456790123457","0.3789204942353473"
"Terrorblade","Hoodwink","203","104","99","0.5123152709359606","0.6291405492955972"
"Tiny","Techies","203","104","99","0.5123152709359606","-0.8265101257795161"
"Queen of Pain","Mars","285","146","139","0.512280701754386","1.8688927430519564"
"Kunkka","Mars","326","167","159","0.5122699386503068","-0.1267677821727167"
"Tiny","Slark","123","63","60","0.5121951219512195","2.224029065643044"
"Crystal Maiden","Invoker","82","42","40","0.5121951219512195","2.056907329851855"
"Naga Siren","Doom","123","63","60","0.5121951219512195","1.9552995957398687"
"Spirit Breaker","Monkey King","82","42","40","0.5121951219512195","1.5538795986203082"
"Shadow Demon","Skywrath Mage","82","42","40","0.5121951219512195","1.5136764791726538"
"Morphling","Bloodseeker","82","42","40","0.5121951219512195","0.3936176430370721"
"Clockwerk","Jakiro","164","84","80","0.5121951219512195","0.2860229051339225"
"Sven","Shadow Demon","123","63","60","0.5121951219512195","0.2692242122821564"
"Pugna","Gyrocopter","82","42","40","0.5121951219512195","-0.4187390261652029"
"Enchantress","Treant Protector","123","63","60","0.5121951219512195","-0.8669177650513903"
"Hoodwink","Luna","164","84","80","0.5121951219512195","-1.0617407604781843"
"Kunkka","Tusk","207","106","101","0.5120772946859904","-0.18270869660168612"
"Puck","Storm Spirit","334","171","163","0.5119760479041916","0.9696885085885882"
"Timbersaw","Viper","84","43","41","0.5119047619047619","1.7353732944779623"
"Medusa","Puck","168","86","82","0.5119047619047619","0.5747830578236671"
"Ogre Magi","Terrorblade","84","43","41","0.5119047619047619","0.46473009882364075"
"Leshrac","Earthshaker","84","43","41","0.5119047619047619","0.3103568217642315"
"Dawnbreaker","Rubick","168","86","82","0.5119047619047619","0.2125264391242009"
"Naga Siren","Dark Seer","84","43","41","0.5119047619047619","-0.8210565052484287"
"Invoker","Windranger","84","43","41","0.5119047619047619","-1.5003043009185637"
"Death Prophet","Shadow Fiend","127","65","62","0.5118110236220472","2.1106600335990944"
"Kunkka","Razor","127","65","62","0.5118110236220472","1.502444553239584"
"Pugna","Ember Spirit","254","130","124","0.5118110236220472","0.022742345227149283"
"Doom","Luna","127","65","62","0.5118110236220472","-0.005261276123811186"
"Invoker","Morphling","127","65","62","0.5118110236220472","-0.13246437867421826"
"Kunkka","Terrorblade","170","87","83","0.5117647058823529","1.2578707792968475"
"Lion","Shadow Demon","213","109","104","0.5117370892018779","0.284913280110669"
"Lifestealer","Grimstroke","86","44","42","0.5116279069767442","1.934252524980644"
"Gyrocopter","Batrider","258","132","126","0.5116279069767442","1.4054217950193677"
"Lycan","Storm Spirit","86","44","42","0.5116279069767442","1.3977835417803834"
"Techies","Spirit Breaker","129","66","63","0.5116279069767442","0.9518514679057586"
"Phoenix","Viper","86","44","42","0.5116279069767442","0.836539292188035"
"Leshrac","Gyrocopter","129","66","63","0.5116279069767442","0.38037428911677085"
"Windranger","Luna","86","44","42","0.5116279069767442","0.3587974973310768"
"Phantom Assassin","Tusk","86","44","42","0.5116279069767442","0.32625737863132326"
"Monkey King","Timbersaw","215","110","105","0.5116279069767442","-0.44225885467301385"
"Tiny","Muerta","217","111","106","0.511520737327189","1.0710969464263267"
"Alchemist","Tiny","217","111","106","0.511520737327189","-0.06200875858404862"
"Puck","Lina","131","67","64","0.5114503816793893","1.7994431772215689"
"Timbersaw","Ember Spirit","262","134","128","0.5114503816793893","1.3691119871214499"
"Monkey King","Magnus","131","67","64","0.5114503816793893","0.149088669338071"
"Enchantress","Magnus","131","67","64","0.5114503816793893","-0.9795841458143002"
"Beastmaster","Tiny","526","269","257","0.5114068441064639","0.40045753569458137"
"Marci","Dazzle","88","45","43","0.5113636363636364","3.644332422509711"
"Lifestealer","Slardar","88","45","43","0.5113636363636364","2.8133662299866318"
"Primal Beast","Earth Spirit","88","45","43","0.5113636363636364","2.581304022750056"
"Ogre Magi","Queen of Pain","88","45","43","0.5113636363636364","1.5030155425978418"
"Omniknight","Batrider","88","45","43","0.5113636363636364","1.4661126729618652"
"Batrider","Primal Beast","221","113","108","0.5113122171945701","0.5629527830266072"
"Tusk","Queen of Pain","221","113","108","0.5113122171945701","-0.013418525923634602"
"Morphling","Lion","133","68","65","0.5112781954887218","1.6239417727272165"
"Timbersaw","Shadow Fiend","133","68","65","0.5112781954887218","-0.14963442891022885"
"Faceless Void","Shadow Demon","133","68","65","0.5112781954887218","-1.1192489793028886"
"Mars","Snapfire","444","227","217","0.5112612612612613","0.6643097460806708"
"Mirana","Dragon Knight","178","91","87","0.5112359550561798","1.1761151474390525"
"Shadow Demon","Spirit Breaker","178","91","87","0.5112359550561798","1.1007119853430882"
"Terrorblade","Viper","90","46","44","0.5111111111111111","2.7578746134852214"
"Magnus","Pugna","135","69","66","0.5111111111111111","1.848979860059766"
"Skywrath Mage","Pangolier","180","92","88","0.5111111111111111","0.9589640661693578"
"Pugna","Void Spirit","135","69","66","0.5111111111111111","0.8415714009905768"
"Storm Spirit","Broodmother","90","46","44","0.5111111111111111","0.5173928124415328"
"Invoker","Batrider","180","92","88","0.5111111111111111","0.04680141999852623"
"Queen of Pain","Luna","135","69","66","0.5111111111111111","-0.004264768436244319"
"Centaur Warrunner","Techies","90","46","44","0.5111111111111111","-0.19967468571654118"
"Hoodwink","Enigma","135","69","66","0.5111111111111111","-0.4029447151279067"
"Keeper of the Light","Brewmaster","90","46","44","0.5111111111111111","-1.045410699691102"
"Mars","Weaver","227","116","111","0.5110132158590308","0.782924746443912"
"Hoodwink","Dark Willow","182","93","89","0.510989010989011","-0.2802370738125139"
"Mars","Juggernaut","137","70","67","0.5109489051094891","0.07309887461664409"
"Sand King","Dragon Knight","229","117","112","0.5109170305676856","-0.15061925389511985"
"Naga Siren","Techies","92","47","45","0.5108695652173914","2.460875693774492"
"Lifestealer","Templar Assassin","92","47","45","0.5108695652173914","2.3173684499954597"
"Slark","Rubick","184","94","90","0.5108695652173914","0.689279938514207"
"Doom","Enchantress","276","141","135","0.5108695652173914","0.5648389510153288"
"Timbersaw","Lina","92","47","45","0.5108695652173914","-0.15724156953661636"
"Rubick","Ogre Magi","92","47","45","0.5108695652173914","-0.2979973109197088"
"Earth Spirit","Kunkka","92","47","45","0.5108695652173914","-1.2853747529020738"
"Tiny","Terrorblade","415","212","203","0.5108433734939759","-0.5050018048417267"
"Razor","Enchantress","139","71","68","0.5107913669064749","-0.08721147620959227"
"Death Prophet","Dragon Knight","186","95","91","0.510752688172043","1.43488536266217"
"Beastmaster","Mirana","233","119","114","0.5107296137339056","0.3522042258498709"
"Centaur Warrunner","Shadow Demon","233","119","114","0.5107296137339056","0.11560463700116487"
"Disruptor","Shadow Fiend","141","72","69","0.5106382978723404","1.5193767923324857"
"Shadow Shaman","Centaur Warrunner","94","48","46","0.5106382978723404","1.1935643910036005"
"Shadow Shaman","Sand King","94","48","46","0.5106382978723404","1.1884164230520746"
"Batrider","Shadow Shaman","141","72","69","0.5106382978723404","0.909648713880832"
"Lina","Grimstroke","94","48","46","0.5106382978723404","0.7888068061739857"
"Undying","Centaur Warrunner","94","48","46","0.5106382978723404","0.4513423366946123"
"Disruptor","Kunkka","141","72","69","0.5106382978723404","-0.32638547149205915"
"Disruptor","Enchantress","188","96","92","0.5106382978723404","-0.5535309966514924"
"Dark Willow","Terrorblade","141","72","69","0.5106382978723404","-0.7356567280518918"
"Razor","Invoker","94","48","46","0.5106382978723404","-1.134480332847306"
"Shadow Demon","Dawnbreaker","94","48","46","0.5106382978723404","-2.4085343779471957"
"Shadow Shaman","Puck","237","121","116","0.510548523206751","0.34029727254600634"
"Disruptor","Dragon Knight","190","97","93","0.5105263157894737","0.6872796475677236"
"Storm Spirit","Hoodwink","333","170","163","0.5105105105105106","1.0849282148324844"
"Dragon Knight","Weaver","143","73","70","0.5104895104895105","0.4642433968800018"
"Venomancer","Monkey King","96","49","47","0.5104166666666666","1.525244170524505"
"Primal Beast","Brewmaster","96","49","47","0.5104166666666666","1.219348260311734"
"Snapfire","Elder Titan","96","49","47","0.5104166666666666","0.041529393278573634"
"Night Stalker","Ember Spirit","96","49","47","0.5104166666666666","-0.3066378555524408"
"Bristleback","Void Spirit","96","49","47","0.5104166666666666","-0.38001170501186404"
"Clockwerk","Tiny","578","295","283","0.5103806228373703","0.7956103335494996"
"Beastmaster","Earth Spirit","145","74","71","0.5103448275862069","-0.6819679784206596"
"Sven","Centaur Warrunner","145","74","71","0.5103448275862069","-0.8915267223721236"
"Ember Spirit","Shadow Shaman","194","99","95","0.5103092783505154","-0.03965474864972525"
"Storm Spirit","Slark","98","50","48","0.5102040816326531","1.521114370272528"
"Gyrocopter","Jakiro","147","75","72","0.5102040816326531","0.7666273492149971"
"Keeper of the Light","Grimstroke","147","75","72","0.5102040816326531","-1.891214851779588"
"Tiny","Undying","296","151","145","0.5101351351351351","0.704116381026703"
"Tiny","Queen of Pain","247","126","121","0.5101214574898786","0.1820839556945866"
"Pugna","Batrider","198","101","97","0.51010101010101","0.1845935574222895"
"Wraith King","Doom","149","76","73","0.5100671140939598","-0.08615821581467725"
"Timbersaw","Centaur Warrunner","149","76","73","0.5100671140939598","-1.2834204376134957"
"Anti-Mage","Morphling","100","51","49","0.51","1.9638390185883505"
"Brewmaster","Sven","100","51","49","0.51","1.2636641154487547"
"Brewmaster","Snapfire","100","51","49","0.51","1.0604328451631149"
"Dragon Knight","Silencer","100","51","49","0.51","0.034064815406743915"
"Dragon Knight","Luna","151","77","74","0.5099337748344371","1.0292489923998411"
"Hoodwink","Gyrocopter","202","103","99","0.5099009900990099","0.9341099943801077"
"Snapfire","Spectre","51","26","25","0.5098039215686274","2.196924745604625"
"Puck","Spectre","51","26","25","0.5098039215686274","2.0733865268063156"
"Marci","Medusa","51","26","25","0.5098039215686274","1.7180006712335298"
"Silencer","Queen of Pain","102","52","50","0.5098039215686274","1.382833150753779"
"Dragon Knight","Tinker","51","26","25","0.5098039215686274","1.0365247730487954"
"Shadow Demon","Troll Warlord","51","26","25","0.5098039215686274","0.9119975991649957"
"Ringmaster","Ancient Apparition","51","26","25","0.5098039215686274","0.8992519704827123"
"Pudge","Terrorblade","51","26","25","0.5098039215686274","0.8261362645722687"
"Queen of Pain","Phantom Lancer","51","26","25","0.5098039215686274","0.5458034254075994"
"Dragon Knight","Ursa","153","78","75","0.5098039215686274","0.3906899851005739"
"Sand King","Phantom Assassin","51","26","25","0.5098039215686274","0.337513481623216"
"Huskar","Pangolier","51","26","25","0.5098039215686274","0.1073762448195716"
"Primal Beast","Bloodseeker","51","26","25","0.5098039215686274","-0.02209506738475481"
"Anti-Mage","Tusk","51","26","25","0.5098039215686274","-0.34521869239233205"
"Lion","Sniper","51","26","25","0.5098039215686274","-0.3627021221870747"
"Riki","Rubick","102","52","50","0.5098039215686274","-0.43269840964912604"
"Clinkz","Shadow Fiend","51","26","25","0.5098039215686274","-0.5937544050790801"
"Dazzle","Weaver","51","26","25","0.5098039215686274","-0.889821673007023"
"Silencer","Venomancer","51","26","25","0.5098039215686274","-0.9981885546914778"
"Timbersaw","Legion Commander","51","26","25","0.5098039215686274","-1.063492857604206"
"Hoodwink","Ringmaster","102","52","50","0.5098039215686274","-1.8421757199271895"
"Chen","Viper","51","26","25","0.5098039215686274","-2.2576549483496744"
"Hoodwink","Witch Doctor","51","26","25","0.5098039215686274","-4.5552800469908945"
"Monkey King","Nature's Prophet","206","105","101","0.5097087378640777","1.3281308525989453"
"Pangolier","Phantom Assassin","155","79","76","0.5096774193548387","1.44817182981829"
"Muerta","Bristleback","155","79","76","0.5096774193548387","0.8537875419823814"
"Dragon Knight","Undying","155","79","76","0.5096774193548387","0.8494042892319847"
"Crystal Maiden","Tiny","310","158","152","0.5096774193548387","0.8107970067176287"
"Leshrac","Shadow Demon","104","53","51","0.5096153846153846","2.1666860640161483"
"Muerta","Invoker","104","53","51","0.5096153846153846","0.9102979895301565"
"Snapfire","Void Spirit","208","106","102","0.5096153846153846","0.8853558459319597"
"Winter Wyvern","Void Spirit","104","53","51","0.5096153846153846","-1.3260234171210672"
"Mars","Puck","365","186","179","0.5095890410958904","-0.6811861446636225"
"Lifestealer","Pangolier","157","80","77","0.5095541401273885","1.694826383987143"
"Mars","Sven","157","80","77","0.5095541401273885","0.42776754483354307"
"Batrider","Luna","157","80","77","0.5095541401273885","-0.9717590664186756"
"Underlord","Beastmaster","210","107","103","0.5095238095238095","0.47073061341195493"
"Gyrocopter","Dragon Knight","263","134","129","0.5095057034220533","1.9404968492823513"
"Clockwerk","Storm Spirit","316","161","155","0.509493670886076","-0.31838974066636283"
"Doom","Pangolier","422","215","207","0.509478672985782","-0.05911515393936769"
"Viper","Void Spirit","53","27","26","0.5094339622641509","1.2258292335875474"
"Bounty Hunter","Muerta","53","27","26","0.5094339622641509","1.0315243977127406"
"Troll Warlord","Timbersaw","53","27","26","0.5094339622641509","0.9873304971253237"
"Bane","Troll Warlord","53","27","26","0.5094339622641509","0.9690800643999118"
"Centaur Warrunner","Ancient Apparition","53","27","26","0.5094339622641509","0.9574081180651496"
"Slark","Abaddon","53","27","26","0.5094339622641509","0.5000790636735203"
"Templar Assassin","Clockwerk","212","108","104","0.5094339622641509","0.48421255648854256"
"Zeus","Morphling","53","27","26","0.5094339622641509","0.3498348887207027"
"Shadow Shaman","Earth Spirit","53","27","26","0.5094339622641509","-0.11650622051642265"
"Templar Assassin","Phoenix","159","81","78","0.5094339622641509","-0.18976805915387465"
"Bounty Hunter","Puck","53","27","26","0.5094339622641509","-0.3617230969622096"
"Pudge","Morphling","53","27","26","0.5094339622641509","-0.37570093937480037"
"Beastmaster","Sven","106","54","52","0.5094339622641509","-0.4297937095704667"
"Ringmaster","Ursa","53","27","26","0.5094339622641509","-0.45557476757527726"
"Juggernaut","Mirana","53","27","26","0.5094339622641509","-0.4840267155203199"
"Bloodseeker","Kunkka","53","27","26","0.5094339622641509","-0.5832119945172379"
"Death Prophet","Lifestealer","53","27","26","0.5094339622641509","-1.0674791212078092"
"Kunkka","Dragon Knight","161","82","79","0.5093167701863354","1.3527514175822357"
"Techies","Phoenix","108","55","53","0.5092592592592593","3.3810279648118575"
"Nature's Prophet","Grimstroke","108","55","53","0.5092592592592593","1.4669110468646023"
"Monkey King","Ogre Magi","108","55","53","0.5092592592592593","1.1346596786078176"
"Snapfire","Zeus","108","55","53","0.5092592592592593","0.9562693404876697"
"Lina","Marci","108","55","53","0.5092592592592593","-0.18700055075298877"
"Magnus","Spirit Breaker","108","55","53","0.5092592592592593","-0.2653762111344705"
"Tusk","Terrorblade","216","110","106","0.5092592592592593","-0.495054396943139"
"Vengeful Spirit","Phoenix","108","55","53","0.5092592592592593","-0.4970379857359368"
"Void Spirit","Phoenix","163","83","80","0.50920245398773","-0.3660652517480223"
"Mirana","Terrorblade","218","111","107","0.5091743119266054","1.4160001781773386"
"Techies","Ember Spirit","218","111","107","0.5091743119266054","0.054055143170646705"
"Venomancer","Dragon Knight","55","28","27","0.509090909090909","3.790587435767531"
"Broodmother","Lina","55","28","27","0.509090909090909","1.876413584926607"
"Slardar","Shadow Shaman","55","28","27","0.509090909090909","1.3807405417673506"
"Wraith King","Monkey King","55","28","27","0.509090909090909","1.3109991182900005"
"Viper","Sand King","55","28","27","0.509090909090909","1.1558490064527402"
"Broodmother","Tidehunter","55","28","27","0.509090909090909","1.0384924804014293"
"Necrophos","Dragon Knight","55","28","27","0.509090909090909","0.8080097237391539"
"Tusk","Juggernaut","55","28","27","0.509090909090909","0.17846485505211057"
"Disruptor","Venomancer","55","28","27","0.509090909090909","0.11977745987176433"
"Earthshaker","Razor","55","28","27","0.509090909090909","0.024223159326994"
"Broodmother","Invoker","55","28","27","0.509090909090909","-0.030046060175627592"
"Sniper","Invoker","55","28","27","0.509090909090909","-0.20094446920172226"
"Spirit Breaker","Brewmaster","55","28","27","0.509090909090909","-0.2822121639189199"
"Muerta","Timbersaw","110","56","54","0.509090909090909","-0.49631704200131366"
"Silencer","Jakiro","110","56","54","0.509090909090909","-0.8770710777456387"
"Lina","Leshrac","110","56","54","0.509090909090909","-1.0530673019779586"
"Queen of Pain","Lich","55","28","27","0.509090909090909","-1.3722597283106828"
"Underlord","Shadow Fiend","55","28","27","0.509090909090909","-1.9258432068640603"
"Spirit Breaker","Treant Protector","55","28","27","0.509090909090909","-2.0318329170847966"
"Axe","Timbersaw","55","28","27","0.509090909090909","-2.462435186663226"
"Phoenix","Snapfire","334","170","164","0.5089820359281437","0.7381790135114343"
"Magnus","Terrorblade","167","85","82","0.5089820359281437","0.16631776201319082"
"Tidehunter","Jakiro","167","85","82","0.5089820359281437","-0.03599914573734638"
"Undying","Magnus","112","57","55","0.5089285714285714","3.023243799556493"
"Rubick","Lion","224","114","110","0.5089285714285714","1.9843870037424345"
"Marci","Windranger","112","57","55","0.5089285714285714","1.1000144063834372"
"Warlock","Clockwerk","112","57","55","0.5089285714285714","-0.14370083387225815"
"Faceless Void","Enchantress","112","57","55","0.5089285714285714","-0.26831515973188275"
"Timbersaw","Grimstroke","112","57","55","0.5089285714285714","-0.5355672982341932"
"Pangolier","Centaur Warrunner","281","143","138","0.5088967971530249","-0.2636665057204385"
"Sand King","Monkey King","169","86","83","0.5088757396449705","2.5487898472550827"
"Sand King","Rubick","169","86","83","0.5088757396449705","1.2518203970007895"
"Primal Beast","Timbersaw","169","86","83","0.5088757396449705","0.8673302297516235"
"Tusk","Slardar","169","86","83","0.5088757396449705","0.6891096173310471"
"Kunkka","Weaver","169","86","83","0.5088757396449705","0.33191827475829766"
"Mars","Lifestealer","226","115","111","0.5088495575221239","-0.011064113021063296"
"Tusk","Dark Willow","283","144","139","0.508833922261484","0.6325998637338002"
"Abaddon","Invoker","57","29","28","0.5087719298245614","2.6027006801433044"
"Morphling","Bristleback","114","58","56","0.5087719298245614","0.8471671932310811"
"Earthshaker","Marci","114","58","56","0.5087719298245614","0.5157387001507052"
"Magnus","Leshrac","57","29","28","0.5087719298245614","0.5065148735399164"
"Oracle","Spirit Breaker","57","29","28","0.5087719298245614","0.4071282697814741"
"Night Stalker","Magnus","57","29","28","0.5087719298245614","-0.11892414345205238"
"Shadow Demon","Chaos Knight","57","29","28","0.5087719298245614","-0.6671638069787896"
"Brewmaster","Skywrath Mage","57","29","28","0.5087719298245614","-0.8307963379748892"
"Disruptor","Dark Seer","116","59","57","0.5086206896551724","-0.021402849429313163"
"Chaos Knight","Pangolier","116","59","57","0.5086206896551724","-0.054444882705614386"
"Sven","Tusk","116","59","57","0.5086206896551724","-1.458438237699995"
"Mirana","Nature's Prophet","175","89","86","0.5085714285714286","2.175399871003051"
"Centaur Warrunner","Enchantress","175","89","86","0.5085714285714286","0.5989952879487469"
"Treant Protector","Death Prophet","175","89","86","0.5085714285714286","0.49998705979986374"
"Storm Spirit","Jakiro","234","119","115","0.5085470085470085","0.16636759835792875"
"Ancient Apparition","Doom","59","30","29","0.5084745762711864","1.5762334660176676"
"Templar Assassin","Marci","118","60","58","0.5084745762711864","1.1728402989295275"
"Batrider","Techies","236","120","116","0.5084745762711864","0.8252058874043012"
"Weaver","Shadow Shaman","59","30","29","0.5084745762711864","-0.18830946795612308"
"Bloodseeker","Tusk","59","30","29","0.5084745762711864","-0.3289097586676507"
"Centaur Warrunner","Ursa","118","60","58","0.5084745762711864","-0.8301809972710846"
"Slark","Ursa","59","30","29","0.5084745762711864","-0.8336995701554609"
"Beastmaster","Techies","177","90","87","0.5084745762711864","-1.5335904029902643"
"Beastmaster","Lifestealer","59","30","29","0.5084745762711864","-2.143085084624409"
"Centaur Warrunner","Hoodwink","238","121","117","0.5084033613445378","0.8671353856600006"
"Ember Spirit","Batrider","417","212","205","0.5083932853717026","1.29085408921105"
"Crystal Maiden","Undying","120","61","59","0.5083333333333333","1.4062275699314837"
"Earthshaker","Disruptor","120","61","59","0.5083333333333333","0.9239163754482547"
"Void Spirit","Bloodseeker","120","61","59","0.5083333333333333","-0.045781378798617864"
"Pangolier","Batrider","482","245","237","0.508298755186722","0.8938143782847675"
"Kunkka","Muerta","61","31","30","0.5081967213114754","2.0114174138624454"
"Spirit Breaker","Ursa","61","31","30","0.5081967213114754","1.6326040311498915"
"Undying","Luna","61","31","30","0.5081967213114754","1.0582577778557047"
"Alchemist","Terrorblade","122","62","60","0.5081967213114754","0.640019913606475"
"Faceless Void","Earthshaker","61","31","30","0.5081967213114754","0.1576497370518821"
"Primal Beast","Drow Ranger","61","31","30","0.5081967213114754","-1.1505772103998706"
"Clockwerk","Nature's Prophet","185","94","91","0.5081081081081081","0.4261613777867769"
"Centaur Warrunner","Morphling","124","63","61","0.5080645161290323","1.0459520665930313"
"Timbersaw","Tiny","372","189","183","0.5080645161290323","0.6233142307815233"
"Dragon Knight","Hoodwink","372","189","183","0.5080645161290323","0.0881344390119468"
"Magnus","Shadow Demon","124","63","61","0.5080645161290323","-0.7666038948811085"
"Kunkka","Timbersaw","187","95","92","0.5080213903743316","-0.6663802239138412"
"Warlock","Phantom Assassin","63","32","31","0.5079365079365079","4.467941935475892"
"Underlord","Lifestealer","63","32","31","0.5079365079365079","3.7984629804399472"
"Terrorblade","Visage","63","32","31","0.5079365079365079","2.032862898214376"
"Omniknight","Tusk","63","32","31","0.5079365079365079","1.9855342756464112"
"Enchantress","Bounty Hunter","63","32","31","0.5079365079365079","1.3391897603557812"
"Death Prophet","Tusk","189","96","93","0.5079365079365079","1.3105914498941043"
"Bounty Hunter","Doom","63","32","31","0.5079365079365079","1.2586106386678582"
"Mirana","Troll Warlord","63","32","31","0.5079365079365079","0.9070384146244346"
"Rubick","Tusk","441","224","217","0.5079365079365079","0.5515032421596182"
"Doom","Ogre Magi","63","32","31","0.5079365079365079","0.1181899015242609"
"Treant Protector","Nature's Prophet","189","96","93","0.5079365079365079","0.008835927636660659"
"Viper","Grimstroke","63","32","31","0.5079365079365079","-0.07148475582005627"
"Leshrac","Mirana","189","96","93","0.5079365079365079","-0.3192880717331879"
"Oracle","Terrorblade","63","32","31","0.5079365079365079","-0.6642970891285859"
"Mirana","Omniknight","63","32","31","0.5079365079365079","-0.9363958500210088"
"Slark","Templar Assassin","63","32","31","0.5079365079365079","-2.372285186894392"
"Disruptor","Invoker","128","65","63","0.5078125","0.8951951660061492"
"Muerta","Phoenix","256","130","126","0.5078125","0.8270874949713851"
"Sand King","Templar Assassin","128","65","63","0.5078125","-0.026535931029356474"
"Ancient Apparition","Medusa","65","33","32","0.5076923076923077","4.7638879347131295"
"Marci","Bloodseeker","65","33","32","0.5076923076923077","2.238455876863194"
"Luna","Monkey King","130","66","64","0.5076923076923077","2.1913891059515285"
"Disruptor","Templar Assassin","195","99","96","0.5076923076923077","0.9738935639419695"
"Ogre Magi","Razor","65","33","32","0.5076923076923077","0.8983104631877622"
"Wraith King","Clockwerk","65","33","32","0.5076923076923077","0.49617449618856035"
"Kunkka","Storm Spirit","195","99","96","0.5076923076923077","0.3226712778308778"
"Morphling","Lina","130","66","64","0.5076923076923077","0.24222486566597642"
"Beastmaster","Vengeful Spirit","65","33","32","0.5076923076923077","0.23741986328079334"
"Ursa","Terrorblade","130","66","64","0.5076923076923077","0.1911028037252369"
"Weaver","Jakiro","130","66","64","0.5076923076923077","-0.012642693229039336"
"Void Spirit","Primal Beast","65","33","32","0.5076923076923077","-0.24390107996422766"
"Troll Warlord","Morphling","65","33","32","0.5076923076923077","-0.9342649543870305"
"Phantom Assassin","Magnus","65","33","32","0.5076923076923077","-1.1192193242268935"
"Dragon Knight","Bounty Hunter","65","33","32","0.5076923076923077","-1.1676411621589506"
"Lycan","Kunkka","65","33","32","0.5076923076923077","-1.6563229744510166"
"Pudge","Mars","65","33","32","0.5076923076923077","-1.696908484408942"
"Earthshaker","Timbersaw","65","33","32","0.5076923076923077","-1.936811025480991"
"Hoodwink","Lion","197","100","97","0.5076142131979695","1.0586317176552495"
"Tiny","Phoenix","396","201","195","0.5075757575757576","0.48367080915510524"
"Kunkka","Snapfire","199","101","98","0.507537688442211","0.24641484571912733"
"Dragon Knight","Keeper of the Light","199","101","98","0.507537688442211","-0.33073181891352954"
"Phantom Assassin","Keeper of the Light","67","34","33","0.5074626865671642","4.124917006264221"
"Mars","Dazzle","67","34","33","0.5074626865671642","3.770909086028987"
"Io","Chaos Knight","67","34","33","0.5074626865671642","2.5029167401979193"
"Axe","Enchantress","67","34","33","0.5074626865671642","1.7417442613823537"
"Chaos Knight","Death Prophet","134","68","66","0.5074626865671642","0.9061695770749872"
"Shadow Fiend","Zeus","67","34","33","0.5074626865671642","0.05056089521380865"
"Sniper","Mars","67","34","33","0.5074626865671642","-0.3974025100208782"
"Shadow Fiend","Drow Ranger","67","34","33","0.5074626865671642","-1.0422612876763084"
"Skywrath Mage","Mars","136","69","67","0.5073529411764706","0.6065343067544269"
"Enchantress","Beastmaster","341","173","168","0.5073313782991202","0.25811421633094317"
"Lina","Abaddon","69","35","34","0.5072463768115942","3.6291911017496066"
"Underlord","Chen","69","35","34","0.5072463768115942","2.653777807089988"
"Snapfire","Necrophos","69","35","34","0.5072463768115942","2.3205556091107513"
"Earthshaker","Dark Seer","69","35","34","0.5072463768115942","2.0106711894016045"
"Queen of Pain","Lycan","69","35","34","0.5072463768115942","1.8234201037715523"
"Ringmaster","Mars","69","35","34","0.5072463768115942","1.7080716108891143"
"Skywrath Mage","Magnus","69","35","34","0.5072463768115942","0.7028013908984189"
"Nyx Assassin","Shadow Shaman","69","35","34","0.5072463768115942","0.5818448166489268"
"Underlord","Naga Siren","69","35","34","0.5072463768115942","0.5658276515376818"
"Razor","Sand King","69","35","34","0.5072463768115942","0.5131391122319005"
"Dragon Knight","Tidehunter","138","70","68","0.5072463768115942","0.3665341380940553"
"Lina","Pangolier","207","105","102","0.5072463768115942","-0.012224384732276999"
"Mars","Gyrocopter","207","105","102","0.5072463768115942","-0.08179018699783061"
"Morphling","Vengeful Spirit","69","35","34","0.5072463768115942","-0.3288237756364293"
"Broodmother","Enchantress","69","35","34","0.5072463768115942","-0.5724019090183615"
"Axe","Void Spirit","69","35","34","0.5072463768115942","-1.2155693219992323"
"Sand King","Nature's Prophet","69","35","34","0.5072463768115942","-2.5017999199404133"
"Tusk","Bristleback","209","106","103","0.507177033492823","-0.7220581184850695"
"Templar Assassin","Undying","140","71","69","0.5071428571428571","1.3830203150475997"
"Templar Assassin","Tidehunter","140","71","69","0.5071428571428571","1.230972533811564"
"Jakiro","Chen","140","71","69","0.5071428571428571","1.18592915722951"
"Io","Puck","140","71","69","0.5071428571428571","-2.136645008029472"
"Nature's Prophet","Primal Beast","211","107","104","0.5071090047393365","-0.0011563803575135568"
"Gyrocopter","Pangolier","282","143","139","0.5070921985815603","0.3270260665670011"
"Death Prophet","Tiny","353","179","174","0.5070821529745042","0.8518019035363262"
"Vengeful Spirit","Void Spirit","71","36","35","0.5070422535211268","2.160921728060523"
"Nature's Prophet","Morphling","142","72","70","0.5070422535211268","0.9636855993085179"
"Crystal Maiden","Broodmother","142","72","70","0.5070422535211268","0.5115393375306532"
"Ursa","Slardar","71","36","35","0.5070422535211268","0.3376641493241497"
"Muerta","Ember Spirit","142","72","70","0.5070422535211268","0.23680061067145217"
"Lina","Lycan","71","36","35","0.5070422535211268","-0.16418335452162122"
"Sven","Naga Siren","71","36","35","0.5070422535211268","-0.2786654969060458"
"Doom","Venomancer","71","36","35","0.5070422535211268","-0.3579048110701371"
"Chaos Knight","Morphling","71","36","35","0.5070422535211268","-0.48986834695340326"
"Tidehunter","Centaur Warrunner","142","72","70","0.5070422535211268","-1.12240092045597"
"Gyrocopter","Ogre Magi","71","36","35","0.5070422535211268","-1.1355026620712387"
"Tidehunter","Marci","71","36","35","0.5070422535211268","-1.2487360345491754"
"Doom","Underlord","144","73","71","0.5069444444444444","0.36995266215558614"
"Storm Spirit","Muerta","144","73","71","0.5069444444444444","-0.011069358361534345"
"Dark Willow","Templar Assassin","144","73","71","0.5069444444444444","-1.16212674526673"
"Shadow Demon","Morphling","217","110","107","0.5069124423963134","0.15161945594252518"
"Rubick","Kunkka","217","110","107","0.5069124423963134","-0.8529032639911531"
"Mars","Grimstroke","290","147","143","0.506896551724138","0.5252379971350406"
"Viper","Queen of Pain","73","37","36","0.5068493150684932","1.8272062142768688"
"Lich","Muerta","73","37","36","0.5068493150684932","1.5520400114305533"
"Lina","Primal Beast","73","37","36","0.5068493150684932","1.4142220080459655"
"Spectre","Mars","73","37","36","0.5068493150684932","-1.3097858346359075"
"Leshrac","Sniper","73","37","36","0.5068493150684932","-1.4406579110702542"
"Timbersaw","Warlock","73","37","36","0.5068493150684932","-1.4809283912449487"
"Dragon Knight","Storm Spirit","369","187","182","0.5067750677506775","-0.664622429923652"
"Sven","Ember Spirit","148","75","73","0.5067567567567568","0.8275057835125226"
"Centaur Warrunner","Nature's Prophet","148","75","73","0.5067567567567568","0.38697143267580714"
"Abaddon","Pangolier","148","75","73","0.5067567567567568","0.2861413393547373"
"Medusa","Muerta","75","38","37","0.5066666666666667","3.9384884865049177"
"Shadow Fiend","Lich","75","38","37","0.5066666666666667","2.5461714714501755"
"Templar Assassin","Hoodwink","225","114","111","0.5066666666666667","1.2076810673287914"
"Magnus","Batrider","225","114","111","0.5066666666666667","0.09679128519584998"
"Oracle","Doom","75","38","37","0.5066666666666667","-0.5914424566303257"
"Juggernaut","Storm Spirit","75","38","37","0.5066666666666667","-0.6686674837667689"
"Nature's Prophet","Underlord","75","38","37","0.5066666666666667","-1.3472746764065946"
"Ember Spirit","Earth Spirit","152","77","75","0.506578947368421","-0.7512770908084877"
"Void Spirit","Shadow Shaman","77","39","38","0.5064935064935064","2.249024217930852"
"Pangolier","Riki","77","39","38","0.5064935064935064","1.6982542584626192"
"Bristleback","Kunkka","77","39","38","0.5064935064935064","1.6939901941035738"
"Wraith King","Faceless Void","77","39","38","0.5064935064935064","0.8241137665289433"
"Clockwerk","Razor","154","78","76","0.5064935064935064","0.5691768105235852"
"Crystal Maiden","Snapfire","154","78","76","0.5064935064935064","0.5121257134699738"
"Templar Assassin","Centaur Warrunner","154","78","76","0.5064935064935064","0.038306317736684234"
"Pangolier","Underlord","154","78","76","0.5064935064935064","-0.1411409668018927"
"Luna","Storm Spirit","156","79","77","0.5064102564102564","0.13542765724862865"
"Lion","Io","79","40","39","0.5063291139240507","3.468107946193777"
"Nature's Prophet","Chen","79","40","39","0.5063291139240507","2.2534235814862447"
"Lifestealer","Luna","79","40","39","0.5063291139240507","2.070357081758087"
"Grimstroke","Shadow Demon","158","80","78","0.5063291139240507","1.897622225726773"
"Leshrac","Medusa","79","40","39","0.5063291139240507","1.1243810339076281"
"Muerta","Terrorblade","158","80","78","0.5063291139240507","-0.22063384903097236"
"Storm Spirit","Drow Ranger","79","40","39","0.5063291139240507","-0.7306162781905899"
"Silencer","Bloodseeker","79","40","39","0.5063291139240507","-1.7831281846377234"
"Beastmaster","Pangolier","478","242","236","0.5062761506276151","-0.3912679834699289"
"Clockwerk","Earth Spirit","160","81","79","0.50625","1.2580196263505348"
"Mars","Wraith King","160","81","79","0.50625","0.44355185184909657"
"Lina","Queen of Pain","160","81","79","0.50625","0.30878627098362443"
"Batrider","Tidehunter","241","122","119","0.5062240663900415","-0.09015868076344438"
"Terrorblade","Lich","81","41","40","0.5061728395061729","3.634312380239508"
"Luna","Treant Protector","81","41","40","0.5061728395061729","1.3659645870913504"
"Zeus","Mars","81","41","40","0.5061728395061729","0.6216008409400153"
"Bristleback","Keeper of the Light","81","41","40","0.5061728395061729","0.004811027011061017"
"Mars","Marci","162","82","80","0.5061728395061729","-0.7787938876370548"
"Bane","Disruptor","245","124","121","0.5061224489795918","-1.4857435104386958"
"Gyrocopter","Disruptor","164","83","81","0.5060975609756098","0.059141866396641915"
"Phoenix","Sniper","83","42","41","0.5060240963855421","1.7138978269520933"
"Shadow Demon","Slark","83","42","41","0.5060240963855421","1.6662650785458655"
"Centaur Warrunner","Clockwerk","166","84","82","0.5060240963855421","1.6173342717281851"
"Phantom Assassin","Phoenix","83","42","41","0.5060240963855421","0.9486683607009228"
"Enigma","Ember Spirit","166","84","82","0.5060240963855421","0.0807890242690195"
"Sven","Ursa","83","42","41","0.5060240963855421","-0.3611024759054719"
"Abaddon","Enchantress","83","42","41","0.5060240963855421","-1.206736655486058"
"Dark Seer","Enchantress","83","42","41","0.5060240963855421","-1.7112114717269837"
"Puck","Pugna","168","85","83","0.5059523809523809","0.7830098488876377"
"Snapfire","Sand King","168","85","83","0.5059523809523809","-0.15522129408337784"
"Shadow Demon","Weaver","168","85","83","0.5059523809523809","-1.0965663391284068"
"Gyrocopter","Dark Seer","85","43","42","0.5058823529411764","3.559746275105704"
"Medusa","Invoker","85","43","42","0.5058823529411764","3.2508503625578755"
"Slark","Terrorblade","85","43","42","0.5058823529411764","1.7649477752153524"
"Viper","Death Prophet","85","43","42","0.5058823529411764","1.2343396350023046"
"Puck","Troll Warlord","85","43","42","0.5058823529411764","0.9260316928113806"
"Undying","Shadow Shaman","85","43","42","0.5058823529411764","-1.1259168330217555"
"Muerta","Hoodwink","170","86","84","0.5058823529411764","-1.2413145683983868"
"Mirana","Dark Seer","85","43","42","0.5058823529411764","-1.700754791110709"
"Mars","Spirit Breaker","172","87","85","0.5058139534883721","-0.6471739784955014"
"Queen of Pain","Batrider","346","175","171","0.5057803468208093","1.3478945880570827"
"Rubick","Marci","174","88","86","0.5057471264367817","1.0975645935435652"
"Nature's Prophet","Spectre","87","44","43","0.5057471264367817","1.084610747360831"
"Dark Seer","Nature's Prophet","87","44","43","0.5057471264367817","0.8082557082128824"
"Mirana","Weaver","87","44","43","0.5057471264367817","0.7349503232517357"
"Monkey King","Elder Titan","87","44","43","0.5057471264367817","-0.46134717637430095"
"Medusa","Terrorblade","174","88","86","0.5057471264367817","-0.6106759253436183"
"Weaver","Lina","87","44","43","0.5057471264367817","-0.7519065350131123"
"Shadow Demon","Disruptor","176","89","87","0.5056818181818182","1.3540372098589004"
"Beastmaster","Magnus","176","89","87","0.5056818181818182","-0.5286750469542101"
"Weaver","Muerta","89","45","44","0.5056179775280899","1.983007457067494"
"Medusa","Dragon Knight","178","90","88","0.5056179775280899","1.7346668673574785"
"Death Prophet","Pugna","89","45","44","0.5056179775280899","0.8104237916209409"
"Leshrac","Queen of Pain","89","45","44","0.5056179775280899","-0.6372398729716188"
"Pugna","Timbersaw","180","91","89","0.5055555555555555","-0.3864500882008468"
"Lion","Snapfire","180","91","89","0.5055555555555555","-1.2204695563683656"
"Storm Spirit","Mars","362","183","179","0.505524861878453","0.10312174445753719"
"Ember Spirit","Tiny","726","367","359","0.5055096418732782","0.3434410135572334"
"Venomancer","Pangolier","91","46","45","0.5054945054945055","2.619097676016798"
"Pangolier","Silencer","182","92","90","0.5054945054945055","2.163278431669778"
"Doom","Windranger","182","92","90","0.5054945054945055","1.4212537744041596"
"Phoenix","Night Stalker","93","47","46","0.5053763440860215","4.449474970769743"
"Nature's Prophet","Pugna","93","47","46","0.5053763440860215","1.0755990682809613"
"Ogre Magi","Batrider","93","47","46","0.5053763440860215","-0.0316843263518478"
"Lycan","Tidehunter","93","47","46","0.5053763440860215","-0.2854568581631728"
"Sniper","Rubick","93","47","46","0.5053763440860215","-0.39375416532835794"
"Snapfire","Viper","93","47","46","0.5053763440860215","-0.5591431457746016"
"Faceless Void","Death Prophet","93","47","46","0.5053763440860215","-1.205646958917144"
"Doom","Keeper of the Light","188","95","93","0.5053191489361702","0.7694751345144601"
"Tiny","Gyrocopter","376","190","186","0.5053191489361702","0.5567407985605606"
"Ember Spirit","Tidehunter","283","143","140","0.5053003533568905","0.06113514788536045"
"Windranger","Sand King","95","48","47","0.5052631578947369","1.3315877523799793"
"Leshrac","Naga Siren","95","48","47","0.5052631578947369","1.1975730239581854"
"Skywrath Mage","Tidehunter","95","48","47","0.5052631578947369","0.7856083831933077"
"Weaver","Medusa","95","48","47","0.5052631578947369","0.6492786013531598"
"Faceless Void","Treant Protector","95","48","47","0.5052631578947369","0.5335173035539128"
"Clockwerk","Ember Spirit","380","192","188","0.5052631578947369","0.09725695831902073"
"Abaddon","Gyrocopter","95","48","47","0.5052631578947369","-0.23904983986391365"
"Windranger","Storm Spirit","192","97","95","0.5052083333333334","0.21480535672617043"
"Dark Seer","Tiny","194","98","96","0.5051546391752577","1.066795289265101"
"Bristleback","Magnus","97","49","48","0.5051546391752577","0.7731562959427274"
"Viper","Batrider","97","49","48","0.5051546391752577","0.3720633091426844"
"Pugna","Enchantress","196","99","97","0.5051020408163265","1.3430709145148294"
"Brewmaster","Dark Seer","99","50","49","0.5050505050505051","0.4462353038972751"
"Faceless Void","Monkey King","99","50","49","0.5050505050505051","0.39991346229909014"
"Lina","Enigma","99","50","49","0.5050505050505051","0.15469782020126702"
"Beastmaster","Shadow Shaman","99","50","49","0.5050505050505051","-0.42781418091089785"
"Dragon Knight","Lifestealer","99","50","49","0.5050505050505051","-0.7261530765113208"
"Bloodseeker","Keeper of the Light","101","51","50","0.504950495049505","2.7274255547847552"
"Magnus","Kunkka","101","51","50","0.504950495049505","1.1665843146001023"
"Dark Willow","Bane","101","51","50","0.504950495049505","0.6415040142672528"
"Shadow Fiend","Hoodwink","202","102","100","0.504950495049505","0.32331347670753324"
"Hoodwink","Troll Warlord","101","51","50","0.504950495049505","0.17730725513977846"
"Earthshaker","Pangolier","204","103","101","0.5049019607843137","-0.1849236709090003"
"Invoker","Pugna","103","52","51","0.5048543689320388","1.6403471462450931"
"Doom","Earth Spirit","103","52","51","0.5048543689320388","1.2370334691738218"
"Shadow Fiend","Nature's Prophet","103","52","51","0.5048543689320388","0.3805118761144014"
"Gyrocopter","Clockwerk","206","104","102","0.5048543689320388","0.3706313211745354"
"Sven","Void Spirit","103","52","51","0.5048543689320388","-0.47877209084637445"
"Tidehunter","Windranger","103","52","51","0.5048543689320388","-0.5680152125264482"
"Pangolier","Juggernaut","105","53","52","0.5047619047619047","1.0039254666040496"
"Morphling","Drow Ranger","105","53","52","0.5047619047619047","0.38542205347667335"
"Clockwerk","Sniper","105","53","52","0.5047619047619047","-0.6342368779300014"
"Razor","Disruptor","105","53","52","0.5047619047619047","-1.0630901964635542"
"Earth Spirit","Dawnbreaker","105","53","52","0.5047619047619047","-2.149930193351119"
"Pangolier","Ember Spirit","646","326","320","0.5046439628482973","0.08583733181558896"
"Tiny","Underlord","216","109","107","0.5046296296296297","0.04056942636059429"
"Ember Spirit","Phoenix","325","164","161","0.5046153846153846","0.9091268222159599"
"Primal Beast","Dark Willow","109","55","54","0.5045871559633027","1.02774792806627"
"Shadow Shaman","Kunkka","109","55","54","0.5045871559633027","-0.20707350628701038"
"Lifestealer","Shadow Demon","109","55","54","0.5045871559633027","-0.38806040632289746"
"Undying","Storm Spirit","218","110","108","0.5045871559633027","-0.6098999246672048"
"Tusk","Mars","329","166","163","0.5045592705167173","1.5629547086656939"
"Grimstroke","Rubick","220","111","109","0.5045454545454545","-0.8860552710473739"
"Marci","Tiny","442","223","219","0.504524886877828","0.4198453054019028"
"Terrorblade","Shadow Fiend","111","56","55","0.5045045045045045","1.9356164128428586"
"Mars","Elder Titan","111","56","55","0.5045045045045045","1.8154910655764454"
"Dark Willow","Tidehunter","111","56","55","0.5045045045045045","0.8716166510617717"
"Bloodseeker","Mars","111","56","55","0.5045045045045045","0.8405370015388348"
"Timbersaw","Tusk","228","115","113","0.5043859649122807","1.012692538193009"
"Ember Spirit","Storm Spirit","684","345","339","0.5043859649122807","-0.06682095432425054"
"Enchantress","Phoenix","228","115","113","0.5043859649122807","-0.4430055026227797"
"Dragon Knight","Earth Spirit","115","58","57","0.5043478260869565","-0.6170126502633052"
"Invoker","Sand King","115","58","57","0.5043478260869565","-1.2063145165947518"
"Sven","Primal Beast","115","58","57","0.5043478260869565","-2.5223267576842545"
"Shadow Demon","Tiny","347","175","172","0.5043227665706052","-0.10938983641109101"
"Ember Spirit","Sand King","232","117","115","0.5043103448275862","1.231385610219641"
"Batrider","Lich","117","59","58","0.5042735042735043","-0.19979320849254598"
"Troll Warlord","Tusk","117","59","58","0.5042735042735043","-0.5427020150631504"
"Void Spirit","Underlord","119","60","59","0.5042016806722689","1.4929445239978196"
"Hoodwink","Axe","119","60","59","0.5042016806722689","1.0529414547033245"
"Morphling","Clockwerk","240","121","119","0.5041666666666667","0.9465726236687869"
"Treant Protector","Lina","121","61","60","0.5041322314049587","1.7011658928719415"
"Luna","Gyrocopter","121","61","60","0.5041322314049587","-0.11933932952450306"
"Shadow Demon","Luna","121","61","60","0.5041322314049587","-0.5269919329102549"
"Enchantress","Earth Spirit","123","62","61","0.5040650406504065","0.6674088189686193"
"Shadow Shaman","Templar Assassin","123","62","61","0.5040650406504065","0.41262022630687684"
"Storm Spirit","Dawnbreaker","123","62","61","0.5040650406504065","-0.2922440786204691"
"Storm Spirit","Timbersaw","246","124","122","0.5040650406504065","-0.2950753106168552"
"Keeper of the Light","Ember Spirit","248","125","123","0.5040322580645161","-2.0250345981756763"
"Warlock","Shadow Shaman","125","63","62","0.504","-0.5151267572241832"
"Tidehunter","Weaver","125","63","62","0.504","-0.5419433450798833"
"Phoenix","Pugna","127","64","63","0.5039370078740157","0.755600843359222"
"Razor","Leshrac","127","64","63","0.5039370078740157","0.35081259153678984"
"Enchantress","Dragon Knight","256","129","127","0.50390625","-0.08420692843065547"
"Tusk","Hoodwink","385","194","191","0.5038961038961038","-0.45330746468264266"
"Phoenix","Underlord","129","65","64","0.5038759689922481","0.8071248821256539"
"Clockwerk","Naga Siren","129","65","64","0.5038759689922481","0.3257831227647261"
"Brewmaster","Shadow Demon","129","65","64","0.5038759689922481","0.006100221310402498"
"Disruptor","Dark Willow","129","65","64","0.5038759689922481","0.00006864000770230787"
"Sven","Terrorblade","129","65","64","0.5038759689922481","-0.10759225951803746"
"Dark Seer","Clockwerk","129","65","64","0.5038759689922481","-0.655136119432225"
"Mirana","Disruptor","260","131","129","0.5038461538461538","0.5424141755287394"
"Marci","Tusk","260","131","129","0.5038461538461538","-0.10011451091101609"
"Lycan","Bane","131","66","65","0.5038167938931297","-0.5446237057165149"
"Night Stalker","Beastmaster","131","66","65","0.5038167938931297","-0.7401674320356034"
"Mars","Night Stalker","135","68","67","0.5037037037037037","1.407361318983418"
"Keeper of the Light","Skywrath Mage","135","68","67","0.5037037037037037","-0.048552604448102055"
"Underlord","Snapfire","135","68","67","0.5037037037037037","-0.12118845543054235"
"Batrider","Ursa","135","68","67","0.5037037037037037","-1.1053799442700412"
"Techies","Puck","137","69","68","0.5036496350364964","1.5221876982031002"
"Luna","Weaver","137","69","68","0.5036496350364964","0.7708059935973051"
"Gyrocopter","Queen of Pain","137","69","68","0.5036496350364964","-0.08615585326357206"
"Viper","Hoodwink","139","70","69","0.5035971223021583","1.7034816560419064"
"Monkey King","Pugna","139","70","69","0.5035971223021583","-1.7232428946957685"
"Gyrocopter","Doom","141","71","70","0.5035460992907801","1.751927292683068"
"Mars","Warlock","141","71","70","0.5035460992907801","-1.071667701247347"
"Snapfire","Pangolier","425","214","211","0.5035294117647059","-0.4228477155310483"
"Batrider","Disruptor","288","145","143","0.5034722222222222","-1.4287689452518453"
"Disruptor","Ember Spirit","298","150","148","0.5033557046979866","0.5787483186590768"
"Queen of Pain","Dark Willow","149","75","74","0.5033557046979866","-1.428959781218529"
"Tiny","Invoker","302","152","150","0.5033112582781457","-0.11730305518653568"
"Mars","Templar Assassin","306","154","152","0.5032679738562091","0.0454937688198455"
"Nyx Assassin","Beastmaster","155","78","77","0.5032258064516129","1.7033082342562302"
"Monkey King","Tidehunter","155","78","77","0.5032258064516129","1.249100660624012"
"Keeper of the Light","Shadow Demon","155","78","77","0.5032258064516129","-0.2674631103069019"
"Skywrath Mage","Storm Spirit","157","79","78","0.5031847133757962","-0.26880601737958626"
"Beastmaster","Doom","314","158","156","0.5031847133757962","-0.6017273611836312"
"Sven","Storm Spirit","157","79","78","0.5031847133757962","-1.142053019124758"
"Disruptor","Void Spirit","159","80","79","0.5031446540880503","0.9238104746576188"
"Beastmaster","Puck","324","163","161","0.5030864197530864","-1.4733046357434707"
"Rubick","Crystal Maiden","326","164","162","0.5030674846625767","-0.1266533901500959"
"Monkey King","Shadow Demon","165","83","82","0.503030303030303","-1.7467659598445655"
"Alchemist","Puck","169","85","84","0.5029585798816568","0.8450706029170623"
"Pugna","Rubick","173","87","86","0.5028901734104047","0.7715305547712716"
"Snapfire","Skywrath Mage","173","87","86","0.5028901734104047","-1.7058488154899432"
"Hoodwink","Morphling","175","88","87","0.5028571428571429","0.3284494074486784"
"Io","Ember Spirit","177","89","88","0.5028248587570622","0.8813313974174457"
"Shadow Shaman","Jakiro","177","89","88","0.5028248587570622","0.22504313481671345"
"Batrider","Keeper of the Light","177","89","88","0.5028248587570622","-0.46319691738463414"
"Snapfire","Tusk","356","179","177","0.5028089887640449","0.5531679499771546"
"Batrider","Puck","358","180","178","0.5027932960893855","-0.09644946065283348"
"Faceless Void","Tusk","179","90","89","0.5027932960893855","-0.6365436092422955"
"Enchantress","Nature's Prophet","179","90","89","0.5027932960893855","-1.195930495527865"
"Void Spirit","Monkey King","181","91","90","0.5027624309392266","1.5709902374867317"
"Terrorblade","Gyrocopter","181","91","90","0.5027624309392266","0.10715938929364167"
"Pangolier","Brewmaster","181","91","90","0.5027624309392266","-0.4538809773922699"
"Rubick","Doom","368","185","183","0.5027173913043478","1.220415018494781"
"Phoenix","Gyrocopter","191","96","95","0.5026178010471204","1.4577265318757082"
"Tusk","Lina","191","96","95","0.5026178010471204","-0.06303841777347544"
"Snapfire","Windranger","191","96","95","0.5026178010471204","-0.39597309167623806"
"Ember Spirit","Hoodwink","382","192","190","0.5026178010471204","-0.4052663208935071"
"Doom","Primal Beast","191","96","95","0.5026178010471204","-1.0593777934861595"
"Disruptor","Queen of Pain","193","97","96","0.5025906735751295","-0.21109585049593446"
"Puck","Luna","193","97","96","0.5025906735751295","-1.447572146768145"
"Tidehunter","Tusk","195","98","97","0.5025641025641026","1.933109388090944"
"Queen of Pain","Shadow Demon","195","98","97","0.5025641025641026","-0.1700630720368403"
"Primal Beast","Beastmaster","197","99","98","0.5025380710659898","0.9261867687411667"
"Shadow Fiend","Rubick","197","99","98","0.5025380710659898","-1.3681922097264954"
"Undying","Mars","205","103","102","0.5024390243902439","1.0011691400585208"
"Phoenix","Mars","209","105","104","0.5023923444976076","0.46990697497363587"
"Luna","Pangolier","211","106","105","0.5023696682464455","1.060539531129081"
"Enchantress","Undying","213","107","106","0.5023474178403756","1.0121198873138204"
"Tiny","Earthshaker","213","107","106","0.5023474178403756","0.5334260918871507"
"Pangolier","Sven","215","108","107","0.5023255813953489","0.13370348176708233"
"Pangolier","Tiny","717","360","357","0.502092050209205","-0.19765148134578775"
"Batrider","Phoenix","241","121","120","0.5020746887966805","-0.36637739588902346"
"Batrider","Dark Willow","241","121","120","0.5020746887966805","-1.0779698648585831"
"Puck","Tiny","502","252","250","0.50199203187251","0.0791315644301911"
"Mars","Pangolier","518","260","258","0.5019305019305019","-0.26422483050456164"
"Beastmaster","Tidehunter","261","131","130","0.5019157088122606","-0.4926808823177419"
"Pangolier","Undying","267","134","133","0.50187265917603","0.723749058948562"
"Clockwerk","Mars","281","141","140","0.501779359430605","1.2177321569101558"
"Clockwerk","Dragon Knight","287","144","143","0.5017421602787456","0.37470988304195485"
"Monkey King","Beastmaster","289","145","144","0.5017301038062284","-0.4667060310875587"
"Batrider","Morphling","291","146","145","0.5017182130584192","-0.6530873602658336"
"Shadow Demon","Puck","309","155","154","0.5016181229773463","-0.16172634213340087"
"Tiny","Centaur Warrunner","335","168","167","0.5014925373134328","0.044539618436411355"
"Puck","Kez","56","28","28","0.5","3.5056633588344432"
"Enigma","Slark","50","25","25","0.5","2.957374664421343"
"Enchantress","Omniknight","50","25","25","0.5","2.911564553305085"
"Vengeful Spirit","Rubick","108","54","54","0.5","2.88003011438509"
"Io","Lifestealer","50","25","25","0.5","2.807038975074148"
"Pugna","Marci","58","29","29","0.5","2.7411088493490565"
"Night Stalker","Tidehunter","82","41","41","0.5","2.7356511578041456"
"Terrorblade","Shadow Shaman","130","65","65","0.5","2.7280428291685728"
"Phantom Assassin","Earth Spirit","62","31","31","0.5","2.680526382832517"
"Slardar","Axe","82","41","41","0.5","2.5565127120169753"
"Lich","Lion","80","40","40","0.5","2.520487158859451"
"Death Prophet","Tidehunter","110","55","55","0.5","2.4853343647463353"
"Morphling","Faceless Void","140","70","70","0.5","2.3871241937698957"
"Brewmaster","Underlord","70","35","35","0.5","2.3652140071368364"
"Undying","Invoker","78","39","39","0.5","2.3384535589416253"
"Enigma","Lich","50","25","25","0.5","2.266803375614124"
"Chaos Knight","Brewmaster","62","31","31","0.5","2.252702563497733"
"Lifestealer","Lion","76","38","38","0.5","2.207290270780233"
"Enchantress","Ogre Magi","90","45","45","0.5","2.1683373920091533"
"Earthshaker","Nyx Assassin","60","30","30","0.5","2.1377183176190084"
"Timbersaw","Lycan","84","42","42","0.5","2.1087790003745406"
"Death Prophet","Underlord","50","25","25","0.5","2.0968998605995677"
"Void Spirit","Timbersaw","166","83","83","0.5","2.0899792732659215"
"Shadow Fiend","Sven","92","46","46","0.5","2.0717114732058137"
"Tidehunter","Enchantress","138","69","69","0.5","2.0282056377156805"
"Abaddon","Disruptor","92","46","46","0.5","2.0067217063662013"
"Clockwerk","Axe","84","42","42","0.5","1.94994711582928"
"Weaver","Chaos Knight","90","45","45","0.5","1.9364110271130264"
"Dark Willow","Lina","106","53","53","0.5","1.8479265005735612"
"Batrider","Axe","82","41","41","0.5","1.7655589252001587"
"Chaos Knight","Centaur Warrunner","72","36","36","0.5","1.7443629477411418"
"Sven","Tidehunter","76","38","38","0.5","1.7409904217722445"
"Techies","Juggernaut","68","34","34","0.5","1.70588689803506"
"Ogre Magi","Muerta","58","29","29","0.5","1.6899737887684911"
"Lion","Winter Wyvern","56","28","28","0.5","1.643996891461439"
"Lion","Slardar","66","33","33","0.5","1.643732639369058"
"Magnus","Dark Seer","74","37","37","0.5","1.5921088025985766"
"Nature's Prophet","Io","56","28","28","0.5","1.567043638757394"
"Phoenix","Lycan","62","31","31","0.5","1.5478153561833379"
"Pangolier","Sniper","114","57","57","0.5","1.5443818605094561"
"Abaddon","Bane","178","89","89","0.5","1.5206319775672232"
"Undying","Juggernaut","52","26","26","0.5","1.500967961004077"
"Storm Spirit","Venomancer","78","39","39","0.5","1.4956733763638872"
"Skywrath Mage","Silencer","62","31","31","0.5","1.4033528769566816"
"Pudge","Enchantress","84","42","42","0.5","1.3901322654051893"
"Grimstroke","Void Spirit","84","42","42","0.5","1.3711363748967385"
"Silencer","Lion","60","30","30","0.5","1.3685840728828687"
"Shadow Shaman","Abaddon","84","42","42","0.5","1.3512388123125476"
"Pangolier","Shadow Fiend","204","102","102","0.5","1.344405310950605"
"Primal Beast","Queen of Pain","114","57","57","0.5","1.339805146779042"
"Tusk","Pudge","80","40","40","0.5","1.3240747452152901"
"Terrorblade","Sniper","58","29","29","0.5","1.3214287907089328"
"Weaver","Earth Spirit","92","46","46","0.5","1.3191285279056302"
"Timbersaw","Tidehunter","136","68","68","0.5","1.2939041221109304"
"Viper","Jakiro","92","46","46","0.5","1.2484964531096916"
"Leshrac","Beastmaster","160","80","80","0.5","1.2282125079833377"
"Kunkka","Io","118","59","59","0.5","1.2279141650267136"
"Centaur Warrunner","Spirit Breaker","68","34","34","0.5","1.2063453363849368"
"Ancient Apparition","Ursa","50","25","25","0.5","1.2015092944673353"
"Lina","Ursa","80","40","40","0.5","1.1858503705779448"
"Luna","Tiny","198","99","99","0.5","1.1820582191368134"
"Pugna","Kunkka","94","47","47","0.5","1.138114607616842"
"Dark Seer","Void Spirit","70","35","35","0.5","1.1363066525151058"
"Monkey King","Skywrath Mage","112","56","56","0.5","1.1236822316496593"
"Magnus","Enigma","60","30","30","0.5","1.1159487130421037"
"Ogre Magi","Dawnbreaker","80","40","40","0.5","1.1069546679043143"
"Luna","Enchantress","136","68","68","0.5","1.0217724435071835"
"Queen of Pain","Brewmaster","74","37","37","0.5","1.0047790572950808"
"Sniper","Gyrocopter","62","31","31","0.5","0.9952134390937909"
"Axe","Dark Seer","50","25","25","0.5","0.9880712694712502"
"Dragon Knight","Jakiro","230","115","115","0.5","0.9748119317183889"
"Crystal Maiden","Shadow Fiend","90","45","45","0.5","0.9449377011817433"
"Sand King","Weaver","88","44","44","0.5","0.9380243602780882"
"Death Prophet","Ancient Apparition","74","37","37","0.5","0.9122896090588124"
"Dark Seer","Razor","52","26","26","0.5","0.9110131086679701"
"Nature's Prophet","Shadow Shaman","110","55","55","0.5","0.8933325371471575"
"Weaver","Ursa","96","48","48","0.5","0.8780103183032953"
"Shadow Demon","Lich","60","30","30","0.5","0.8366786315074992"
"Morphling","Warlock","68","34","34","0.5","0.8125646481464885"
"Nyx Assassin","Jakiro","56","28","28","0.5","0.7960538617034264"
"Slark","Bane","52","26","26","0.5","0.7919845544733352"
"Troll Warlord","Enchantress","98","49","49","0.5","0.7909438304098174"
"Puck","Mirana","206","103","103","0.5","0.7905789343760771"
"Windranger","Clockwerk","150","75","75","0.5","0.7829468235492391"
"Sven","Troll Warlord","98","49","49","0.5","0.7610641063082625"
"Primal Beast","Shadow Fiend","106","53","53","0.5","0.75845564398391"
"Puck","Magnus","154","77","77","0.5","0.7273034675255905"
"Night Stalker","Grimstroke","58","29","29","0.5","0.7233090666885398"
"Brewmaster","Leshrac","56","28","28","0.5","0.7170703810069969"
"Windranger","Magnus","114","57","57","0.5","0.6716643429823685"
"Shadow Demon","Ember Spirit","228","114","114","0.5","0.670294997613813"
"Magnus","Zeus","50","25","25","0.5","0.6701867393179799"
"Lina","Nyx Assassin","60","30","30","0.5","0.6662588985561011"
"Slardar","Kunkka","72","36","36","0.5","0.6659295666590936"
"Ember Spirit","Troll Warlord","130","65","65","0.5","0.6571363844484764"
"Undying","Lina","138","69","69","0.5","0.6445207429845963"
"Jakiro","Dazzle","68","34","34","0.5","0.6364254542400256"
"Underlord","Leshrac","66","33","33","0.5","0.6058461604689397"
"Ursa","Shadow Shaman","72","36","36","0.5","0.5963840532577999"
"Grimstroke","Alchemist","54","27","27","0.5","0.5696860353249557"
"Leshrac","Abaddon","54","27","27","0.5","0.5283586604597464"
"Broodmother","Leshrac","68","34","34","0.5","0.5022193492724303"
"Ogre Magi","Earth Spirit","64","32","32","0.5","0.48266821726615566"
"Kunkka","Crystal Maiden","108","54","54","0.5","0.4725371964201986"
"Treant Protector","Sand King","54","27","27","0.5","0.4713616665739958"
"Mars","Viper","132","66","66","0.5","0.4577630140312549"
"Bloodseeker","Doom","86","43","43","0.5","0.4424803034996411"
"Terrorblade","Monkey King","214","107","107","0.5","0.4364232938361957"
"Terrorblade","Storm Spirit","222","111","111","0.5","0.4232466365450253"
"Hoodwink","Undying","148","74","74","0.5","0.39524814745635123"
"Lion","Storm Spirit","180","90","90","0.5","0.38904077254433345"
"Lion","Pangolier","268","134","134","0.5","0.38510392191427145"
"Elder Titan","Hoodwink","54","27","27","0.5","0.38362741927917937"
"Magnus","Shadow Fiend","68","34","34","0.5","0.36577455656362984"
"Enigma","Io","66","33","33","0.5","0.35746848566477346"
"Terrorblade","Phantom Assassin","116","58","58","0.5","0.3341967063493107"
"Legion Commander","Queen of Pain","60","30","30","0.5","0.32288041583505844"
"Treant Protector","Ancient Apparition","50","25","25","0.5","0.3174690388686898"
"Void Spirit","Ursa","108","54","54","0.5","0.31552494841103784"
"Brewmaster","Slardar","58","29","29","0.5","0.3028188378728831"
"Sven","Luna","70","35","35","0.5","0.2944267044931219"
"Vengeful Spirit","Grimstroke","94","47","47","0.5","0.2812588651802985"
"Tusk","Ringmaster","110","55","55","0.5","0.27107830961629253"
"Death Prophet","Undying","198","99","99","0.5","0.2251903239348713"
"Earthshaker","Bristleback","66","33","33","0.5","0.22027805913868073"
"Dragon Knight","Lion","172","86","86","0.5","0.21405070011069963"
"Enigma","Tidehunter","74","37","37","0.5","0.20671043416282192"
"Io","Dragon Knight","132","66","66","0.5","0.17727364593935524"
"Brewmaster","Mars","138","69","69","0.5","0.1597658077742065"
"Keeper of the Light","Medusa","114","57","57","0.5","0.13330683510961205"
"Zeus","Death Prophet","80","40","40","0.5","0.12655230122114017"
"Hoodwink","Pudge","88","44","44","0.5","0.10986127562314336"
"Night Stalker","Hoodwink","66","33","33","0.5","0.10336476238905361"
"Magnus","Doom","186","93","93","0.5","0.10320866661883954"
"Monkey King","Primal Beast","112","56","56","0.5","0.09106602573116669"
"Tiny","Tusk","618","309","309","0.5","0.07545784088841066"
"Kunkka","Spirit Breaker","94","47","47","0.5","0.022486139898546753"
"Spirit Breaker","Kunkka","94","47","47","0.5","-0.02248613989854751"
"Tusk","Tiny","618","309","309","0.5","-0.07545784088841133"
"Primal Beast","Monkey King","112","56","56","0.5","-0.09106602573116758"
"Doom","Magnus","186","93","93","0.5","-0.10320866661883989"
"Hoodwink","Night Stalker","66","33","33","0.5","-0.10336476238905301"
"Pudge","Hoodwink","88","44","44","0.5","-0.10986127562314218"
"Death Prophet","Zeus","80","40","40","0.5","-0.12655230122114142"
"Medusa","Keeper of the Light","114","57","57","0.5","-0.13330683510961128"
"Mars","Brewmaster","138","69","69","0.5","-0.15976580777420704"
"Dragon Knight","Io","132","66","66","0.5","-0.1772736459393562"
"Tidehunter","Enigma","74","37","37","0.5","-0.2067104341628213"
"Lion","Dragon Knight","172","86","86","0.5","-0.21405070011070185"
"Bristleback","Earthshaker","66","33","33","0.5","-0.22027805913868068"
"Undying","Death Prophet","198","99","99","0.5","-0.2251903239348707"
"Ringmaster","Tusk","110","55","55","0.5","-0.27107830961629215"
"Grimstroke","Vengeful Spirit","94","47","47","0.5","-0.2812588651802985"
"Luna","Sven","70","35","35","0.5","-0.2944267044931226"
"Slardar","Brewmaster","58","29","29","0.5","-0.30281883787288355"
"Ursa","Void Spirit","108","54","54","0.5","-0.3155249484110386"
"Ancient Apparition","Treant Protector","50","25","25","0.5","-0.3174690388686898"
"Queen of Pain","Legion Commander","60","30","30","0.5","-0.3228804158350584"
"Phantom Assassin","Terrorblade","116","58","58","0.5","-0.3341967063493128"
"Io","Enigma","66","33","33","0.5","-0.35746848566477346"
"Shadow Fiend","Magnus","68","34","34","0.5","-0.3657745565636293"
"Hoodwink","Elder Titan","54","27","27","0.5","-0.38362741927918026"
"Pangolier","Lion","268","134","134","0.5","-0.38510392191427156"
"Storm Spirit","Lion","180","90","90","0.5","-0.3890407725443345"
"Undying","Hoodwink","148","74","74","0.5","-0.395248147456351"
"Storm Spirit","Terrorblade","222","111","111","0.5","-0.42324663654502637"
"Monkey King","Terrorblade","214","107","107","0.5","-0.4364232938361944"
"Doom","Bloodseeker","86","43","43","0.5","-0.4424803034996418"
"Viper","Mars","132","66","66","0.5","-0.45776301403125447"
"Sand King","Treant Protector","54","27","27","0.5","-0.4713616665739953"
"Crystal Maiden","Kunkka","108","54","54","0.5","-0.4725371964201978"
"Earth Spirit","Ogre Magi","64","32","32","0.5","-0.4826682172661548"
"Leshrac","Broodmother","68","34","34","0.5","-0.5022193492724303"
"Abaddon","Leshrac","54","27","27","0.5","-0.5283586604597451"
"Alchemist","Grimstroke","54","27","27","0.5","-0.5696860353249557"
"Shadow Shaman","Ursa","72","36","36","0.5","-0.5963840532577996"
"Leshrac","Underlord","66","33","33","0.5","-0.6058461604689392"
"Dazzle","Jakiro","68","34","34","0.5","-0.636425454240026"
"Lina","Undying","138","69","69","0.5","-0.6445207429845968"
"Troll Warlord","Ember Spirit","130","65","65","0.5","-0.6571363844484768"
"Kunkka","Slardar","72","36","36","0.5","-0.6659295666590934"
"Nyx Assassin","Lina","60","30","30","0.5","-0.6662588985561011"
"Zeus","Magnus","50","25","25","0.5","-0.6701867393179808"
"Ember Spirit","Shadow Demon","228","114","114","0.5","-0.6702949976138117"
"Magnus","Windranger","114","57","57","0.5","-0.6716643429823685"
"Leshrac","Brewmaster","56","28","28","0.5","-0.717070381006998"
"Grimstroke","Night Stalker","58","29","29","0.5","-0.7233090666885407"
"Magnus","Puck","154","77","77","0.5","-0.7273034675255895"
"Shadow Fiend","Primal Beast","106","53","53","0.5","-0.7584556439839093"
"Troll Warlord","Sven","98","49","49","0.5","-0.761064106308262"
"Clockwerk","Windranger","150","75","75","0.5","-0.7829468235492407"
"Mirana","Puck","206","103","103","0.5","-0.7905789343760773"
"Enchantress","Troll Warlord","98","49","49","0.5","-0.7909438304098171"
"Bane","Slark","52","26","26","0.5","-0.7919845544733359"
"Jakiro","Nyx Assassin","56","28","28","0.5","-0.7960538617034268"
"Warlock","Morphling","68","34","34","0.5","-0.8125646481464881"
"Lich","Shadow Demon","60","30","30","0.5","-0.8366786315075002"
"Ursa","Weaver","96","48","48","0.5","-0.8780103183032963"
"Shadow Shaman","Nature's Prophet","110","55","55","0.5","-0.8933325371471568"
"Razor","Dark Seer","52","26","26","0.5","-0.9110131086679724"
"Ancient Apparition","Death Prophet","74","37","37","0.5","-0.9122896090588132"
"Weaver","Sand King","88","44","44","0.5","-0.9380243602780904"
"Shadow Fiend","Crystal Maiden","90","45","45","0.5","-0.9449377011817442"
"Jakiro","Dragon Knight","230","115","115","0.5","-0.9748119317183886"
"Dark Seer","Axe","50","25","25","0.5","-0.9880712694712512"
"Gyrocopter","Sniper","62","31","31","0.5","-0.99521343909379"
"Brewmaster","Queen of Pain","74","37","37","0.5","-1.0047790572950812"
"Enchantress","Luna","136","68","68","0.5","-1.0217724435071849"
"Dawnbreaker","Ogre Magi","80","40","40","0.5","-1.1069546679043143"
"Enigma","Magnus","60","30","30","0.5","-1.1159487130421026"
"Skywrath Mage","Monkey King","112","56","56","0.5","-1.123682231649658"
"Void Spirit","Dark Seer","70","35","35","0.5","-1.1363066525151069"
"Kunkka","Pugna","94","47","47","0.5","-1.138114607616842"
"Tiny","Luna","198","99","99","0.5","-1.182058219136813"
"Ursa","Lina","80","40","40","0.5","-1.1858503705779444"
"Ursa","Ancient Apparition","50","25","25","0.5","-1.2015092944673342"
"Spirit Breaker","Centaur Warrunner","68","34","34","0.5","-1.206345336384936"
"Io","Kunkka","118","59","59","0.5","-1.2279141650267131"
"Beastmaster","Leshrac","160","80","80","0.5","-1.228212507983336"
"Jakiro","Viper","92","46","46","0.5","-1.248496453109691"
"Tidehunter","Timbersaw","136","68","68","0.5","-1.293904122110931"
"Earth Spirit","Weaver","92","46","46","0.5","-1.3191285279056302"
"Sniper","Terrorblade","58","29","29","0.5","-1.3214287907089328"
"Pudge","Tusk","80","40","40","0.5","-1.3240747452152908"
"Queen of Pain","Primal Beast","114","57","57","0.5","-1.3398051467790422"
"Shadow Fiend","Pangolier","204","102","102","0.5","-1.3444053109506044"
"Abaddon","Shadow Shaman","84","42","42","0.5","-1.3512388123125487"
"Lion","Silencer","60","30","30","0.5","-1.3685840728828682"
"Void Spirit","Grimstroke","84","42","42","0.5","-1.3711363748967382"
"Enchantress","Pudge","84","42","42","0.5","-1.3901322654051897"
"Silencer","Skywrath Mage","62","31","31","0.5","-1.4033528769566792"
"Venomancer","Storm Spirit","78","39","39","0.5","-1.495673376363886"
"Juggernaut","Undying","52","26","26","0.5","-1.5009679610040765"
"Bane","Abaddon","178","89","89","0.5","-1.5206319775672232"
"Sniper","Pangolier","114","57","57","0.5","-1.544381860509457"
"Lycan","Phoenix","62","31","31","0.5","-1.5478153561833397"
"Io","Nature's Prophet","56","28","28","0.5","-1.5670436387573938"
"Dark Seer","Magnus","74","37","37","0.5","-1.5921088025985768"
"Slardar","Lion","66","33","33","0.5","-1.6437326393690592"
"Winter Wyvern","Lion","56","28","28","0.5","-1.6439968914614405"
"Muerta","Ogre Magi","58","29","29","0.5","-1.6899737887684925"
"Juggernaut","Techies","68","34","34","0.5","-1.7058868980350603"
"Tidehunter","Sven","76","38","38","0.5","-1.7409904217722452"
"Centaur Warrunner","Chaos Knight","72","36","36","0.5","-1.7443629477411424"
"Axe","Batrider","82","41","41","0.5","-1.7655589252001587"
"Lina","Dark Willow","106","53","53","0.5","-1.8479265005735606"
"Chaos Knight","Weaver","90","45","45","0.5","-1.9364110271130273"
"Axe","Clockwerk","84","42","42","0.5","-1.9499471158292805"
"Disruptor","Abaddon","92","46","46","0.5","-2.006721706366201"
"Enchantress","Tidehunter","138","69","69","0.5","-2.0282056377156787"
"Sven","Shadow Fiend","92","46","46","0.5","-2.0717114732058137"
"Timbersaw","Void Spirit","166","83","83","0.5","-2.089979273265921"
"Underlord","Death Prophet","50","25","25","0.5","-2.0968998605995677"
"Lycan","Timbersaw","84","42","42","0.5","-2.10877900037454"
"Nyx Assassin","Earthshaker","60","30","30","0.5","-2.1377183176190075"
"Ogre Magi","Enchantress","90","45","45","0.5","-2.1683373920091524"
"Lion","Lifestealer","76","38","38","0.5","-2.207290270780233"
"Brewmaster","Chaos Knight","62","31","31","0.5","-2.2527025634977327"
"Lich","Enigma","50","25","25","0.5","-2.266803375614124"
"Invoker","Undying","78","39","39","0.5","-2.338453558941623"
"Underlord","Brewmaster","70","35","35","0.5","-2.365214007136836"
"Faceless Void","Morphling","140","70","70","0.5","-2.3871241937698957"
"Tidehunter","Death Prophet","110","55","55","0.5","-2.485334364746334"
"Lion","Lich","80","40","40","0.5","-2.52048715885945"
"Axe","Slardar","82","41","41","0.5","-2.556512712016975"
"Earth Spirit","Phantom Assassin","62","31","31","0.5","-2.680526382832517"
"Shadow Shaman","Terrorblade","130","65","65","0.5","-2.728042829168573"
"Tidehunter","Night Stalker","82","41","41","0.5","-2.7356511578041447"
"Marci","Pugna","58","29","29","0.5","-2.7411088493490565"
"Lifestealer","Io","50","25","25","0.5","-2.80703897507415"
"Rubick","Vengeful Spirit","108","54","54","0.5","-2.8800301143850895"
"Omniknight","Enchantress","50","25","25","0.5","-2.9115645533050825"
"Slark","Enigma","50","25","25","0.5","-2.957374664421343"
"Kez","Puck","56","28","28","0.5","-3.5056633588344415"
"Centaur Warrunner","Tiny","335","167","168","0.49850746268656715","-0.044539618436411355"
"Puck","Shadow Demon","309","154","155","0.49838187702265374","0.16172634213340073"
"Morphling","Batrider","291","145","146","0.49828178694158076","0.6530873602658344"
"Beastmaster","Monkey King","289","144","145","0.4982698961937716","0.4667060310875588"
"Dragon Knight","Clockwerk","287","143","144","0.49825783972125437","-0.3747098830419544"
"Mars","Clockwerk","281","140","141","0.498220640569395","-1.2177321569101565"
"Undying","Pangolier","267","133","134","0.49812734082397003","-0.7237490589485612"
"Tidehunter","Beastmaster","261","130","131","0.49808429118773945","0.4926808823177426"
"Pangolier","Mars","518","258","260","0.4980694980694981","0.26422483050456114"
"Tiny","Puck","502","250","252","0.49800796812749004","-0.079131564430191"
"Dark Willow","Batrider","241","120","121","0.4979253112033195","1.0779698648585823"
"Phoenix","Batrider","241","120","121","0.4979253112033195","0.36637739588902346"
"Tiny","Pangolier","717","357","360","0.497907949790795","0.19765148134578747"
"Sven","Pangolier","215","107","108","0.49767441860465117","-0.1337034817670822"
"Earthshaker","Tiny","213","106","107","0.49765258215962443","-0.5334260918871506"
"Undying","Enchantress","213","106","107","0.49765258215962443","-1.0121198873138222"
"Pangolier","Luna","211","105","106","0.4976303317535545","-1.0605395311290804"
"Mars","Phoenix","209","104","105","0.49760765550239233","-0.46990697497363737"
"Mars","Undying","205","102","103","0.4975609756097561","-1.0011691400585205"
"Rubick","Shadow Fiend","197","98","99","0.49746192893401014","1.3681922097264951"
"Beastmaster","Primal Beast","197","98","99","0.49746192893401014","-0.9261867687411677"
"Shadow Demon","Queen of Pain","195","97","98","0.49743589743589745","0.17006307203683896"
"Tusk","Tidehunter","195","97","98","0.49743589743589745","-1.9331093880909436"
"Luna","Puck","193","96","97","0.49740932642487046","1.4475721467681455"
"Queen of Pain","Disruptor","193","96","97","0.49740932642487046","0.2110958504959346"
"Primal Beast","Doom","191","95","96","0.4973821989528796","1.0593777934861608"
"Hoodwink","Ember Spirit","382","190","192","0.4973821989528796","0.4052663208935071"
"Windranger","Snapfire","191","95","96","0.4973821989528796","0.3959730916762376"
"Lina","Tusk","191","95","96","0.4973821989528796","0.06303841777347557"
"Gyrocopter","Phoenix","191","95","96","0.4973821989528796","-1.4577265318757096"
"Doom","Rubick","368","183","185","0.49728260869565216","-1.2204150184947822"
"Brewmaster","Pangolier","181","90","91","0.4972375690607735","0.45388097739226974"
"Gyrocopter","Terrorblade","181","90","91","0.4972375690607735","-0.107159389293642"
"Monkey King","Void Spirit","181","90","91","0.4972375690607735","-1.5709902374867322"
"Nature's Prophet","Enchantress","179","89","90","0.4972067039106145","1.1959304955278647"
"Tusk","Faceless Void","179","89","90","0.4972067039106145","0.6365436092422957"
"Puck","Batrider","358","178","180","0.4972067039106145","0.09644946065283187"
"Tusk","Snapfire","356","177","179","0.49719101123595505","-0.5531679499771539"
"Keeper of the Light","Batrider","177","88","89","0.4971751412429379","0.46319691738463264"
"Jakiro","Shadow Shaman","177","88","89","0.4971751412429379","-0.2250431348167132"
"Ember Spirit","Io","177","88","89","0.4971751412429379","-0.881331397417446"
"Morphling","Hoodwink","175","87","88","0.49714285714285716","-0.3284494074486784"
"Skywrath Mage","Snapfire","173","86","87","0.49710982658959535","1.7058488154899445"
"Rubick","Pugna","173","86","87","0.49710982658959535","-0.7715305547712703"
"Puck","Alchemist","169","84","85","0.4970414201183432","-0.8450706029170616"
"Shadow Demon","Monkey King","165","82","83","0.49696969696969695","1.7467659598445648"
"Crystal Maiden","Rubick","326","162","164","0.49693251533742333","0.12665339015009505"
"Puck","Beastmaster","324","161","163","0.49691358024691357","1.4733046357434714"
"Void Spirit","Disruptor","159","79","80","0.4968553459119497","-0.9238104746576187"
"Storm Spirit","Sven","157","78","79","0.4968152866242038","1.1420530191247582"
"Doom","Beastmaster","314","156","158","0.4968152866242038","0.6017273611836305"
"Storm Spirit","Skywrath Mage","157","78","79","0.4968152866242038","0.26880601737958626"
"Shadow Demon","Keeper of the Light","155","77","78","0.4967741935483871","0.2674631103069019"
"Tidehunter","Monkey King","155","77","78","0.4967741935483871","-1.2491006606240127"
"Beastmaster","Nyx Assassin","155","77","78","0.4967741935483871","-1.7033082342562313"
"Templar Assassin","Mars","306","152","154","0.49673202614379086","-0.04549376881984466"
"Invoker","Tiny","302","150","152","0.4966887417218543","0.1173030551865343"
"Dark Willow","Queen of Pain","149","74","75","0.4966442953020134","1.428959781218529"
"Ember Spirit","Disruptor","298","148","150","0.4966442953020134","-0.5787483186590775"
"Disruptor","Batrider","288","143","145","0.4965277777777778","1.428768945251846"
"Pangolier","Snapfire","425","211","214","0.4964705882352941","0.4228477155310483"
"Warlock","Mars","141","70","71","0.49645390070921985","1.0716677012473481"
"Doom","Gyrocopter","141","70","71","0.49645390070921985","-1.7519272926830698"
"Pugna","Monkey King","139","69","70","0.49640287769784175","1.7232428946957687"
"Hoodwink","Viper","139","69","70","0.49640287769784175","-1.7034816560419073"
"Queen of Pain","Gyrocopter","137","68","69","0.49635036496350365","0.0861558532635716"
"Weaver","Luna","137","68","69","0.49635036496350365","-0.7708059935973055"
"Puck","Techies","137","68","69","0.49635036496350365","-1.5221876982031002"
"Ursa","Batrider","135","67","68","0.4962962962962963","1.1053799442700405"
"Snapfire","Underlord","135","67","68","0.4962962962962963","0.12118845543054205"
"Skywrath Mage","Keeper of the Light","135","67","68","0.4962962962962963","0.04855260444810066"
"Night Stalker","Mars","135","67","68","0.4962962962962963","-1.4073613189834182"
"Beastmaster","Night Stalker","131","65","66","0.4961832061068702","0.7401674320356035"
"Bane","Lycan","131","65","66","0.4961832061068702","0.5446237057165145"
"Tusk","Marci","260","129","131","0.49615384615384617","0.10011451091101661"
"Disruptor","Mirana","260","129","131","0.49615384615384617","-0.5424141755287392"
"Clockwerk","Dark Seer","129","64","65","0.49612403100775193","0.6551361194322256"
"Terrorblade","Sven","129","64","65","0.49612403100775193","0.10759225951803701"
"Dark Willow","Disruptor","129","64","65","0.49612403100775193","-0.00006864000770263835"
"Shadow Demon","Brewmaster","129","64","65","0.49612403100775193","-0.0061002213104011105"
"Naga Siren","Clockwerk","129","64","65","0.49612403100775193","-0.32578312276472604"
"Underlord","Phoenix","129","64","65","0.49612403100775193","-0.8071248821256546"
"Hoodwink","Tusk","385","191","194","0.4961038961038961","0.45330746468264266"
"Dragon Knight","Enchantress","256","127","129","0.49609375","0.08420692843065536"
"Leshrac","Razor","127","63","64","0.49606299212598426","-0.3508125915367892"
"Pugna","Phoenix","127","63","64","0.49606299212598426","-0.7556008433592224"
"Weaver","Tidehunter","125","62","63","0.496","0.5419433450798837"
"Shadow Shaman","Warlock","125","62","63","0.496","0.5151267572241827"
"Ember Spirit","Keeper of the Light","248","123","125","0.4959677419354839","2.025034598175677"
"Timbersaw","Storm Spirit","246","122","124","0.4959349593495935","0.2950753106168558"
"Dawnbreaker","Storm Spirit","123","61","62","0.4959349593495935","0.29224407862046975"
"Templar Assassin","Shadow Shaman","123","61","62","0.4959349593495935","-0.412620226306877"
"Earth Spirit","Enchantress","123","61","62","0.4959349593495935","-0.6674088189686184"
"Luna","Shadow Demon","121","60","61","0.49586776859504134","0.5269919329102541"
"Gyrocopter","Luna","121","60","61","0.49586776859504134","0.11933932952450228"
"Lina","Treant Protector","121","60","61","0.49586776859504134","-1.7011658928719398"
"Clockwerk","Morphling","240","119","121","0.49583333333333335","-0.9465726236687869"
"Axe","Hoodwink","119","59","60","0.4957983193277311","-1.0529414547033225"
"Underlord","Void Spirit","119","59","60","0.4957983193277311","-1.4929445239978183"
"Tusk","Troll Warlord","117","58","59","0.49572649572649574","0.5427020150631497"
"Lich","Batrider","117","58","59","0.49572649572649574","0.19979320849254598"
"Sand King","Ember Spirit","232","115","117","0.4956896551724138","-1.2313856102196412"
"Tiny","Shadow Demon","347","172","175","0.4956772334293948","0.10938983641109051"
"Primal Beast","Sven","115","57","58","0.4956521739130435","2.5223267576842527"
"Sand King","Invoker","115","57","58","0.4956521739130435","1.206314516594751"
"Earth Spirit","Dragon Knight","115","57","58","0.4956521739130435","0.6170126502633034"
"Phoenix","Enchantress","228","113","115","0.4956140350877193","0.4430055026227799"
"Storm Spirit","Ember Spirit","684","339","345","0.4956140350877193","0.06682095432424992"
"Tusk","Timbersaw","228","113","115","0.4956140350877193","-1.012692538193009"
"Mars","Bloodseeker","111","55","56","0.4954954954954955","-0.8405370015388344"
"Tidehunter","Dark Willow","111","55","56","0.4954954954954955","-0.8716166510617711"
"Elder Titan","Mars","111","55","56","0.4954954954954955","-1.8154910655764431"
"Shadow Fiend","Terrorblade","111","55","56","0.4954954954954955","-1.9356164128428575"
"Tiny","Marci","442","219","223","0.49547511312217196","-0.4198453054019027"
"Rubick","Grimstroke","220","109","111","0.4954545454545455","0.886055271047374"
"Mars","Tusk","329","163","166","0.49544072948328266","-1.5629547086656947"
"Storm Spirit","Undying","218","108","110","0.4954128440366973","0.609899924667206"
"Shadow Demon","Lifestealer","109","54","55","0.4954128440366973","0.388060406322897"
"Kunkka","Shadow Shaman","109","54","55","0.4954128440366973","0.20707350628701124"
"Dark Willow","Primal Beast","109","54","55","0.4954128440366973","-1.0277479280662702"
"Phoenix","Ember Spirit","325","161","164","0.49538461538461537","-0.9091268222159611"
"Underlord","Tiny","216","107","109","0.49537037037037035","-0.04056942636059453"
"Ember Spirit","Pangolier","646","320","326","0.4953560371517028","-0.08583733181558895"
"Dawnbreaker","Earth Spirit","105","52","53","0.49523809523809526","2.1499301933511195"
"Disruptor","Razor","105","52","53","0.49523809523809526","1.0630901964635542"
"Sniper","Clockwerk","105","52","53","0.49523809523809526","0.6342368779300024"
"Drow Ranger","Morphling","105","52","53","0.49523809523809526","-0.3854220534766731"
"Juggernaut","Pangolier","105","52","53","0.49523809523809526","-1.0039254666040505"
"Windranger","Tidehunter","103","51","52","0.49514563106796117","0.5680152125264465"
"Void Spirit","Sven","103","51","52","0.49514563106796117","0.4787720908463735"
"Clockwerk","Gyrocopter","206","102","104","0.49514563106796117","-0.37063132117453484"
"Nature's Prophet","Shadow Fiend","103","51","52","0.49514563106796117","-0.38051187611439996"
"Earth Spirit","Doom","103","51","52","0.49514563106796117","-1.2370334691738234"
"Pugna","Invoker","103","51","52","0.49514563106796117","-1.6403471462450931"
"Pangolier","Earthshaker","204","101","103","0.4950980392156863","0.18492367090900186"
"Troll Warlord","Hoodwink","101","50","51","0.49504950495049505","-0.17730725513977916"
"Hoodwink","Shadow Fiend","202","100","102","0.49504950495049505","-0.32331347670753263"
"Bane","Dark Willow","101","50","51","0.49504950495049505","-0.641504014267252"
"Kunkka","Magnus","101","50","51","0.49504950495049505","-1.1665843146001011"
"Keeper of the Light","Bloodseeker","101","50","51","0.49504950495049505","-2.7274255547847552"
"Lifestealer","Dragon Knight","99","49","50","0.494949494949495","0.7261530765113202"
"Shadow Shaman","Beastmaster","99","49","50","0.494949494949495","0.42781418091089823"
"Enigma","Lina","99","49","50","0.494949494949495","-0.15469782020126724"
"Monkey King","Faceless Void","99","49","50","0.494949494949495","-0.39991346229908836"
"Dark Seer","Brewmaster","99","49","50","0.494949494949495","-0.4462353038972744"
"Enchantress","Pugna","196","97","99","0.49489795918367346","-1.3430709145148274"
"Batrider","Viper","97","48","49","0.4948453608247423","-0.3720633091426825"
"Magnus","Bristleback","97","48","49","0.4948453608247423","-0.7731562959427268"
"Tiny","Dark Seer","194","96","98","0.4948453608247423","-1.0667952892651016"
"Storm Spirit","Windranger","192","95","97","0.4947916666666667","-0.21480535672617054"
"Gyrocopter","Abaddon","95","47","48","0.49473684210526314","0.23904983986391334"
"Ember Spirit","Clockwerk","380","188","192","0.49473684210526314","-0.09725695831902038"
"Treant Protector","Faceless Void","95","47","48","0.49473684210526314","-0.5335173035539131"
"Medusa","Weaver","95","47","48","0.49473684210526314","-0.6492786013531594"
"Tidehunter","Skywrath Mage","95","47","48","0.49473684210526314","-0.7856083831933085"
"Naga Siren","Leshrac","95","47","48","0.49473684210526314","-1.1975730239581863"
"Sand King","Windranger","95","47","48","0.49473684210526314","-1.3315877523799793"
"Tidehunter","Ember Spirit","283","140","143","0.49469964664310956","-0.061135147885360244"
"Gyrocopter","Tiny","376","186","190","0.4946808510638298","-0.5567407985605605"
"Keeper of the Light","Doom","188","93","95","0.4946808510638298","-0.7694751345144601"
"Death Prophet","Faceless Void","93","46","47","0.4946236559139785","1.2056469589171435"
"Viper","Snapfire","93","46","47","0.4946236559139785","0.5591431457746022"
"Rubick","Sniper","93","46","47","0.4946236559139785","0.39375416532835805"
"Tidehunter","Lycan","93","46","47","0.4946236559139785","0.2854568581631723"
"Batrider","Ogre Magi","93","46","47","0.4946236559139785","0.031684326351848105"
"Pugna","Nature's Prophet","93","46","47","0.4946236559139785","-1.0755990682809584"
"Night Stalker","Phoenix","93","46","47","0.4946236559139785","-4.449474970769743"
"Windranger","Doom","182","90","92","0.4945054945054945","-1.4212537744041602"
"Silencer","Pangolier","182","90","92","0.4945054945054945","-2.1632784316697786"
"Pangolier","Venomancer","91","45","46","0.4945054945054945","-2.619097676016798"
"Tiny","Ember Spirit","726","359","367","0.49449035812672176","-0.3434410135572349"
"Mars","Storm Spirit","362","179","183","0.494475138121547","-0.1031217444575383"
"Snapfire","Lion","180","89","91","0.49444444444444446","1.2204695563683663"
"Timbersaw","Pugna","180","89","91","0.49444444444444446","0.38645008820084553"
"Queen of Pain","Leshrac","89","44","45","0.4943820224719101","0.6372398729716191"
"Pugna","Death Prophet","89","44","45","0.4943820224719101","-0.8104237916209419"
"Dragon Knight","Medusa","178","88","90","0.4943820224719101","-1.7346668673574783"
"Muerta","Weaver","89","44","45","0.4943820224719101","-1.9830074570674938"
"Magnus","Beastmaster","176","87","89","0.4943181818181818","0.5286750469542099"
"Disruptor","Shadow Demon","176","87","89","0.4943181818181818","-1.3540372098589017"
"Lina","Weaver","87","43","44","0.4942528735632184","0.751906535013113"
"Terrorblade","Medusa","174","86","88","0.4942528735632184","0.6106759253436188"
"Elder Titan","Monkey King","87","43","44","0.4942528735632184","0.46134717637430145"
"Weaver","Mirana","87","43","44","0.4942528735632184","-0.7349503232517357"
"Nature's Prophet","Dark Seer","87","43","44","0.4942528735632184","-0.8082557082128835"
"Spectre","Nature's Prophet","87","43","44","0.4942528735632184","-1.0846107473608313"
"Marci","Rubick","174","86","88","0.4942528735632184","-1.0975645935435658"
"Batrider","Queen of Pain","346","171","175","0.49421965317919075","-1.3478945880570814"
"Spirit Breaker","Mars","172","85","87","0.4941860465116279","0.6471739784955008"
"Dark Seer","Mirana","85","42","43","0.49411764705882355","1.7007547911107086"
"Hoodwink","Muerta","170","84","86","0.49411764705882355","1.2413145683983868"
"Shadow Shaman","Undying","85","42","43","0.49411764705882355","1.1259168330217548"
"Troll Warlord","Puck","85","42","43","0.49411764705882355","-0.92603169281138"
"Death Prophet","Viper","85","42","43","0.49411764705882355","-1.2343396350023041"
"Terrorblade","Slark","85","42","43","0.49411764705882355","-1.7649477752153524"
"Invoker","Medusa","85","42","43","0.49411764705882355","-3.250850362557875"
"Dark Seer","Gyrocopter","85","42","43","0.49411764705882355","-3.5597462751057045"
"Weaver","Shadow Demon","168","83","85","0.49404761904761907","1.0965663391284073"
"Sand King","Snapfire","168","83","85","0.49404761904761907","0.15522129408337784"
"Pugna","Puck","168","83","85","0.49404761904761907","-0.7830098488876379"
"Enchantress","Dark Seer","83","41","42","0.4939759036144578","1.7112114717269837"
"Enchantress","Abaddon","83","41","42","0.4939759036144578","1.206736655486057"
"Ursa","Sven","83","41","42","0.4939759036144578","0.3611024759054729"
"Ember Spirit","Enigma","166","82","84","0.4939759036144578","-0.08078902426901916"
"Phoenix","Phantom Assassin","83","41","42","0.4939759036144578","-0.9486683607009236"
"Clockwerk","Centaur Warrunner","166","82","84","0.4939759036144578","-1.6173342717281858"
"Slark","Shadow Demon","83","41","42","0.4939759036144578","-1.6662650785458661"
"Sniper","Phoenix","83","41","42","0.4939759036144578","-1.7138978269520937"
"Disruptor","Gyrocopter","164","81","83","0.49390243902439024","-0.05914186639664114"
"Disruptor","Bane","245","121","124","0.49387755102040815","1.4857435104386958"
"Marci","Mars","162","80","82","0.49382716049382713","0.7787938876370549"
"Keeper of the Light","Bristleback","81","40","41","0.49382716049382713","-0.0048110270110606436"
"Mars","Zeus","81","40","41","0.49382716049382713","-0.6216008409400162"
"Treant Protector","Luna","81","40","41","0.49382716049382713","-1.3659645870913504"
"Lich","Terrorblade","81","40","41","0.49382716049382713","-3.634312380239507"
"Tidehunter","Batrider","241","119","122","0.49377593360995853","0.09015868076344452"
"Queen of Pain","Lina","160","79","81","0.49375","-0.3087862709836237"
"Wraith King","Mars","160","79","81","0.49375","-0.44355185184909607"
"Earth Spirit","Clockwerk","160","79","81","0.49375","-1.2580196263505354"
"Pangolier","Beastmaster","478","236","242","0.49372384937238495","0.39126798346992925"
"Bloodseeker","Silencer","79","39","40","0.4936708860759494","1.7831281846377232"
"Drow Ranger","Storm Spirit","79","39","40","0.4936708860759494","0.7306162781905893"
"Terrorblade","Muerta","158","78","80","0.4936708860759494","0.22063384903097255"
"Medusa","Leshrac","79","39","40","0.4936708860759494","-1.1243810339076286"
"Shadow Demon","Grimstroke","158","78","80","0.4936708860759494","-1.8976222257267739"
"Luna","Lifestealer","79","39","40","0.4936708860759494","-2.070357081758087"
"Chen","Nature's Prophet","79","39","40","0.4936708860759494","-2.253423581486244"
"Io","Lion","79","39","40","0.4936708860759494","-3.468107946193778"
"Storm Spirit","Luna","156","77","79","0.4935897435897436","-0.13542765724862987"
"Underlord","Pangolier","154","76","78","0.4935064935064935","0.1411409668018933"
"Centaur Warrunner","Templar Assassin","154","76","78","0.4935064935064935","-0.0383063177366846"
"Snapfire","Crystal Maiden","154","76","78","0.4935064935064935","-0.5121257134699728"
"Razor","Clockwerk","154","76","78","0.4935064935064935","-0.5691768105235845"
"Faceless Void","Wraith King","77","38","39","0.4935064935064935","-0.824113766528944"
"Kunkka","Bristleback","77","38","39","0.4935064935064935","-1.6939901941035733"
"Riki","Pangolier","77","38","39","0.4935064935064935","-1.6982542584626203"
"Shadow Shaman","Void Spirit","77","38","39","0.4935064935064935","-2.249024217930851"
"Earth Spirit","Ember Spirit","152","75","77","0.4934210526315789","0.7512770908084877"
"Underlord","Nature's Prophet","75","37","38","0.49333333333333335","1.3472746764065937"
"Storm Spirit","Juggernaut","75","37","38","0.49333333333333335","0.6686674837667681"
"Doom","Oracle","75","37","38","0.49333333333333335","0.5914424566303258"
"Batrider","Magnus","225","111","114","0.49333333333333335","-0.09679128519585017"
"Hoodwink","Templar Assassin","225","111","114","0.49333333333333335","-1.2076810673287919"
"Lich","Shadow Fiend","75","37","38","0.49333333333333335","-2.5461714714501746"
"Muerta","Medusa","75","37","38","0.49333333333333335","-3.9384884865049177"
"Pangolier","Abaddon","148","73","75","0.49324324324324326","-0.2861413393547365"
"Nature's Prophet","Centaur Warrunner","148","73","75","0.49324324324324326","-0.3869714326758079"
"Ember Spirit","Sven","148","73","75","0.49324324324324326","-0.8275057835125234"
"Storm Spirit","Dragon Knight","369","182","187","0.4932249322493225","0.6646224299236528"
"Warlock","Timbersaw","73","36","37","0.4931506849315068","1.4809283912449505"
"Sniper","Leshrac","73","36","37","0.4931506849315068","1.4406579110702538"
"Mars","Spectre","73","36","37","0.4931506849315068","1.3097858346359084"
"Primal Beast","Lina","73","36","37","0.4931506849315068","-1.4142220080459655"
"Muerta","Lich","73","36","37","0.4931506849315068","-1.552040011430552"
"Queen of Pain","Viper","73","36","37","0.4931506849315068","-1.8272062142768684"
"Grimstroke","Mars","290","143","147","0.49310344827586206","-0.52523799713504"
"Kunkka","Rubick","217","107","110","0.4930875576036866","0.8529032639911528"
"Morphling","Shadow Demon","217","107","110","0.4930875576036866","-0.1516194559425249"
"Templar Assassin","Dark Willow","144","71","73","0.4930555555555556","1.1621267452667305"
"Muerta","Storm Spirit","144","71","73","0.4930555555555556","0.01106935836153424"
"Underlord","Doom","144","71","73","0.4930555555555556","-0.36995266215558603"
"Marci","Tidehunter","71","35","36","0.49295774647887325","1.2487360345491756"
"Ogre Magi","Gyrocopter","71","35","36","0.49295774647887325","1.1355026620712385"
"Centaur Warrunner","Tidehunter","142","70","72","0.49295774647887325","1.1224009204559686"
"Morphling","Chaos Knight","71","35","36","0.49295774647887325","0.4898683469534045"
"Venomancer","Doom","71","35","36","0.49295774647887325","0.35790481107013755"
"Naga Siren","Sven","71","35","36","0.49295774647887325","0.2786654969060466"
"Lycan","Lina","71","35","36","0.49295774647887325","0.16418335452162133"
"Ember Spirit","Muerta","142","70","72","0.49295774647887325","-0.23680061067145236"
"Slardar","Ursa","71","35","36","0.49295774647887325","-0.33766414932414984"
"Broodmother","Crystal Maiden","142","70","72","0.49295774647887325","-0.5115393375306525"
"Morphling","Nature's Prophet","142","70","72","0.49295774647887325","-0.9636855993085179"
"Void Spirit","Vengeful Spirit","71","35","36","0.49295774647887325","-2.160921728060525"
"Tiny","Death Prophet","353","174","179","0.49291784702549574","-0.8518019035363259"
"Pangolier","Gyrocopter","282","139","143","0.4929078014184397","-0.32702606656699984"
"Primal Beast","Nature's Prophet","211","104","107","0.4928909952606635","0.0011563803575140351"
"Puck","Io","140","69","71","0.4928571428571429","2.1366450080294728"
"Chen","Jakiro","140","69","71","0.4928571428571429","-1.1859291572295114"
"Tidehunter","Templar Assassin","140","69","71","0.4928571428571429","-1.230972533811564"
"Undying","Templar Assassin","140","69","71","0.4928571428571429","-1.3830203150476001"
"Bristleback","Tusk","209","103","106","0.49282296650717705","0.7220581184850674"
"Nature's Prophet","Sand King","69","34","35","0.4927536231884058","2.5017999199404124"
"Void Spirit","Axe","69","34","35","0.4927536231884058","1.2155693219992323"
"Enchantress","Broodmother","69","34","35","0.4927536231884058","0.5724019090183617"
"Vengeful Spirit","Morphling","69","34","35","0.4927536231884058","0.3288237756364304"
"Gyrocopter","Mars","207","102","105","0.4927536231884058","0.08179018699782979"
"Pangolier","Lina","207","102","105","0.4927536231884058","0.01222438473227624"
"Tidehunter","Dragon Knight","138","68","70","0.4927536231884058","-0.3665341380940554"
"Sand King","Razor","69","34","35","0.4927536231884058","-0.5131391122319"
"Naga Siren","Underlord","69","34","35","0.4927536231884058","-0.5658276515376813"
"Shadow Shaman","Nyx Assassin","69","34","35","0.4927536231884058","-0.5818448166489262"
"Magnus","Skywrath Mage","69","34","35","0.4927536231884058","-0.7028013908984201"
"Mars","Ringmaster","69","34","35","0.4927536231884058","-1.7080716108891143"
"Lycan","Queen of Pain","69","34","35","0.4927536231884058","-1.8234201037715523"
"Dark Seer","Earthshaker","69","34","35","0.4927536231884058","-2.010671189401603"
"Necrophos","Snapfire","69","34","35","0.4927536231884058","-2.3205556091107513"
"Chen","Underlord","69","34","35","0.4927536231884058","-2.6537778070899893"
"Abaddon","Lina","69","34","35","0.4927536231884058","-3.629191101749606"
"Beastmaster","Enchantress","341","168","173","0.49266862170087977","-0.2581142163309437"
"Mars","Skywrath Mage","136","67","69","0.49264705882352944","-0.6065343067544275"
"Drow Ranger","Shadow Fiend","67","33","34","0.4925373134328358","1.0422612876763098"
"Mars","Sniper","67","33","34","0.4925373134328358","0.39740251002087884"
"Zeus","Shadow Fiend","67","33","34","0.4925373134328358","-0.05056089521380774"
"Death Prophet","Chaos Knight","134","66","68","0.4925373134328358","-0.9061695770749877"
"Enchantress","Axe","67","33","34","0.4925373134328358","-1.7417442613823513"
"Chaos Knight","Io","67","33","34","0.4925373134328358","-2.502916740197918"
"Dazzle","Mars","67","33","34","0.4925373134328358","-3.7709090860289893"
"Keeper of the Light","Phantom Assassin","67","33","34","0.4925373134328358","-4.12491700626422"
"Keeper of the Light","Dragon Knight","199","98","101","0.49246231155778897","0.3307318189135301"
"Snapfire","Kunkka","199","98","101","0.49246231155778897","-0.2464148457191272"
"Phoenix","Tiny","396","195","201","0.49242424242424243","-0.48367080915510585"
"Lion","Hoodwink","197","97","100","0.49238578680203043","-1.0586317176552495"
"Timbersaw","Earthshaker","65","32","33","0.49230769230769234","1.9368110254809912"
"Mars","Pudge","65","32","33","0.49230769230769234","1.696908484408941"
"Kunkka","Lycan","65","32","33","0.49230769230769234","1.6563229744510186"
"Bounty Hunter","Dragon Knight","65","32","33","0.49230769230769234","1.1676411621589506"
"Magnus","Phantom Assassin","65","32","33","0.49230769230769234","1.119219324226893"
"Morphling","Troll Warlord","65","32","33","0.49230769230769234","0.9342649543870306"
"Primal Beast","Void Spirit","65","32","33","0.49230769230769234","0.24390107996422777"
"Jakiro","Weaver","130","64","66","0.49230769230769234","0.012642693229038297"
"Terrorblade","Ursa","130","64","66","0.49230769230769234","-0.19110280372523808"
"Vengeful Spirit","Beastmaster","65","32","33","0.49230769230769234","-0.23741986328079506"
"Lina","Morphling","130","64","66","0.49230769230769234","-0.24222486566597512"
"Storm Spirit","Kunkka","195","96","99","0.49230769230769234","-0.322671277830878"
"Clockwerk","Wraith King","65","32","33","0.49230769230769234","-0.4961744961885614"
"Razor","Ogre Magi","65","32","33","0.49230769230769234","-0.8983104631877618"
"Templar Assassin","Disruptor","195","96","99","0.49230769230769234","-0.973893563941968"
"Monkey King","Luna","130","64","66","0.49230769230769234","-2.191389105951528"
"Bloodseeker","Marci","65","32","33","0.49230769230769234","-2.238455876863196"
"Medusa","Ancient Apparition","65","32","33","0.49230769230769234","-4.763887934713129"
"Templar Assassin","Sand King","128","63","65","0.4921875","0.026535931029355142"
"Phoenix","Muerta","256","126","130","0.4921875","-0.8270874949713845"
"Invoker","Disruptor","128","63","65","0.4921875","-0.8951951660061508"
"Templar Assassin","Slark","63","31","32","0.49206349206349204","2.3722851868943917"
"Omniknight","Mirana","63","31","32","0.49206349206349204","0.9363958500210094"
"Terrorblade","Oracle","63","31","32","0.49206349206349204","0.6642970891285865"
"Mirana","Leshrac","189","93","96","0.49206349206349204","0.31928807173318996"
"Grimstroke","Viper","63","31","32","0.49206349206349204","0.07148475582005673"
"Nature's Prophet","Treant Protector","189","93","96","0.49206349206349204","-0.008835927636661453"
"Ogre Magi","Doom","63","31","32","0.49206349206349204","-0.11818990152426068"
"Tusk","Rubick","441","217","224","0.49206349206349204","-0.5515032421596185"
"Troll Warlord","Mirana","63","31","32","0.49206349206349204","-0.9070384146244364"
"Doom","Bounty Hunter","63","31","32","0.49206349206349204","-1.2586106386678584"
"Tusk","Death Prophet","189","93","96","0.49206349206349204","-1.3105914498941045"
"Bounty Hunter","Enchantress","63","31","32","0.49206349206349204","-1.3391897603557796"
"Tusk","Omniknight","63","31","32","0.49206349206349204","-1.9855342756464112"
"Visage","Terrorblade","63","31","32","0.49206349206349204","-2.0328628982143764"
"Lifestealer","Underlord","63","31","32","0.49206349206349204","-3.7984629804399472"
"Phantom Assassin","Warlock","63","31","32","0.49206349206349204","-4.467941935475893"
"Timbersaw","Kunkka","187","92","95","0.4919786096256685","0.6663802239138412"
"Shadow Demon","Magnus","124","61","63","0.49193548387096775","0.7666038948811079"
"Hoodwink","Dragon Knight","372","183","189","0.49193548387096775","-0.08813443901194669"
"Tiny","Timbersaw","372","183","189","0.49193548387096775","-0.6233142307815241"
"Morphling","Centaur Warrunner","124","61","63","0.49193548387096775","-1.045952066593032"
"Nature's Prophet","Clockwerk","185","91","94","0.4918918918918919","-0.4261613777867764"
"Drow Ranger","Primal Beast","61","30","31","0.4918032786885246","1.1505772103998717"
"Earthshaker","Faceless Void","61","30","31","0.4918032786885246","-0.1576497370518823"
"Terrorblade","Alchemist","122","60","62","0.4918032786885246","-0.6400199136064746"
"Luna","Undying","61","30","31","0.4918032786885246","-1.0582577778557045"
"Ursa","Spirit Breaker","61","30","31","0.4918032786885246","-1.6326040311498924"
"Muerta","Kunkka","61","30","31","0.4918032786885246","-2.0114174138624463"
"Batrider","Pangolier","482","237","245","0.491701244813278","-0.8938143782847668"
"Bloodseeker","Void Spirit","120","59","61","0.49166666666666664","0.04578137879861828"
"Disruptor","Earthshaker","120","59","61","0.49166666666666664","-0.9239163754482559"
"Undying","Crystal Maiden","120","59","61","0.49166666666666664","-1.4062275699314848"
"Batrider","Ember Spirit","417","205","212","0.49160671462829736","-1.2908540892110518"
"Hoodwink","Centaur Warrunner","238","117","121","0.49159663865546216","-0.8671353856600007"
"Lifestealer","Beastmaster","59","29","30","0.4915254237288136","2.143085084624409"
"Techies","Beastmaster","177","87","90","0.4915254237288136","1.533590402990264"
"Ursa","Slark","59","29","30","0.4915254237288136","0.8336995701554599"
"Ursa","Centaur Warrunner","118","58","60","0.4915254237288136","0.8301809972710847"
"Tusk","Bloodseeker","59","29","30","0.4915254237288136","0.3289097586676507"
"Shadow Shaman","Weaver","59","29","30","0.4915254237288136","0.1883094679561221"
"Techies","Batrider","236","116","120","0.4915254237288136","-0.825205887404302"
"Marci","Templar Assassin","118","58","60","0.4915254237288136","-1.1728402989295272"
"Doom","Ancient Apparition","59","29","30","0.4915254237288136","-1.5762334660176676"
"Jakiro","Storm Spirit","234","115","119","0.49145299145299143","-0.16636759835792814"
"Death Prophet","Treant Protector","175","86","89","0.49142857142857144","-0.4999870597998639"
"Enchantress","Centaur Warrunner","175","86","89","0.49142857142857144","-0.5989952879487459"
"Nature's Prophet","Mirana","175","86","89","0.49142857142857144","-2.1753998710030507"
"Tusk","Sven","116","57","59","0.49137931034482757","1.458438237699995"
"Pangolier","Chaos Knight","116","57","59","0.49137931034482757","0.05444488270561451"
"Dark Seer","Disruptor","116","57","59","0.49137931034482757","0.0214028494293144"
"Skywrath Mage","Brewmaster","57","28","29","0.49122807017543857","0.8307963379748895"
"Chaos Knight","Shadow Demon","57","28","29","0.49122807017543857","0.6671638069787883"
"Magnus","Night Stalker","57","28","29","0.49122807017543857","0.11892414345205152"
"Spirit Breaker","Oracle","57","28","29","0.49122807017543857","-0.4071282697814738"
"Leshrac","Magnus","57","28","29","0.49122807017543857","-0.5065148735399164"
"Marci","Earthshaker","114","56","58","0.49122807017543857","-0.5157387001507047"
"Bristleback","Morphling","114","56","58","0.49122807017543857","-0.8471671932310818"
"Invoker","Abaddon","57","28","29","0.49122807017543857","-2.6027006801433044"
"Dark Willow","Tusk","283","139","144","0.4911660777385159","-0.6325998637338007"
"Lifestealer","Mars","226","111","115","0.4911504424778761","0.011064113021063804"
"Weaver","Kunkka","169","83","86","0.4911242603550296","-0.3319182747582974"
"Slardar","Tusk","169","83","86","0.4911242603550296","-0.689109617331047"
"Timbersaw","Primal Beast","169","83","86","0.4911242603550296","-0.8673302297516249"
"Rubick","Sand King","169","83","86","0.4911242603550296","-1.2518203970007902"
"Monkey King","Sand King","169","83","86","0.4911242603550296","-2.548789847255083"
"Centaur Warrunner","Pangolier","281","138","143","0.49110320284697506","0.26366650572043826"
"Grimstroke","Timbersaw","112","55","57","0.49107142857142855","0.5355672982341934"
"Enchantress","Faceless Void","112","55","57","0.49107142857142855","0.26831515973188313"
"Clockwerk","Warlock","112","55","57","0.49107142857142855","0.14370083387225813"
"Windranger","Marci","112","55","57","0.49107142857142855","-1.1000144063834363"
"Lion","Rubick","224","110","114","0.49107142857142855","-1.9843870037424343"
"Magnus","Undying","112","55","57","0.49107142857142855","-3.0232437995564925"
"Jakiro","Tidehunter","167","82","85","0.49101796407185627","0.035999145737345355"
"Terrorblade","Magnus","167","82","85","0.49101796407185627","-0.16631776201318985"
"Snapfire","Phoenix","334","164","170","0.49101796407185627","-0.7381790135114347"
"Timbersaw","Axe","55","27","28","0.4909090909090909","2.462435186663226"
"Treant Protector","Spirit Breaker","55","27","28","0.4909090909090909","2.0318329170847966"
"Shadow Fiend","Underlord","55","27","28","0.4909090909090909","1.9258432068640603"
"Lich","Queen of Pain","55","27","28","0.4909090909090909","1.3722597283106848"
"Leshrac","Lina","110","54","56","0.4909090909090909","1.053067301977959"
"Jakiro","Silencer","110","54","56","0.4909090909090909","0.8770710777456378"
"Timbersaw","Muerta","110","54","56","0.4909090909090909","0.49631704200131394"
"Brewmaster","Spirit Breaker","55","27","28","0.4909090909090909","0.2822121639189183"
"Invoker","Sniper","55","27","28","0.4909090909090909","0.20094446920172293"
"Invoker","Broodmother","55","27","28","0.4909090909090909","0.030046060175627335"
"Razor","Earthshaker","55","27","28","0.4909090909090909","-0.024223159326994"
"Venomancer","Disruptor","55","27","28","0.4909090909090909","-0.1197774598717646"
"Juggernaut","Tusk","55","27","28","0.4909090909090909","-0.17846485505211068"
"Dragon Knight","Necrophos","55","27","28","0.4909090909090909","-0.8080097237391533"
"Tidehunter","Broodmother","55","27","28","0.4909090909090909","-1.038492480401429"
"Sand King","Viper","55","27","28","0.4909090909090909","-1.1558490064527405"
"Monkey King","Wraith King","55","27","28","0.4909090909090909","-1.310999118290002"
"Shadow Shaman","Slardar","55","27","28","0.4909090909090909","-1.3807405417673495"
"Lina","Broodmother","55","27","28","0.4909090909090909","-1.8764135849266068"
"Dragon Knight","Venomancer","55","27","28","0.4909090909090909","-3.790587435767533"
"Ember Spirit","Techies","218","107","111","0.4908256880733945","-0.05405514317064703"
"Terrorblade","Mirana","218","107","111","0.4908256880733945","-1.4160001781773381"
"Phoenix","Void Spirit","163","80","83","0.49079754601226994","0.36606525174802185"
"Phoenix","Vengeful Spirit","108","53","55","0.49074074074074076","0.49703798573593655"
"Terrorblade","Tusk","216","106","110","0.49074074074074076","0.4950543969431389"
"Spirit Breaker","Magnus","108","53","55","0.49074074074074076","0.26537621113446996"
"Marci","Lina","108","53","55","0.49074074074074076","0.18700055075299005"
"Zeus","Snapfire","108","53","55","0.49074074074074076","-0.9562693404876688"
"Ogre Magi","Monkey King","108","53","55","0.49074074074074076","-1.134659678607818"
"Grimstroke","Nature's Prophet","108","53","55","0.49074074074074076","-1.4669110468646016"
"Phoenix","Techies","108","53","55","0.49074074074074076","-3.381027964811858"
"Dragon Knight","Kunkka","161","79","82","0.4906832298136646","-1.3527514175822366"
"Lifestealer","Death Prophet","53","26","27","0.49056603773584906","1.0674791212078083"
"Kunkka","Bloodseeker","53","26","27","0.49056603773584906","0.5832119945172375"
"Mirana","Juggernaut","53","26","27","0.49056603773584906","0.4840267155203183"
"Ursa","Ringmaster","53","26","27","0.49056603773584906","0.45557476757527743"
"Sven","Beastmaster","106","52","54","0.49056603773584906","0.4297937095704656"
"Morphling","Pudge","53","26","27","0.49056603773584906","0.37570093937480087"
"Puck","Bounty Hunter","53","26","27","0.49056603773584906","0.3617230969622099"
"Phoenix","Templar Assassin","159","78","81","0.49056603773584906","0.1897680591538734"
"Earth Spirit","Shadow Shaman","53","26","27","0.49056603773584906","0.11650622051642319"
"Morphling","Zeus","53","26","27","0.49056603773584906","-0.3498348887207023"
"Clockwerk","Templar Assassin","212","104","108","0.49056603773584906","-0.48421255648854333"
"Abaddon","Slark","53","26","27","0.49056603773584906","-0.500079063673521"
"Ancient Apparition","Centaur Warrunner","53","26","27","0.49056603773584906","-0.957408118065151"
"Troll Warlord","Bane","53","26","27","0.49056603773584906","-0.9690800643999112"
"Timbersaw","Troll Warlord","53","26","27","0.49056603773584906","-0.9873304971253243"
"Muerta","Bounty Hunter","53","26","27","0.49056603773584906","-1.0315243977127397"
"Void Spirit","Viper","53","26","27","0.49056603773584906","-1.225829233587548"
"Pangolier","Doom","422","207","215","0.490521327014218","0.059115153939367726"
"Storm Spirit","Clockwerk","316","155","161","0.49050632911392406","0.3183897406663626"
"Dragon Knight","Gyrocopter","263","129","134","0.49049429657794674","-1.94049684928235"
"Beastmaster","Underlord","210","103","107","0.49047619047619045","-0.47073061341195427"
"Luna","Batrider","157","77","80","0.49044585987261147","0.9717590664186745"
"Sven","Mars","157","77","80","0.49044585987261147","-0.4277675448335411"
"Pangolier","Lifestealer","157","77","80","0.49044585987261147","-1.6948263839871431"
"Puck","Mars","365","179","186","0.4904109589041096","0.6811861446636214"
"Void Spirit","Winter Wyvern","104","51","53","0.49038461538461536","1.3260234171210679"
"Void Spirit","Snapfire","208","102","106","0.49038461538461536","-0.8853558459319599"
"Invoker","Muerta","104","51","53","0.49038461538461536","-0.9102979895301562"
"Shadow Demon","Leshrac","104","51","53","0.49038461538461536","-2.16668606401615"
"Tiny","Crystal Maiden","310","152","158","0.49032258064516127","-0.8107970067176288"
"Undying","Dragon Knight","155","76","79","0.49032258064516127","-0.8494042892319842"
"Bristleback","Muerta","155","76","79","0.49032258064516127","-0.8537875419823807"
"Phantom Assassin","Pangolier","155","76","79","0.49032258064516127","-1.44817182981829"
"Nature's Prophet","Monkey King","206","101","105","0.49029126213592233","-1.3281308525989444"
"Witch Doctor","Hoodwink","51","25","26","0.49019607843137253","4.555280046990893"
"Viper","Chen","51","25","26","0.49019607843137253","2.257654948349675"
"Ringmaster","Hoodwink","102","50","52","0.49019607843137253","1.84217571992719"
"Legion Commander","Timbersaw","51","25","26","0.49019607843137253","1.0634928576042069"
"Venomancer","Silencer","51","25","26","0.49019607843137253","0.998188554691478"
"Weaver","Dazzle","51","25","26","0.49019607843137253","0.889821673007024"
"Shadow Fiend","Clinkz","51","25","26","0.49019607843137253","0.5937544050790788"
"Rubick","Riki","102","50","52","0.49019607843137253","0.43269840964912604"
"Sniper","Lion","51","25","26","0.49019607843137253","0.362702122187074"
"Tusk","Anti-Mage","51","25","26","0.49019607843137253","0.34521869239233166"
"Bloodseeker","Primal Beast","51","25","26","0.49019607843137253","0.022095067384753975"
"Pangolier","Huskar","51","25","26","0.49019607843137253","-0.10737624481957189"
"Phantom Assassin","Sand King","51","25","26","0.49019607843137253","-0.3375134816232171"
"Ursa","Dragon Knight","153","75","78","0.49019607843137253","-0.3906899851005732"
"Phantom Lancer","Queen of Pain","51","25","26","0.49019607843137253","-0.5458034254076"
"Terrorblade","Pudge","51","25","26","0.49019607843137253","-0.8261362645722673"
"Ancient Apparition","Ringmaster","51","25","26","0.49019607843137253","-0.8992519704827134"
"Troll Warlord","Shadow Demon","51","25","26","0.49019607843137253","-0.9119975991649968"
"Tinker","Dragon Knight","51","25","26","0.49019607843137253","-1.0365247730487956"
"Queen of Pain","Silencer","102","50","52","0.49019607843137253","-1.3828331507537797"
"Medusa","Marci","51","25","26","0.49019607843137253","-1.7180006712335314"
"Spectre","Puck","51","25","26","0.49019607843137253","-2.073386526806315"
"Spectre","Snapfire","51","25","26","0.49019607843137253","-2.1969247456046244"
"Gyrocopter","Hoodwink","202","99","103","0.4900990099009901","-0.9341099943801078"
"Luna","Dragon Knight","151","74","77","0.4900662251655629","-1.0292489923998407"
"Silencer","Dragon Knight","100","49","51","0.49","-0.03406481540674349"
"Snapfire","Brewmaster","100","49","51","0.49","-1.0604328451631155"
"Sven","Brewmaster","100","49","51","0.49","-1.2636641154487551"
"Morphling","Anti-Mage","100","49","51","0.49","-1.9638390185883503"
"Centaur Warrunner","Timbersaw","149","73","76","0.4899328859060403","1.283420437613495"
"Doom","Wraith King","149","73","76","0.4899328859060403","0.08615821581467713"
"Batrider","Pugna","198","97","101","0.4898989898989899","-0.18459355742228895"
"Queen of Pain","Tiny","247","121","126","0.4898785425101215","-0.18208395569458566"
"Undying","Tiny","296","145","151","0.48986486486486486","-0.704116381026702"
"Grimstroke","Keeper of the Light","147","72","75","0.4897959183673469","1.8912148517795875"
"Jakiro","Gyrocopter","147","72","75","0.4897959183673469","-0.7666273492149973"
"Slark","Storm Spirit","98","48","50","0.4897959183673469","-1.521114370272528"
"Shadow Shaman","Ember Spirit","194","95","99","0.4896907216494845","0.039654748649724916"
"Centaur Warrunner","Sven","145","71","74","0.4896551724137931","0.8915267223721226"
"Earth Spirit","Beastmaster","145","71","74","0.4896551724137931","0.6819679784206597"
"Tiny","Clockwerk","578","283","295","0.48961937716262977","-0.7956103335495004"
"Void Spirit","Bristleback","96","47","49","0.4895833333333333","0.3800117050118638"
"Ember Spirit","Night Stalker","96","47","49","0.4895833333333333","0.30663785555243894"
"Elder Titan","Snapfire","96","47","49","0.4895833333333333","-0.041529393278573856"
"Brewmaster","Primal Beast","96","47","49","0.4895833333333333","-1.2193482603117343"
"Monkey King","Venomancer","96","47","49","0.4895833333333333","-1.5252441705245043"
"Weaver","Dragon Knight","143","70","73","0.48951048951048953","-0.46424339688000166"
"Hoodwink","Storm Spirit","333","163","170","0.4894894894894895","-1.084928214832484"
"Dragon Knight","Disruptor","190","93","97","0.48947368421052634","-0.6872796475677232"
"Puck","Shadow Shaman","237","116","121","0.48945147679324896","-0.34029727254600706"
"Dawnbreaker","Shadow Demon","94","46","48","0.48936170212765956","2.408534377947196"
"Invoker","Razor","94","46","48","0.48936170212765956","1.134480332847306"
"Terrorblade","Dark Willow","141","69","72","0.48936170212765956","0.7356567280518912"
"Enchantress","Disruptor","188","92","96","0.48936170212765956","0.5535309966514927"
"Kunkka","Disruptor","141","69","72","0.48936170212765956","0.32638547149205915"
"Centaur Warrunner","Undying","94","46","48","0.48936170212765956","-0.4513423366946131"
"Grimstroke","Lina","94","46","48","0.48936170212765956","-0.7888068061739851"
"Shadow Shaman","Batrider","141","69","72","0.48936170212765956","-0.9096487138808332"
"Sand King","Shadow Shaman","94","46","48","0.48936170212765956","-1.188416423052076"
"Centaur Warrunner","Shadow Shaman","94","46","48","0.48936170212765956","-1.1935643910036018"
"Shadow Fiend","Disruptor","141","69","72","0.48936170212765956","-1.5193767923324852"
"Shadow Demon","Centaur Warrunner","233","114","119","0.4892703862660944","-0.11560463700116543"
"Mirana","Beastmaster","233","114","119","0.4892703862660944","-0.35220422584987077"
"Dragon Knight","Death Prophet","186","91","95","0.489247311827957","-1.4348853626621707"
"Enchantress","Razor","139","68","71","0.4892086330935252","0.08721147620959252"
"Terrorblade","Tiny","415","203","212","0.4891566265060241","0.5050018048417264"
"Kunkka","Earth Spirit","92","45","47","0.4891304347826087","1.2853747529020743"
"Ogre Magi","Rubick","92","45","47","0.4891304347826087","0.2979973109197087"
"Lina","Timbersaw","92","45","47","0.4891304347826087","0.15724156953661583"
"Enchantress","Doom","276","135","141","0.4891304347826087","-0.5648389510153282"
"Rubick","Slark","184","90","94","0.4891304347826087","-0.6892799385142075"
"Templar Assassin","Lifestealer","92","45","47","0.4891304347826087","-2.3173684499954597"
"Techies","Naga Siren","92","45","47","0.4891304347826087","-2.460875693774491"
"Dragon Knight","Sand King","229","112","117","0.4890829694323144","0.1506192538951189"
"Juggernaut","Mars","137","67","70","0.48905109489051096","-0.07309887461664367"
"Dark Willow","Hoodwink","182","89","93","0.489010989010989","0.28023707381251434"
"Weaver","Mars","227","111","116","0.4889867841409692","-0.7829247464439117"
"Brewmaster","Keeper of the Light","90","44","46","0.4888888888888889","1.0454106996911001"
"Enigma","Hoodwink","135","66","69","0.4888888888888889","0.4029447151279058"
"Techies","Centaur Warrunner","90","44","46","0.4888888888888889","0.1996746857165409"
"Luna","Queen of Pain","135","66","69","0.4888888888888889","0.00426476843624496"
"Batrider","Invoker","180","88","92","0.4888888888888889","-0.046801419998526134"
"Broodmother","Storm Spirit","90","44","46","0.4888888888888889","-0.517392812441532"
"Void Spirit","Pugna","135","66","69","0.4888888888888889","-0.8415714009905767"
"Pangolier","Skywrath Mage","180","88","92","0.4888888888888889","-0.9589640661693579"
"Pugna","Magnus","135","66","69","0.4888888888888889","-1.8489798600597673"
"Viper","Terrorblade","90","44","46","0.4888888888888889","-2.757874613485222"
"Spirit Breaker","Shadow Demon","178","87","91","0.4887640449438202","-1.1007119853430867"
"Dragon Knight","Mirana","178","87","91","0.4887640449438202","-1.1761151474390525"
"Snapfire","Mars","444","217","227","0.48873873873873874","-0.6643097460806707"
"Shadow Demon","Faceless Void","133","65","68","0.48872180451127817","1.119248979302888"
"Shadow Fiend","Timbersaw","133","65","68","0.48872180451127817","0.1496344289102286"
"Lion","Morphling","133","65","68","0.48872180451127817","-1.6239417727272154"
"Queen of Pain","Tusk","221","108","113","0.48868778280542985","0.0134185259236351"
"Primal Beast","Batrider","221","108","113","0.48868778280542985","-0.5629527830266069"
"Batrider","Omniknight","88","43","45","0.48863636363636365","-1.4661126729618643"
"Queen of Pain","Ogre Magi","88","43","45","0.48863636363636365","-1.5030155425978429"
"Earth Spirit","Primal Beast","88","43","45","0.48863636363636365","-2.5813040227500563"
"Slardar","Lifestealer","88","43","45","0.48863636363636365","-2.813366229986631"
"Dazzle","Marci","88","43","45","0.48863636363636365","-3.6443324225097116"
"Tiny","Beastmaster","526","257","269","0.48859315589353614","-0.40045753569458103"
"Magnus","Enchantress","131","64","67","0.48854961832061067","0.9795841458143002"
"Magnus","Monkey King","131","64","67","0.48854961832061067","-0.14908866933807008"
"Ember Spirit","Timbersaw","262","128","134","0.48854961832061067","-1.3691119871214503"
"Lina","Puck","131","64","67","0.48854961832061067","-1.7994431772215702"
"Tiny","Alchemist","217","106","111","0.48847926267281105","0.06200875858404834"
"Muerta","Tiny","217","106","111","0.48847926267281105","-1.071096946426327"
"Timbersaw","Monkey King","215","105","110","0.4883720930232558","0.4422588546730126"
"Tusk","Phantom Assassin","86","42","44","0.4883720930232558","-0.3262573786313229"
"Luna","Windranger","86","42","44","0.4883720930232558","-0.35879749733107824"
"Gyrocopter","Leshrac","129","63","66","0.4883720930232558","-0.38037428911676974"
"Viper","Phoenix","86","42","44","0.4883720930232558","-0.8365392921880338"
"Spirit Breaker","Techies","129","63","66","0.4883720930232558","-0.9518514679057593"
"Storm Spirit","Lycan","86","42","44","0.4883720930232558","-1.3977835417803834"
"Batrider","Gyrocopter","258","126","132","0.4883720930232558","-1.4054217950193673"
"Grimstroke","Lifestealer","86","42","44","0.4883720930232558","-1.9342525249806433"
"Shadow Demon","Lion","213","104","109","0.48826291079812206","-0.28491328011066913"
"Terrorblade","Kunkka","170","83","87","0.48823529411764705","-1.2578707792968473"
"Morphling","Invoker","127","62","65","0.4881889763779528","0.13246437867421781"
"Luna","Doom","127","62","65","0.4881889763779528","0.005261276123811902"
"Ember Spirit","Pugna","254","124","130","0.4881889763779528","-0.022742345227150122"
"Razor","Kunkka","127","62","65","0.4881889763779528","-1.5024445532395831"
"Shadow Fiend","Death Prophet","127","62","65","0.4881889763779528","-2.1106600335990953"
"Windranger","Invoker","84","41","43","0.4880952380952381","1.500304300918564"
"Dark Seer","Naga Siren","84","41","43","0.4880952380952381","0.8210565052484298"
"Rubick","Dawnbreaker","168","82","86","0.4880952380952381","-0.21252643912420063"
"Earthshaker","Leshrac","84","41","43","0.4880952380952381","-0.31035682176423257"
"Terrorblade","Ogre Magi","84","41","43","0.4880952380952381","-0.4647300988236414"
"Puck","Medusa","168","82","86","0.4880952380952381","-0.5747830578236668"
"Viper","Timbersaw","84","41","43","0.4880952380952381","-1.735373294477963"
"Storm Spirit","Puck","334","163","171","0.4880239520958084","-0.9696885085885875"
"Tusk","Kunkka","207","101","106","0.48792270531400966","0.18270869660168584"
"Luna","Hoodwink","164","80","84","0.4878048780487805","1.061740760478184"
"Treant Protector","Enchantress","123","60","63","0.4878048780487805","0.8669177650513903"
"Gyrocopter","Pugna","82","40","42","0.4878048780487805","0.41873902616520325"
"Shadow Demon","Sven","123","60","63","0.4878048780487805","-0.26922421228215654"
"Jakiro","Clockwerk","164","80","84","0.4878048780487805","-0.2860229051339235"
"Bloodseeker","Morphling","82","40","42","0.4878048780487805","-0.3936176430370719"
"Skywrath Mage","Shadow Demon","82","40","42","0.4878048780487805","-1.5136764791726545"
"Monkey King","Spirit Breaker","82","40","42","0.4878048780487805","-1.5538795986203087"
"Doom","Naga Siren","123","60","63","0.4878048780487805","-1.9552995957398698"
"Invoker","Crystal Maiden","82","40","42","0.4878048780487805","-2.0569073298518563"
"Slark","Tiny","123","60","63","0.4878048780487805","-2.2240290656430446"
"Mars","Kunkka","326","159","167","0.48773006134969327","0.1267677821727142"
"Mars","Queen of Pain","285","139","146","0.48771929824561405","-1.868892743051956"
"Techies","Tiny","203","99","104","0.4876847290640394","0.8265101257795157"
"Hoodwink","Terrorblade","203","99","104","0.4876847290640394","-0.6291405492955972"
"Marci","Primal Beast","162","79","83","0.4876543209876543","-0.37892049423534696"
"Skywrath Mage","Mirana","121","59","62","0.48760330578512395","1.1292204898829032"
"Shadow Demon","Shadow Shaman","121","59","62","0.48760330578512395","1.0361560688533706"
"Lich","Pangolier","121","59","62","0.48760330578512395","0.7043282009118659"
"Windranger","Kunkka","121","59","62","0.48760330578512395","0.4935281947310969"
"Nature's Prophet","Tidehunter","121","59","62","0.48760330578512395","0.030738728736303934"
"Centaur Warrunner","Luna","121","59","62","0.48760330578512395","-1.9948333411760297"
"Dark Seer","Faceless Void","80","39","41","0.4875","1.114493469032122"
"Disruptor","Alchemist","80","39","41","0.4875","0.9575532334930376"
"Enchantress","Winter Wyvern","80","39","41","0.4875","-0.3359163752596702"
"Elder Titan","Enchantress","80","39","41","0.4875","-1.3575834297509277"
"Brewmaster","Slark","80","39","41","0.4875","-1.9952590942208726"
"Sand King","Dawnbreaker","80","39","41","0.4875","-3.6896021550097244"
"Io","Keeper of the Light","119","58","61","0.48739495798319327","-0.23136883468486774"
"Snapfire","Undying","357","174","183","0.48739495798319327","-0.3248525760094785"
"Phoenix","Razor","119","58","61","0.48739495798319327","-1.3690540855473512"
"Phoenix","Lina","158","77","81","0.4873417721518987","-2.0889595728226613"
"Storm Spirit","Rubick","355","173","182","0.48732394366197185","0.8090141758374263"
"Phoenix","Morphling","197","96","101","0.4873096446700508","0.19622958879570704"
"Undying","Clockwerk","197","96","101","0.4873096446700508","-0.4140384743807816"
"Invoker","Hoodwink","197","96","101","0.4873096446700508","-1.8654767061043034"
"Kunkka","Ogre Magi","78","38","40","0.48717948717948717","0.9138438230141516"
"Luna","Kunkka","156","76","80","0.48717948717948717","0.3250330142765346"
"Bloodseeker","Tiny","156","76","80","0.48717948717948717","0.032589959323716895"
"Batrider","Dragon Knight","234","114","120","0.48717948717948717","-0.06621270084088667"
"Broodmother","Undying","78","38","40","0.48717948717948717","-0.0766930609875812"
"Puck","Gyrocopter","195","95","100","0.48717948717948717","-0.3636464569591678"
"Bristleback","Slardar","78","38","40","0.48717948717948717","-0.37677090111139666"
"Windranger","Slardar","117","57","60","0.48717948717948717","-0.5611299091300708"
"Windranger","Enchantress","156","76","80","0.48717948717948717","-0.6462676013344358"
"Shadow Shaman","Dawnbreaker","78","38","40","0.48717948717948717","-0.6829590017569196"
"Dragon Knight","Ogre Magi","78","38","40","0.48717948717948717","-1.046221876550819"
"Hoodwink","Bristleback","156","76","80","0.48717948717948717","-1.8266202786867076"
"Skywrath Mage","Timbersaw","117","57","60","0.48717948717948717","-2.254976265078235"
"Medusa","Earth Spirit","78","38","40","0.48717948717948717","-2.713977672855481"
"Weaver","Bane","310","151","159","0.4870967741935484","-0.9954715536029073"
"Monkey King","Mirana","232","113","119","0.4870689655172414","-1.8167566044862522"
"Timbersaw","Puck","193","94","99","0.48704663212435234","-0.3055381983238711"
"Queen of Pain","Hoodwink","193","94","99","0.48704663212435234","-0.5183570051388405"
"Shadow Shaman","Tusk","154","75","79","0.487012987012987","-0.4005854564490104"
"Dragon Knight","Phantom Assassin","115","56","59","0.48695652173913045","0.03917324447782624"
"Dragon Knight","Naga Siren","115","56","59","0.48695652173913045","-0.25494825749796013"
"Leshrac","Nature's Prophet","115","56","59","0.48695652173913045","-2.493375221767737"
"Clockwerk","Puck","306","149","157","0.4869281045751634","-0.9230395942280878"
"Muerta","Pugna","152","74","78","0.4868421052631579","0.5301972901343165"
"Shadow Demon","Batrider","304","148","156","0.4868421052631579","0.4302123141085194"
"Shadow Demon","Ursa","76","37","39","0.4868421052631579","0.11375113524161257"
"Enigma","Treant Protector","76","37","39","0.4868421052631579","-0.2789811061546876"
"Undying","Lich","76","37","39","0.4868421052631579","-1.129702374520506"
"Storm Spirit","Morphling","228","111","117","0.4868421052631579","-1.152548286436434"
"Rubick","Earth Spirit","152","74","78","0.4868421052631579","-1.2522501056511435"
"Grimstroke","Pangolier","378","184","194","0.48677248677248675","0.2822301921245834"
"Pugna","Dragon Knight","189","92","97","0.48677248677248675","0.10311659295072492"
"Abaddon","Batrider","189","92","97","0.48677248677248675","-0.05496485329425841"
"Morphling","Enchantress","226","110","116","0.48672566371681414","0.24309672865422768"
"Queen of Pain","Snapfire","226","110","116","0.48672566371681414","-0.13982411454781052"
"Void Spirit","Marci","113","55","58","0.48672566371681414","-0.4468022268659298"
"Pangolier","Night Stalker","113","55","58","0.48672566371681414","-1.1071391167139113"
"Silencer","Lycan","113","55","58","0.48672566371681414","-1.5415039356172635"
"Rubick","Death Prophet","376","183","193","0.4867021276595745","-2.0177417214766473"
"Weaver","Templar Assassin","150","73","77","0.4866666666666667","-0.4071121263332617"
"Ember Spirit","Queen of Pain","300","146","154","0.4866666666666667","-0.6957990089457892"
"Morphling","Timbersaw","150","73","77","0.4866666666666667","-1.4990215499095603"
"Void Spirit","Doom","187","91","96","0.48663101604278075","-0.17214804428756253"
"Leshrac","Chen","74","36","38","0.4864864864864865","1.0204525908984052"
"Undying","Kunkka","111","54","57","0.4864864864864865","0.9411370592218881"
"Clockwerk","Ogre Magi","111","54","57","0.4864864864864865","0.1989244916030927"
"Kunkka","Sand King","111","54","57","0.4864864864864865","0.07399655154397425"
"Keeper of the Light","Chaos Knight","74","36","38","0.4864864864864865","-0.661596455326519"
"Dragon Knight","Muerta","148","72","76","0.4864864864864865","-0.8135556774664879"
"Io","Tusk","74","36","38","0.4864864864864865","-1.0354462316511286"
"Juggernaut","Void Spirit","74","36","38","0.4864864864864865","-1.1988401949922711"
"Sniper","Puck","111","54","57","0.4864864864864865","-1.3638263748279265"
"Dragon Knight","Chen","111","54","57","0.4864864864864865","-1.588218620565907"
"Brewmaster","Templar Assassin","111","54","57","0.4864864864864865","-1.7859626624060927"
"Pugna","Dawnbreaker","74","36","38","0.4864864864864865","-2.156184744967477"
"Chaos Knight","Marci","74","36","38","0.4864864864864865","-2.223677057989131"
"Shadow Fiend","Puck","148","72","76","0.4864864864864865","-2.7153697291853054"
"Windranger","Templar Assassin","111","54","57","0.4864864864864865","-3.988505074694846"
"Phoenix","Pangolier","366","178","188","0.48633879781420764","-0.3865338726308793"
"Invoker","Lina","146","71","75","0.4863013698630137","1.2560534757970658"
"Enchantress","Kunkka","146","71","75","0.4863013698630137","-1.3133143217300167"
"Broodmother","Pangolier","146","71","75","0.4863013698630137","-1.4626293572795706"
"Centaur Warrunner","Slardar","146","71","75","0.4863013698630137","-1.5154626897925842"
"Pangolier","Dark Willow","255","124","131","0.48627450980392156","-1.8072325987296431"
"Gyrocopter","Warlock","109","53","56","0.48623853211009177","0.40277067552386353"
"Shadow Fiend","Snapfire","218","106","112","0.48623853211009177","-0.6559229740982078"
"Tidehunter","Io","109","53","56","0.48623853211009177","-0.7912175136380776"
"Magnus","Lich","109","53","56","0.48623853211009177","-0.9760067924561993"
"Pangolier","Terrorblade","327","159","168","0.48623853211009177","-1.2980002606706706"
"Mirana","Enigma","109","53","56","0.48623853211009177","-1.9825728664805382"
"Snapfire","Silencer","181","88","93","0.4861878453038674","-0.4381782201514423"
"Dark Willow","Sven","72","35","37","0.4861111111111111","0.893125133120679"
"Naga Siren","Pudge","72","35","37","0.4861111111111111","-0.3939884664784633"
"Shadow Fiend","Sniper","72","35","37","0.4861111111111111","-0.396561779026365"
"Clockwerk","Riki","72","35","37","0.4861111111111111","-0.8226179875744777"
"Invoker","Vengeful Spirit","72","35","37","0.4861111111111111","-1.0299268156088566"
"Razor","Batrider","144","70","74","0.4861111111111111","-1.3653547819750809"
"Shadow Shaman","Pugna","72","35","37","0.4861111111111111","-1.5541656842584186"
"Axe","Windranger","72","35","37","0.4861111111111111","-3.8509985311810326"
"Leshrac","Dark Willow","107","52","55","0.48598130841121495","1.2021759454786123"
"Grimstroke","Leshrac","107","52","55","0.48598130841121495","1.1619558808010193"
"Legion Commander","Rubick","107","52","55","0.48598130841121495","0.65686350414617"
"Snapfire","Techies","107","52","55","0.48598130841121495","-1.4853971146076403"
"Storm Spirit","Alchemist","142","69","73","0.4859154929577465","0.8890519619100629"
"Doom","Razor","142","69","73","0.4859154929577465","-0.36914807275414646"
"Zeus","Clockwerk","142","69","73","0.4859154929577465","-2.5675358503921593"
"Shadow Fiend","Batrider","175","85","90","0.4857142857142857","0.4388797052974484"
"Grimstroke","Slardar","70","34","36","0.4857142857142857","0.019753818617098774"
"Centaur Warrunner","Enigma","105","51","54","0.4857142857142857","-0.012055085905542506"
"Marci","Alchemist","70","34","36","0.4857142857142857","-0.15776362228809981"
"Lycan","Earthshaker","70","34","36","0.4857142857142857","-0.22879161783077376"
"Disruptor","Crystal Maiden","175","85","90","0.4857142857142857","-0.4415808824768679"
"Puck","Jakiro","210","102","108","0.4857142857142857","-0.47603994973922187"
"Dark Willow","Sniper","70","34","36","0.4857142857142857","-0.6187611214319694"
"Drow Ranger","Terrorblade","70","34","36","0.4857142857142857","-1.5145544038158785"
"Windranger","Crystal Maiden","105","51","54","0.4857142857142857","-1.7629455173859894"
"Tiny","Huskar","70","34","36","0.4857142857142857","-1.9268535290912456"
"Ember Spirit","Grimstroke","210","102","108","0.4857142857142857","-2.016509316797092"
"Slardar","Primal Beast","70","34","36","0.4857142857142857","-2.4148675434243456"
"Skywrath Mage","Sand King","70","34","36","0.4857142857142857","-2.773010622029261"
"Lion","Brewmaster","70","34","36","0.4857142857142857","-2.8177767242426066"
"Tiny","Bristleback","278","135","143","0.4856115107913669","0.6130713163255982"
"Lion","Mars","243","118","125","0.48559670781893005","-1.18883060694513"
"Puck","Razor","208","101","107","0.4855769230769231","1.3479149472554417"
"Tidehunter","Luna","138","67","71","0.4855072463768116","-0.58529993754391"
"Marci","Winter Wyvern","103","50","53","0.4854368932038835","-0.095042008139208"
"Undying","Beastmaster","206","100","106","0.4854368932038835","-0.6002355738076068"
"Mirana","Bloodseeker","103","50","53","0.4854368932038835","-1.5156220591644682"
"Visage","Ember Spirit","103","50","53","0.4854368932038835","-2.0799778706568346"
"Undying","Silencer","136","66","70","0.4852941176470588","0.45823236916317905"
"Warlock","Pangolier","136","66","70","0.4852941176470588","0.282420291412661"
"Hoodwink","Rubick","544","264","280","0.4852941176470588","-0.00335014761546619"
"Hoodwink","Dazzle","68","33","35","0.4852941176470588","-0.02091495079285912"
"Warlock","Dark Seer","68","33","35","0.4852941176470588","-0.12618293848596202"
"Disruptor","Pugna","136","66","70","0.4852941176470588","-0.31088038012843866"
"Batrider","Dark Seer","136","66","70","0.4852941176470588","-0.5504719733503306"
"Earth Spirit","Razor","68","33","35","0.4852941176470588","-0.7078932291000477"
"Tiny","Brewmaster","204","99","105","0.4852941176470588","-1.1347057623970427"
"Brewmaster","Warlock","68","33","35","0.4852941176470588","-1.5324488059302337"
"Techies","Shadow Demon","136","66","70","0.4852941176470588","-1.6362833735286506"
"Viper","Warlock","68","33","35","0.4852941176470588","-1.6818208663000909"
"Tusk","Visage","68","33","35","0.4852941176470588","-1.732520385620262"
"Pugna","Shadow Fiend","68","33","35","0.4852941176470588","-2.891127536992201"
"Ancient Apparition","Pangolier","101","49","52","0.48514851485148514","0.7354483601111973"
"Leshrac","Weaver","101","49","52","0.48514851485148514","-0.08946066649789294"
"Death Prophet","Bloodseeker","101","49","52","0.48514851485148514","-0.39085477346018693"
"Dawnbreaker","Marci","202","98","104","0.48514851485148514","-1.1130911681615356"
"Keeper of the Light","Jakiro","101","49","52","0.48514851485148514","-2.3710273114798235"
"Dragon Knight","Windranger","167","81","86","0.48502994011976047","-1.4773140533957692"
"Grimstroke","Snapfire","200","97","103","0.485","-0.08599244754871103"
"Templar Assassin","Ember Spirit","266","129","137","0.4849624060150376","-0.6968132512538961"
"Storm Spirit","Templar Assassin","266","129","137","0.4849624060150376","-1.4581154003429335"
"Dark Willow","Enchantress","132","64","68","0.48484848484848486","1.007573544803634"
"Storm Spirit","Earth Spirit","132","64","68","0.48484848484848486","0.7507403216964081"
"Dark Seer","Monkey King","99","48","51","0.48484848484848486","0.5764412221653673"
"Shadow Shaman","Treant Protector","66","32","34","0.48484848484848486","-0.11022592110222584"
"Timbersaw","Weaver","132","64","68","0.48484848484848486","-0.1289545643114277"
"Ogre Magi","Lina","66","32","34","0.48484848484848486","-0.1610515657892097"
"Ogre Magi","Invoker","66","32","34","0.48484848484848486","-0.27770300820409943"
"Enigma","Faceless Void","66","32","34","0.48484848484848486","-0.31459029975507274"
"Vengeful Spirit","Timbersaw","66","32","34","0.48484848484848486","-0.31937932721679374"
"Invoker","Nyx Assassin","66","32","34","0.48484848484848486","-0.3644202218866853"
"Ursa","Mars","165","80","85","0.48484848484848486","-0.5569494625900139"
"Muerta","Gyrocopter","132","64","68","0.48484848484848486","-0.6199489946139384"
"Io","Ancient Apparition","66","32","34","0.48484848484848486","-0.822735731509112"
"Skywrath Mage","Void Spirit","99","48","51","0.48484848484848486","-1.012269705204586"
"Tusk","Winter Wyvern","66","32","34","0.48484848484848486","-1.085878703820077"
"Phantom Assassin","Nyx Assassin","66","32","34","0.48484848484848486","-1.5155269502782924"
"Lion","Puck","231","112","119","0.48484848484848486","-1.6048915497716767"
"Skywrath Mage","Grimstroke","99","48","51","0.48484848484848486","-1.654505248425942"
"Vengeful Spirit","Storm Spirit","66","32","34","0.48484848484848486","-1.7012934496996772"
"Lifestealer","Windranger","66","32","34","0.48484848484848486","-1.7145201607780025"
"Earthshaker","Storm Spirit","132","64","68","0.48484848484848486","-1.762587979860862"
"Razor","Troll Warlord","66","32","34","0.48484848484848486","-2.4320098403199855"
"Lion","Lina","99","48","51","0.48484848484848486","-2.90046831185545"
"Centaur Warrunner","Dragon Knight","262","127","135","0.4847328244274809","-0.41567953821445747"
"Death Prophet","Ember Spirit","196","95","101","0.4846938775510204","-0.12718946029086883"
"Storm Spirit","Nature's Prophet","196","95","101","0.4846938775510204","-0.8059762731647486"
"Sven","Dark Seer","163","79","84","0.48466257668711654","-0.7768262050539357"
"Weaver","Gyrocopter","130","63","67","0.4846153846153846","-0.021855164120853733"
"Queen of Pain","Lion","130","63","67","0.4846153846153846","-1.3433717395848803"
"Undying","Primal Beast","130","63","67","0.4846153846153846","-1.8739237753309237"
"Io","Templar Assassin","97","47","50","0.4845360824742268","0.8932881095936352"
"Bloodseeker","Weaver","97","47","50","0.4845360824742268","0.7940132247492765"
"Doom","Brewmaster","97","47","50","0.4845360824742268","-1.2315718708925634"
"Kunkka","Ursa","97","47","50","0.4845360824742268","-1.6709892750717719"
"Crystal Maiden","Alchemist","97","47","50","0.4845360824742268","-1.9236241813196753"
"Abaddon","Rubick","97","47","50","0.4845360824742268","-2.338753478249689"
"Enchantress","Brewmaster","97","47","50","0.4845360824742268","-4.034611782424658"
"Batrider","Mars","353","171","182","0.48441926345609065","-0.7412696927586825"
"Tidehunter","Chaos Knight","64","31","33","0.484375","0.6223024698940667"
"Spirit Breaker","Luna","64","31","33","0.484375","0.4323234561800675"
"Invoker","Nature's Prophet","128","62","66","0.484375","-0.00020260751345959862"
"Sniper","Undying","64","31","33","0.484375","-0.5869526218617293"
"Lina","Naga Siren","64","31","33","0.484375","-1.0045092439293621"
"Rubick","Slardar","128","62","66","0.484375","-1.2762687552886018"
"Enigma","Gyrocopter","128","62","66","0.484375","-1.5808810732848595"
"Enchantress","Skywrath Mage","128","62","66","0.484375","-1.9326250542304018"
"Io","Spirit Breaker","64","31","33","0.484375","-2.105877264577623"
"Sniper","Kunkka","64","31","33","0.484375","-2.679205366473334"
"Slardar","Dawnbreaker","64","31","33","0.484375","-4.379025199926087"
"Tusk","Disruptor","287","139","148","0.4843205574912892","-0.3561698292426911"
"Razor","Tiny","287","139","148","0.4843205574912892","-1.2163411308353367"
"Queen of Pain","Void Spirit","159","77","82","0.48427672955974843","-0.1667900571416743"
"Mars","Shadow Shaman","159","77","82","0.48427672955974843","-0.977640196114619"
"Clockwerk","Bristleback","159","77","82","0.48427672955974843","-0.9801180923890583"
"Winter Wyvern","Snapfire","95","46","49","0.4842105263157895","0.5543164461515405"
"Batrider","Visage","95","46","49","0.4842105263157895","0.5167490656626403"
"Zeus","Phoenix","95","46","49","0.4842105263157895","-0.15552594456042435"
"Tusk","Spirit Breaker","95","46","49","0.4842105263157895","-1.2538230734256892"
"Enigma","Nature's Prophet","95","46","49","0.4842105263157895","-1.9919829276890928"
"Shadow Fiend","Bane","95","46","49","0.4842105263157895","-2.1345594400377497"
"Slark","Magnus","95","46","49","0.4842105263157895","-2.5075730483948333"
"Spirit Breaker","Undying","95","46","49","0.4842105263157895","-3.039945921556422"
"Ursa","Phoenix","221","107","114","0.4841628959276018","-1.7893408099551713"
"Alchemist","Batrider","126","61","65","0.48412698412698413","-1.044693055220314"
"Tiny","Storm Spirit","535","259","276","0.48411214953271026","-1.1274681854469168"
"Dragon Knight","Snapfire","283","137","146","0.4840989399293286","-1.090133995184354"
"Razor","Death Prophet","157","76","81","0.4840764331210191","-1.6662207397767486"
"Mars","Rubick","312","151","161","0.483974358974359","-1.4559705669717362"
"Ember Spirit","Pudge","93","45","48","0.4838709677419355","1.0309959231403134"
"Batrider","Sand King","124","60","64","0.4838709677419355","0.5627094385569792"
"Dark Willow","Gyrocopter","155","75","80","0.4838709677419355","0.5048201646373589"
"Tusk","Sniper","124","60","64","0.4838709677419355","0.31378870564853617"
"Disruptor","Juggernaut","62","30","32","0.4838709677419355","0.10185457458863796"
"Dazzle","Enchantress","62","30","32","0.4838709677419355","-0.025578260445717555"
"Abaddon","Mirana","124","60","64","0.4838709677419355","-0.4744399948353096"
"Puck","Nature's Prophet","186","90","96","0.4838709677419355","-0.6141177737408713"
"Tusk","Centaur Warrunner","248","120","128","0.4838709677419355","-0.6685544511384104"
"Weaver","Keeper of the Light","93","45","48","0.4838709677419355","-0.9781384010759475"
"Leshrac","Keeper of the Light","124","60","64","0.4838709677419355","-1.0915849685285794"
"Vengeful Spirit","Faceless Void","93","45","48","0.4838709677419355","-1.155164683084073"
"Kez","Windranger","62","30","32","0.4838709677419355","-1.2331934571908683"
"Ursa","Primal Beast","93","45","48","0.4838709677419355","-1.2872746761570777"
"Invoker","Chaos Knight","62","30","32","0.4838709677419355","-1.3316557009914465"
"Lifestealer","Medusa","62","30","32","0.4838709677419355","-1.3995875535873425"
"Ancient Apparition","Beastmaster","93","45","48","0.4838709677419355","-1.494569288218523"
"Queen of Pain","Night Stalker","62","30","32","0.4838709677419355","-1.5248284163739985"
"Dragon Knight","Brewmaster","93","45","48","0.4838709677419355","-1.6997521851086688"
"Shadow Shaman","Pangolier","155","75","80","0.4838709677419355","-1.7260621807061054"
"Storm Spirit","Axe","124","60","64","0.4838709677419355","-2.1166400605791202"
"Leshrac","Treant Protector","124","60","64","0.4838709677419355","-2.1254745060974187"
"Naga Siren","Sniper","62","30","32","0.4838709677419355","-2.167839819669123"
"Dark Seer","Shadow Demon","93","45","48","0.4838709677419355","-2.347563324138894"
"Techies","Dark Willow","62","30","32","0.4838709677419355","-3.4258853668082065"
"Earthshaker","Bane","62","30","32","0.4838709677419355","-4.897925300282297"
"Batrider","Beastmaster","308","149","159","0.4837662337662338","-1.7058007535594133"
"Invoker","Pangolier","277","134","143","0.48375451263537905","-1.2919054554826848"
"Puck","Night Stalker","184","89","95","0.483695652173913","-0.2234187196148997"
"Ember Spirit","Earthshaker","153","74","79","0.48366013071895425","0.0990222250686025"
"Medusa","Sand King","122","59","63","0.48360655737704916","1.3005198802171163"
"Abaddon","Tusk","122","59","63","0.48360655737704916","0.5535582133040344"
"Enchantress","Weaver","122","59","63","0.48360655737704916","-0.5064253320679506"
"Phoenix","Shadow Demon","213","103","110","0.4835680751173709","-0.02350741471426086"
"Terrorblade","Ringmaster","91","44","47","0.4835164835164835","-0.06212171473301806"
"Ursa","Invoker","91","44","47","0.4835164835164835","-0.14157182888611597"
"Sand King","Abaddon","91","44","47","0.4835164835164835","-0.5328567939997172"
"Phoenix","Sven","91","44","47","0.4835164835164835","-0.8403611780173321"
"Shadow Fiend","Jakiro","151","73","78","0.48344370860927155","-0.18283316360540539"
"Clockwerk","Marci","211","102","109","0.4834123222748815","-0.676145280092395"
"Marci","Lion","60","29","31","0.48333333333333334","2.942452623281096"
"Anti-Mage","Ember Spirit","60","29","31","0.48333333333333334","1.113236779205025"
"Skywrath Mage","Spirit Breaker","60","29","31","0.48333333333333334","0.27883172108480875"
"Nyx Assassin","Abaddon","60","29","31","0.48333333333333334","-0.0017644826177142174"
"Shadow Fiend","Leshrac","120","58","62","0.48333333333333334","-0.45155477128340377"
"Wraith King","Mirana","60","29","31","0.48333333333333334","-0.7395080765607475"
"Treant Protector","Kunkka","120","58","62","0.48333333333333334","-0.9905450915864347"
"Jakiro","Alchemist","60","29","31","0.48333333333333334","-0.9925623889271812"
"Slardar","Keeper of the Light","60","29","31","0.48333333333333334","-0.9973855946794096"
"Razor","Timbersaw","120","58","62","0.48333333333333334","-1.0883850204681218"
"Phantom Assassin","Hoodwink","60","29","31","0.48333333333333334","-1.0936784213698114"
"Pudge","Undying","60","29","31","0.48333333333333334","-1.1585745153089464"
"Muerta","Ursa","60","29","31","0.48333333333333334","-1.6242176842166811"
"Lifestealer","Bloodseeker","60","29","31","0.48333333333333334","-1.738634992166006"
"Batrider","Clinkz","60","29","31","0.48333333333333334","-2.490707592745642"
"Monkey King","Techies","120","58","62","0.48333333333333334","-2.795478054229159"
"Terrorblade","Broodmother","60","29","31","0.48333333333333334","-3.694414379499784"
"Jakiro","Io","60","29","31","0.48333333333333334","-4.5052716967375614"
"Templar Assassin","Gyrocopter","149","72","77","0.48322147651006714","0.692928458376135"
"Beastmaster","Razor","149","72","77","0.48322147651006714","0.2038067945443772"
"Pangolier","Techies","238","115","123","0.4831932773109244","-0.938431465416161"
"Marci","Gyrocopter","89","43","46","0.48314606741573035","0.07923154722040189"
"Vengeful Spirit","Dark Willow","89","43","46","0.48314606741573035","-0.22393842433354832"
"Dawnbreaker","Undying","89","43","46","0.48314606741573035","-1.0632019868296505"
"Axe","Mars","89","43","46","0.48314606741573035","-1.6242813886199345"
"Earth Spirit","Centaur Warrunner","89","43","46","0.48314606741573035","-1.779623417579359"
"Chaos Knight","Puck","89","43","46","0.48314606741573035","-2.7299304286228"
"Alchemist","Dawnbreaker","89","43","46","0.48314606741573035","-3.240809734637509"
"Medusa","Pangolier","236","114","122","0.4830508474576271","-0.14419163484817313"
"Phoenix","Enigma","118","57","61","0.4830508474576271","-0.2672863590073479"
"Luna","Terrorblade","118","57","61","0.4830508474576271","-0.5200636923921154"
"Mars","Terrorblade","236","114","122","0.4830508474576271","-1.072378988225389"
"Enchantress","Leshrac","147","71","76","0.48299319727891155","0.08181060778923578"
"Pangolier","Clockwerk","441","213","228","0.48299319727891155","-0.34056314884295985"
"Hoodwink","Weaver","147","71","76","0.48299319727891155","-1.394857213371005"
"Bristleback","Alchemist","87","42","45","0.4827586206896552","1.5417451759002736"
"Dark Willow","Shadow Shaman","116","56","60","0.4827586206896552","1.5328127579322013"
"Dawnbreaker","Lion","116","56","60","0.4827586206896552","1.0614590982194425"
"Enchantress","Lifestealer","87","42","45","0.4827586206896552","1.0380682926766807"
"Earthshaker","Sand King","58","28","30","0.4827586206896552","0.3609275631963519"
"Enigma","Leshrac","116","56","60","0.4827586206896552","0.3182767076026778"
"Ogre Magi","Hoodwink","87","42","45","0.4827586206896552","0.1974153773739255"
"Crystal Maiden","Lycan","58","28","30","0.4827586206896552","-0.02864015695614189"
"Beastmaster","Centaur Warrunner","203","98","105","0.4827586206896552","-0.04910556701552662"
"Bloodseeker","Undying","87","42","45","0.4827586206896552","-0.07655083440103855"
"Winter Wyvern","Skywrath Mage","58","28","30","0.4827586206896552","-0.32691010517099395"
"Marci","Shadow Shaman","87","42","45","0.4827586206896552","-0.618505517573653"
"Spectre","Magnus","58","28","30","0.4827586206896552","-0.799039004225323"
"Underlord","Muerta","87","42","45","0.4827586206896552","-0.9808620051967927"
"Razor","Rubick","174","84","90","0.4827586206896552","-1.3133286613794535"
"Sand King","Hoodwink","232","112","120","0.4827586206896552","-1.3455946503891567"
"Crystal Maiden","Dragon Knight","145","70","75","0.4827586206896552","-1.3502469539920317"
"Wraith King","Io","58","28","30","0.4827586206896552","-1.3656620354907285"
"Spirit Breaker","Phoenix","58","28","30","0.4827586206896552","-1.3952208154722896"
"Queen of Pain","Warlock","87","42","45","0.4827586206896552","-1.6405693175137093"
"Warlock","Medusa","58","28","30","0.4827586206896552","-1.7616833313978089"
"Abaddon","Magnus","87","42","45","0.4827586206896552","-2.052469223541673"
"Lion","Slark","58","28","30","0.4827586206896552","-3.9863023354390013"
"Io","Ogre Magi","58","28","30","0.4827586206896552","-5.363033624990977"
"Shadow Fiend","Tusk","201","97","104","0.48258706467661694","-0.6578800813459277"
"Doom","Shadow Demon","172","83","89","0.48255813953488375","0.028479859649069236"
"Clockwerk","Nyx Assassin","172","83","89","0.48255813953488375","-1.0506920936121313"
"Sven","Gyrocopter","143","69","74","0.4825174825174825","-0.6418569604117601"
"Lion","Gyrocopter","143","69","74","0.4825174825174825","-1.2498614258029517"
"Timbersaw","Dark Willow","143","69","74","0.4825174825174825","-1.435105887608675"
"Tusk","Puck","371","179","192","0.48247978436657685","-0.6881062690835907"
"Puck","Primal Beast","199","96","103","0.4824120603015075","-0.1972805158517048"
"Night Stalker","Shadow Demon","85","41","44","0.4823529411764706","0.3465133241943898"
"Grimstroke","Phantom Assassin","85","41","44","0.4823529411764706","-0.16139241836578802"
"Pudge","Snapfire","85","41","44","0.4823529411764706","-0.9820886255869733"
"Tusk","Invoker","170","82","88","0.4823529411764706","-1.1400937088170229"
"Spirit Breaker","Pugna","85","41","44","0.4823529411764706","-1.145016389109216"
"Sand King","Luna","85","41","44","0.4823529411764706","-1.3297259949889682"
"Beastmaster","Elder Titan","85","41","44","0.4823529411764706","-1.8602925819632954"
"Enigma","Disruptor","85","41","44","0.4823529411764706","-2.327022512753383"
"Sven","Lion","85","41","44","0.4823529411764706","-2.8079408742334415"
"Pangolier","Disruptor","311","150","161","0.48231511254019294","-0.5562884308852816"
"Void Spirit","Puck","508","245","263","0.4822834645669291","-0.6323371078279487"
"Shadow Demon","Mirana","141","68","73","0.48226950354609927","-0.9280481509059751"
"Ogre Magi","Magnus","56","27","29","0.48214285714285715","0.4967798883042119"
"Troll Warlord","Lifestealer","56","27","29","0.48214285714285715","0.3939968510206541"
"Magnus","Death Prophet","56","27","29","0.48214285714285715","-0.059507737811576"
"Undying","Muerta","56","27","29","0.48214285714285715","-0.2244201243217336"
"Silencer","Nyx Assassin","56","27","29","0.48214285714285715","-0.5174914453779753"
"Gyrocopter","Lycan","56","27","29","0.48214285714285715","-0.9292098120278871"
"Undying","Tusk","224","108","116","0.48214285714285715","-0.9759202362519861"
"Death Prophet","Naga Siren","56","27","29","0.48214285714285715","-1.1911258627751764"
"Muerta","Tidehunter","112","54","58","0.48214285714285715","-1.2640370693981668"
"Phoenix","Timbersaw","168","81","87","0.48214285714285715","-1.3332907994738565"
"Abaddon","Slardar","56","27","29","0.48214285714285715","-1.5161893818946506"
"Skywrath Mage","Jakiro","112","54","58","0.48214285714285715","-1.5762926208886319"
"Crystal Maiden","Doom","168","81","87","0.48214285714285715","-1.8393905496814469"
"Axe","Ember Spirit","112","54","58","0.48214285714285715","-2.5136426900367614"
"Dazzle","Warlock","56","27","29","0.48214285714285715","-2.898403876184735"
"Chaos Knight","Lina","56","27","29","0.48214285714285715","-2.949071061197164"
"Earth Spirit","Vengeful Spirit","56","27","29","0.48214285714285715","-3.525513260753552"
"Morphling","Terrorblade","222","107","115","0.481981981981982","-0.5452726443091043"
"Vengeful Spirit","Terrorblade","83","40","43","0.4819277108433735","1.5910236306476544"
"Zeus","Timbersaw","83","40","43","0.4819277108433735","-0.11767863671271603"
"Rubick","Pangolier","581","280","301","0.4819277108433735","-0.8911835315154042"
"Bristleback","Abaddon","83","40","43","0.4819277108433735","-0.9163233332572487"
"Hoodwink","Broodmother","83","40","43","0.4819277108433735","-1.1057451197881665"
"Tidehunter","Underlord","83","40","43","0.4819277108433735","-1.5733427170043202"
"Batrider","Tiny","498","240","258","0.4819277108433735","-2.0669045830376747"
"Chaos Knight","Underlord","83","40","43","0.4819277108433735","-2.3514132152325486"
"Dragon Knight","Elder Titan","83","40","43","0.4819277108433735","-3.008178309693074"
"Invoker","Keeper of the Light","83","40","43","0.4819277108433735","-3.2114588329239155"
"Viper","Tusk","110","53","57","0.4818181818181818","-1.2366338293342702"
"Dragon Knight","Templar Assassin","220","106","114","0.4818181818181818","-1.5701491813939925"
"Grimstroke","Dark Willow","137","66","71","0.48175182481751827","-0.7330245695994883"
"Troll Warlord","Tiny","137","66","71","0.48175182481751827","-1.6526603949820522"
"Magnus","Tidehunter","137","66","71","0.48175182481751827","-2.6971735802315155"
"Lifestealer","Rubick","164","79","85","0.4817073170731707","-2.6572591602047995"
"Tusk","Clockwerk","409","197","212","0.48166259168704156","-0.41538672134755694"
"Tusk","Pangolier","488","235","253","0.48155737704918034","-0.06860626456593162"
"Nyx Assassin","Bristleback","54","26","28","0.48148148148148145","2.1961751479917995"
"Vengeful Spirit","Troll Warlord","54","26","28","0.48148148148148145","1.3174122704219438"
"Ogre Magi","Tusk","81","39","42","0.48148148148148145","0.9850084027581758"
"Ember Spirit","Omniknight","54","26","28","0.48148148148148145","0.6904760753529575"
"Silencer","Crystal Maiden","108","52","56","0.48148148148148145","0.5194190246591895"
"Nature's Prophet","Broodmother","54","26","28","0.48148148148148145","0.3505368659448788"
"Alchemist","Slardar","54","26","28","0.48148148148148145","0.013307827217724996"
"Spirit Breaker","Lion","54","26","28","0.48148148148148145","-0.06902623827235935"
"Earthshaker","Death Prophet","54","26","28","0.48148148148148145","-0.17883824150318828"
"Morphling","Bounty Hunter","54","26","28","0.48148148148148145","-0.4309522608961308"
"Enchantress","Puck","243","117","126","0.48148148148148145","-0.4410152634909062"
"Tusk","Huskar","54","26","28","0.48148148148148145","-0.4832111051076954"
"Lion","Pugna","81","39","42","0.48148148148148145","-0.8000482537762866"
"Treant Protector","Brewmaster","81","39","42","0.48148148148148145","-0.8368940662645573"
"Alchemist","Zeus","54","26","28","0.48148148148148145","-1.0206944249404701"
"Gyrocopter","Elder Titan","81","39","42","0.48148148148148145","-1.079097739813052"
"Pugna","Templar Assassin","135","65","70","0.48148148148148145","-1.2025564437139524"
"Kunkka","Gyrocopter","135","65","70","0.48148148148148145","-1.2045302535555769"
"Clockwerk","Enchantress","351","169","182","0.48148148148148145","-1.212386517935706"
"Shadow Fiend","Brewmaster","81","39","42","0.48148148148148145","-1.2733459933387474"
"Grimstroke","Phoenix","162","78","84","0.48148148148148145","-1.378505807852432"
"Pudge","Jakiro","54","26","28","0.48148148148148145","-1.4163024565494975"
"Lina","Disruptor","108","52","56","0.48148148148148145","-1.463282189420636"
"Kunkka","Death Prophet","162","78","84","0.48148148148148145","-1.5091722442663686"
"Rubick","Chen","81","39","42","0.48148148148148145","-1.70314024364021"
"Doom","Sniper","81","39","42","0.48148148148148145","-1.7609478933522447"
"Invoker","Bane","162","78","84","0.48148148148148145","-2.4654034251637538"
"Earth Spirit","Zeus","54","26","28","0.48148148148148145","-3.05371574116585"
"Shadow Fiend","Mirana","81","39","42","0.48148148148148145","-3.1172952505396863"
"Ogre Magi","Sand King","54","26","28","0.48148148148148145","-3.2146102372217626"
"Elder Titan","Windranger","54","26","28","0.48148148148148145","-3.365690508412391"
"Silencer","Centaur Warrunner","54","26","28","0.48148148148148145","-3.7735446885430672"
"Pudge","Disruptor","54","26","28","0.48148148148148145","-5.368363924891236"
"Doom","Mirana","241","116","125","0.48132780082987553","-2.0527361646343523"
"Slardar","Phoenix","133","64","69","0.48120300751879697","0.49728423050827064"
"Grimstroke","Terrorblade","106","51","55","0.4811320754716981","0.7878522199261132"
"Centaur Warrunner","Treant Protector","106","51","55","0.4811320754716981","-0.11000696156650903"
"Windranger","Monkey King","185","89","96","0.4810810810810811","-0.6269936743432171"
"Snapfire","Pugna","185","89","96","0.4810810810810811","-1.4304766743951107"
"Mirana","Visage","79","38","41","0.4810126582278481","2.6627806524087427"
"Lina","Batrider","158","76","82","0.4810126582278481","0.995420483522153"
"Leshrac","Io","79","38","41","0.4810126582278481","0.027081745759580122"
"Monkey King","Broodmother","79","38","41","0.4810126582278481","-0.2775894936847172"
"Enigma","Queen of Pain","79","38","41","0.4810126582278481","-0.43515761578105666"
"Tidehunter","Doom","158","76","82","0.4810126582278481","-0.47957858320970803"
"Grimstroke","Dawnbreaker","79","38","41","0.4810126582278481","-1.0586011356425564"
"Rubick","Void Spirit","237","114","123","0.4810126582278481","-1.149115022265732"
"Tiny","Magnus","237","114","123","0.4810126582278481","-1.2906083941859572"
"Enigma","Naga Siren","79","38","41","0.4810126582278481","-1.7065998456069604"
"Chen","Sven","79","38","41","0.4810126582278481","-2.35774796875774"
"Lich","Morphling","79","38","41","0.4810126582278481","-2.4257006281464966"
"Grimstroke","Tiny","210","101","109","0.48095238095238096","-2.914863924605593"
"Phoenix","Silencer","131","63","68","0.48091603053435117","-0.42940197384196466"
"Underlord","Batrider","131","63","68","0.48091603053435117","-1.046314655252738"
"Troll Warlord","Snapfire","131","63","68","0.48091603053435117","-1.282517421626698"
"Lion","Muerta","131","63","68","0.48091603053435117","-2.312667394406443"
"Rubick","Beastmaster","418","201","217","0.48086124401913877","-0.8271847534670823"
"Vengeful Spirit","Skywrath Mage","52","25","27","0.4807692307692308","1.8152686384517045"
"Dawnbreaker","Pudge","52","25","27","0.4807692307692308","1.6293814305679089"
"Centaur Warrunner","Brewmaster","104","50","54","0.4807692307692308","1.5407285799162056"
"Phoenix","Oracle","52","25","27","0.4807692307692308","0.45125347242483727"
"Phoenix","Hoodwink","312","150","162","0.4807692307692308","0.35167356995470705"
"Legion Commander","Techies","52","25","27","0.4807692307692308","0.35075803107257914"
"Ember Spirit","Warlock","156","75","81","0.4807692307692308","0.16861909329980745"
"Weaver","Ogre Magi","104","50","54","0.4807692307692308","0.07381860846207425"
"Mars","Nyx Assassin","156","75","81","0.4807692307692308","0.042307223251291805"
"Ursa","Phantom Assassin","52","25","27","0.4807692307692308","-0.023840689899562523"
"Leshrac","Batrider","208","100","108","0.4807692307692308","-0.04187447677244149"
"Disruptor","Marci","104","50","54","0.4807692307692308","-0.42303850260162845"
"Gyrocopter","Enchantress","156","75","81","0.4807692307692308","-0.43556855419505947"
"Skywrath Mage","Viper","52","25","27","0.4807692307692308","-0.4972813527320599"
"Slardar","Hoodwink","208","100","108","0.4807692307692308","-0.5249928413082152"
"Kunkka","Clockwerk","156","75","81","0.4807692307692308","-0.5406383677423161"
"Phantom Assassin","Marci","52","25","27","0.4807692307692308","-0.6998799023824842"
"Centaur Warrunner","Batrider","208","100","108","0.4807692307692308","-0.732042470326664"
"Shadow Fiend","Broodmother","52","25","27","0.4807692307692308","-1.1690451414004004"
"Jakiro","Dawnbreaker","104","50","54","0.4807692307692308","-1.654996982966459"
"Pudge","Monkey King","52","25","27","0.4807692307692308","-1.7825003897010254"
"Vengeful Spirit","Earthshaker","52","25","27","0.4807692307692308","-2.29457929971058"
"Troll Warlord","Dark Willow","52","25","27","0.4807692307692308","-2.924169867456586"
"Enchantress","Storm Spirit","285","137","148","0.4807017543859649","0.20988479426163653"
"Dragon Knight","Morphling","181","87","94","0.48066298342541436","-1.8244191590373833"
"Grimstroke","Weaver","129","62","67","0.4806201550387597","0.37628142030768763"
"Sand King","Doom","129","62","67","0.4806201550387597","-0.6002901342964957"
"Windranger","Shadow Shaman","77","37","40","0.4805194805194805","0.2213849267008848"
"Lich","Disruptor","77","37","40","0.4805194805194805","-0.8808204548413292"
"Kunkka","Dark Seer","77","37","40","0.4805194805194805","-1.0283325931668592"
"Sven","Elder Titan","77","37","40","0.4805194805194805","-1.140535823354549"
"Ursa","Death Prophet","77","37","40","0.4805194805194805","-1.386659532164867"
"Visage","Enchantress","77","37","40","0.4805194805194805","-1.5766891519429735"
"Abaddon","Tidehunter","77","37","40","0.4805194805194805","-4.1960188037000705"
"Hoodwink","Mars","410","197","213","0.48048780487804876","-1.2883950596731486"
"Death Prophet","Doom","179","86","93","0.48044692737430167","-0.5308761656298103"
"Doom","Medusa","281","135","146","0.4804270462633452","-2.156653875043211"
"Ember Spirit","Dragon Knight","383","184","199","0.4804177545691906","-0.7420687314882968"
"Crystal Maiden","Brewmaster","102","49","53","0.4803921568627451","-1.8828493813237708"
"Void Spirit","Lina","102","49","53","0.4803921568627451","-2.0302151096325756"
"Doom","Io","102","49","53","0.4803921568627451","-2.661203523137953"
"Dawnbreaker","Zeus","127","61","66","0.48031496062992124","1.999213377402483"
"Snapfire","Templar Assassin","254","122","132","0.48031496062992124","-0.9323138664477423"
"Mars","Broodmother","127","61","66","0.48031496062992124","-3.5006534324231238"
"Gyrocopter","Razor","152","73","79","0.48026315789473684","-1.5761831280855827"
"Razor","Storm Spirit","152","73","79","0.48026315789473684","-2.7481982636962954"
"Void Spirit","Windranger","177","85","92","0.480225988700565","-0.7039587718961587"
"Tiny","Slardar","202","97","105","0.4801980198019802","-2.617223661901204"
"Enchantress","Primal Beast","227","109","118","0.4801762114537445","-1.049406641423546"
"Tiny","Nyx Assassin","227","109","118","0.4801762114537445","-2.9015399321182676"
"Ogre Magi","Shadow Shaman","50","24","26","0.48","1.8436461688452965"
"Spectre","Batrider","50","24","26","0.48","1.1137789401136045"
"Primal Beast","Lion","100","48","52","0.48","1.0934884932326479"
"Necrophos","Pangolier","50","24","26","0.48","0.7163495397456308"
"Brewmaster","Naga Siren","50","24","26","0.48","0.6665377290437375"
"Tidehunter","Kez","50","24","26","0.48","0.5699426986165"
"Kez","Centaur Warrunner","50","24","26","0.48","0.48072808833816005"
"Void Spirit","Warlock","100","48","52","0.48","0.46410277860495325"
"Timbersaw","Enigma","100","48","52","0.48","0.22245082870553046"
"Phantom Assassin","Disruptor","75","36","39","0.48","-0.4458687696502871"
"Enigma","Shadow Demon","100","48","52","0.48","-0.5543438657639873"
"Jakiro","Techies","50","24","26","0.48","-0.7047898517332212"
"Crystal Maiden","Timbersaw","150","72","78","0.48","-1.4106001758545674"
"Shadow Demon","Undying","125","60","65","0.48","-1.4193049888853775"
"Storm Spirit","Huskar","50","24","26","0.48","-1.5547158936837058"
"Chaos Knight","Abaddon","50","24","26","0.48","-1.5810364460294715"
"Wraith King","Kunkka","100","48","52","0.48","-1.7206225859727373"
"Centaur Warrunner","Void Spirit","125","60","65","0.48","-1.7885269827191974"
"Batrider","Huskar","50","24","26","0.48","-1.840000298529694"
"Phoenix","Marci","175","84","91","0.48","-2.01223302093119"
"Razor","Techies","50","24","26","0.48","-2.056507861089089"
"Shadow Shaman","Io","50","24","26","0.48","-2.0581545940220254"
"Silencer","Weaver","50","24","26","0.48","-2.094925633351337"
"Phantom Assassin","Dark Willow","75","36","39","0.48","-2.3881048718644866"
"Sven","Mirana","100","48","52","0.48","-2.5494956240981255"
"Keeper of the Light","Primal Beast","75","36","39","0.48","-2.7107345676558214"
"Keeper of the Light","Juggernaut","75","36","39","0.48","-2.727021038507035"
"Invoker","Magnus","100","48","52","0.48","-3.0222464184091407"
"Earth Spirit","Luna","75","36","39","0.48","-4.557495132148926"
"Beastmaster","Ringmaster","125","60","65","0.48","-5.336318930502106"
"Hoodwink","Keeper of the Light","223","107","116","0.4798206278026906","-0.919052734137089"
"Marci","Enchantress","173","83","90","0.4797687861271676","0.3964097485007537"
"Storm Spirit","Warlock","148","71","77","0.4797297297297297","-0.9133794279979958"
"Timbersaw","Mars","271","130","141","0.4797047970479705","-0.7879862856894378"
"Sand King","Queen of Pain","123","59","64","0.4796747967479675","1.1635352538697987"
"Slardar","Jakiro","123","59","64","0.4796747967479675","-0.3110398392708315"
"Beastmaster","Gyrocopter","246","118","128","0.4796747967479675","-1.5451319327577033"
"Tiny","Ancient Apparition","123","59","64","0.4796747967479675","-1.5806978532138127"
"Sand King","Pugna","123","59","64","0.4796747967479675","-2.329867775861327"
"Doom","Grimstroke","123","59","64","0.4796747967479675","-2.532194818012624"
"Doom","Clockwerk","319","153","166","0.47962382445141066","-1.1391719640785916"
"Puck","Wraith King","98","47","51","0.47959183673469385","-0.2472348353804127"
"Windranger","Undying","98","47","51","0.47959183673469385","-0.62222732154536"
"Kunkka","Primal Beast","98","47","51","0.47959183673469385","-0.7257635691560765"
"Dragon Knight","Timbersaw","294","141","153","0.47959183673469385","-2.2837937389178697"
"Rubick","Undying","317","152","165","0.4794952681388013","-1.2684659772791873"
"Tusk","Phoenix","317","152","165","0.4794952681388013","-1.3441072344198879"
"Primal Beast","Sniper","73","35","38","0.4794520547945205","1.3710168641818767"
"Marci","Visage","73","35","38","0.4794520547945205","0.5304445975223858"
"Death Prophet","Lion","73","35","38","0.4794520547945205","0.4218901494923803"
"Clockwerk","Disruptor","219","105","114","0.4794520547945205","-0.1996249162594172"
"Morphling","Shadow Shaman","73","35","38","0.4794520547945205","-0.8461125816111975"
"Earth Spirit","Shadow Demon","146","70","76","0.4794520547945205","-1.3250482141615427"
"Shadow Fiend","Lina","73","35","38","0.4794520547945205","-1.562185495438154"
"Mirana","Broodmother","73","35","38","0.4794520547945205","-2.7333872476767693"
"Monkey King","Slardar","73","35","38","0.4794520547945205","-3.052874264303344"
"Centaur Warrunner","Terrorblade","121","58","63","0.4793388429752066","-2.5231837447666994"
"Pangolier","Spirit Breaker","169","81","88","0.47928994082840237","-0.4681625617889103"
"Puck","Spirit Breaker","144","69","75","0.4791666666666667","-0.02506403779206203"
"Rubick","Snapfire","528","253","275","0.4791666666666667","-0.4378320655346943"
"Ancient Apparition","Tusk","96","46","50","0.4791666666666667","-1.2925716969077645"
"Timbersaw","Keeper of the Light","144","69","75","0.4791666666666667","-1.5780828301842675"
"Wraith King","Tiny","96","46","50","0.4791666666666667","-1.8852526189966088"
"Snapfire","Nature's Prophet","215","103","112","0.4790697674418605","-1.090638674655735"
"Ursa","Puck","167","80","87","0.47904191616766467","-0.7428463440167516"
"Enchantress","Keeper of the Light","167","80","87","0.47904191616766467","-1.0107443513325527"
"Jakiro","Tusk","286","137","149","0.479020979020979","-0.5160898194825777"
"Phoenix","Earth Spirit","119","57","62","0.4789915966386555","1.3823977925094681"
"Viper","Pangolier","119","57","62","0.4789915966386555","1.1299101991864455"
"Vengeful Spirit","Mars","119","57","62","0.4789915966386555","-0.13168956861366946"
"Weaver","Marci","119","57","62","0.4789915966386555","-1.039341164392499"
"Enchantress","Bloodseeker","119","57","62","0.4789915966386555","-1.1389320202157458"
"Queen of Pain","Undying","119","57","62","0.4789915966386555","-1.629308991260516"
"Skywrath Mage","Undying","119","57","62","0.4789915966386555","-1.906100442816665"
"Silencer","Pugna","119","57","62","0.4789915966386555","-2.720274791178978"
"Hoodwink","Clockwerk","309","148","161","0.47896440129449835","-1.9514618660659666"
"Dawnbreaker","Dazzle","71","34","37","0.4788732394366197","1.414779917191999"
"Pangolier","Ringmaster","71","34","37","0.4788732394366197","-0.06704068342911924"
"Dawnbreaker","Visage","71","34","37","0.4788732394366197","-0.4042131776294736"
"Hoodwink","Chaos Knight","142","68","74","0.4788732394366197","-0.9586618265563368"
"Mirana","Earthshaker","71","34","37","0.4788732394366197","-0.9748440012836328"
"Pangolier","Muerta","213","102","111","0.4788732394366197","-1.1939337626378657"
"Morphling","Phantom Lancer","71","34","37","0.4788732394366197","-1.4273126106407612"
"Marci","Brewmaster","71","34","37","0.4788732394366197","-1.4466199112569484"
"Bloodseeker","Magnus","71","34","37","0.4788732394366197","-1.5490581945349584"
"Slark","Broodmother","71","34","37","0.4788732394366197","-1.6471033614223198"
"Drow Ranger","Hoodwink","71","34","37","0.4788732394366197","-4.512718745864362"
"Luna","Ember Spirit","165","79","86","0.47878787878787876","-1.444784180413605"
"Luna","Rubick","188","90","98","0.4787234042553192","0.4775218513594927"
"Axe","Tusk","94","45","49","0.4787234042553192","-0.0031728665481283416"
"Abaddon","Phoenix","94","45","49","0.4787234042553192","-0.7830254602634793"
"Shadow Demon","Alchemist","94","45","49","0.4787234042553192","-1.1438071294452483"
"Marci","Keeper of the Light","94","45","49","0.4787234042553192","-1.5780337517659815"
"Abaddon","Shadow Demon","94","45","49","0.4787234042553192","-2.016011605862644"
"Lifestealer","Storm Spirit","94","45","49","0.4787234042553192","-2.0551494498891913"
"Dragon Knight","Earthshaker","94","45","49","0.4787234042553192","-2.576149258118987"
"Storm Spirit","Weaver","211","101","110","0.4786729857819905","-2.620311888563099"
"Bristleback","Shadow Shaman","117","56","61","0.47863247863247865","0.30858851064101406"
"Io","Razor","117","56","61","0.47863247863247865","-2.0909378323024"
"Hoodwink","Alchemist","140","67","73","0.4785714285714286","0.5847809674767066"
"Mars","Primal Beast","186","89","97","0.478494623655914","-1.2465283801075289"
"Phoenix","Lion","184","88","96","0.4782608695652174","0.8552165535315154"
"Faceless Void","Disruptor","92","44","48","0.4782608695652174","0.2118600799514872"
"Batrider","Crystal Maiden","230","110","120","0.4782608695652174","0.02641862360378656"
"Warlock","Batrider","115","55","60","0.4782608695652174","-0.5592959935415579"
"Dark Seer","Centaur Warrunner","92","44","48","0.4782608695652174","-0.8309902481419726"
"Razor","Dark Willow","115","55","60","0.4782608695652174","-1.3450638004338715"
"Dawnbreaker","Disruptor","115","55","60","0.4782608695652174","-1.3889460958972806"
"Lion","Leshrac","69","33","36","0.4782608695652174","-1.4655541822259543"
"Dazzle","Tiny","115","55","60","0.4782608695652174","-1.5835400421932655"
"Shadow Demon","Broodmother","69","33","36","0.4782608695652174","-1.8293565177845468"
"Snapfire","Treant Protector","184","88","96","0.4782608695652174","-2.0563775445695547"
"Undying","Grimstroke","69","33","36","0.4782608695652174","-2.2519489387074643"
"Earth Spirit","Magnus","69","33","36","0.4782608695652174","-2.954037799079503"
"Techies","Silencer","115","55","60","0.4782608695652174","-3.2702969893344225"
"Lich","Phoenix","115","55","60","0.4782608695652174","-3.738180879928837"
"Pangolier","Bloodseeker","297","142","155","0.4781144781144781","-0.8560948994714831"
"Disruptor","Storm Spirit","251","120","131","0.47808764940239046","-1.1310377415515995"
"Snapfire","Morphling","228","109","119","0.4780701754385965","-1.285837084606617"
"Beastmaster","Sand King","205","98","107","0.47804878048780486","-1.2112657365860071"
"Storm Spirit","Leshrac","205","98","107","0.47804878048780486","-1.3549952965875487"
"Ember Spirit","Puck","364","174","190","0.47802197802197804","-0.6500632441967347"
"Beastmaster","Pugna","182","87","95","0.47802197802197804","-1.9006069370866716"
"Jakiro","Ursa","136","65","71","0.47794117647058826","-0.2769601249229397"
"Timbersaw","Batrider","249","119","130","0.4779116465863454","-1.0923929018790972"
"Rubick","Visage","113","54","59","0.4778761061946903","-0.6232931217024639"
"Kunkka","Ember Spirit","226","108","118","0.4778761061946903","-2.069460104897144"
"Lifestealer","Crystal Maiden","113","54","59","0.4778761061946903","-2.4689765635926704"
"Enchantress","Slark","90","43","47","0.4777777777777778","-0.613460866072528"
"Earthshaker","Templar Assassin","90","43","47","0.4777777777777778","-1.0296068304077013"
"Tusk","Night Stalker","90","43","47","0.4777777777777778","-1.1478415810831477"
"Shadow Fiend","Ursa","90","43","47","0.4777777777777778","-2.0758880017587646"
"Rubick","Phantom Assassin","90","43","47","0.4777777777777778","-2.66701972010119"
"Rubick","Tiny","718","343","375","0.4777158774373259","-1.611092365030375"
"Pangolier","Keeper of the Light","224","107","117","0.47767857142857145","-1.8094972960603113"
"Keeper of the Light","Storm Spirit","291","139","152","0.47766323024054985","-2.783975074068394"
"Tiny","Kunkka","358","171","187","0.4776536312849162","-0.8086358437861804"
"Shadow Demon","Venomancer","67","32","35","0.47761194029850745","0.6741579702474606"
"Tinker","Jakiro","67","32","35","0.47761194029850745","-0.2727055678058971"
"Bane","Treant Protector","134","64","70","0.47761194029850745","-0.5088430597576371"
"Bounty Hunter","Chen","67","32","35","0.47761194029850745","-0.8184493356096563"
"Slardar","Terrorblade","134","64","70","0.47761194029850745","-1.120800283496087"
"Marci","Snapfire","201","96","105","0.47761194029850745","-1.3910064549411867"
"Mirana","Marci","134","64","70","0.47761194029850745","-1.715177235156355"
"Dark Seer","Pugna","67","32","35","0.47761194029850745","-1.7794134277811766"
"Techies","Gyrocopter","67","32","35","0.47761194029850745","-2.243555226402094"
"Shadow Fiend","Muerta","67","32","35","0.47761194029850745","-2.5362636901243927"
"Lina","Pugna","67","32","35","0.47761194029850745","-2.958609732647561"
"Earthshaker","Weaver","67","32","35","0.47761194029850745","-2.9907773153941544"
"Pudge","Batrider","67","32","35","0.47761194029850745","-3.493873867554885"
"Mars","Windranger","178","85","93","0.47752808988764045","0.09318203093102023"
"Terrorblade","Bristleback","111","53","58","0.4774774774774775","-0.9666706633179402"
"Enchantress","Lina","111","53","58","0.4774774774774775","-1.5992121425168748"
"Disruptor","Slardar","111","53","58","0.4774774774774775","-1.6425049318206097"
"Windranger","Timbersaw","155","74","81","0.4774193548387097","-2.1757474057260464"
"Warlock","Razor","88","42","46","0.4772727272727273","0.4324515000262743"
"Ursa","Windranger","88","42","46","0.4772727272727273","-0.8224870273540553"
"Disruptor","Lifestealer","88","42","46","0.4772727272727273","-1.0393928248327688"
"Ursa","Magnus","88","42","46","0.4772727272727273","-1.0852910652119256"
"Storm Spirit","Batrider","373","178","195","0.4772117962466488","-1.6197768092628704"
"Doom","Disruptor","197","94","103","0.47715736040609136","-2.0187263475499453"
"Dark Willow","Mars","153","73","80","0.477124183006536","-0.5508184150876085"
"Tiny","Sand King","306","146","160","0.477124183006536","-1.3925128578694734"
"Monkey King","Medusa","153","73","80","0.477124183006536","-1.789355631076433"
"Hoodwink","Sven","153","73","80","0.477124183006536","-2.252092583820667"
"Mars","Invoker","218","104","114","0.47706422018348627","-0.5212094554538459"
"Bristleback","Batrider","174","83","91","0.47701149425287354","-0.14371736769374416"
"Clockwerk","Lina","174","83","91","0.47701149425287354","-0.24697509646305618"
"Clockwerk","Pudge","65","31","34","0.47692307692307695","-0.21964635624283058"
"Queen of Pain","Axe","65","31","34","0.47692307692307695","-1.0129085862164"
"Tusk","Primal Beast","260","124","136","0.47692307692307695","-1.3488761748718134"
"Tiny","Broodmother","130","62","68","0.47692307692307695","-1.4315116660655873"
"Lycan","Primal Beast","65","31","34","0.47692307692307695","-1.7197891582567215"
"Tusk","Ember Spirit","455","217","238","0.47692307692307695","-1.9072390611033578"
"Bristleback","Viper","65","31","34","0.47692307692307695","-2.0601531526912433"
"Mars","Centaur Warrunner","260","124","136","0.47692307692307695","-2.615280395671566"
"Terrorblade","Treant Protector","130","62","68","0.47692307692307695","-3.996562414028802"
"Shadow Fiend","Tiny","281","134","147","0.47686832740213525","-0.929195313183666"
"Mars","Abaddon","151","72","79","0.4768211920529801","-0.36177193934646906"
"Phoenix","Warlock","151","72","79","0.4768211920529801","-0.7315304284061291"
"Doom","Pugna","151","72","79","0.4768211920529801","-3.1502763061976764"
"Phantom Assassin","Clockwerk","86","41","45","0.47674418604651164","0.49821819769643955"
"Puck","Sven","172","82","90","0.47674418604651164","-0.11548191179481063"
"Dawnbreaker","Tidehunter","86","41","45","0.47674418604651164","-0.6391796124923076"
"Nature's Prophet","Luna","86","41","45","0.47674418604651164","-1.7094007732085734"
"Crystal Maiden","Lion","86","41","45","0.47674418604651164","-1.9465572105682487"
"Broodmother","Morphling","86","41","45","0.47674418604651164","-2.0964072828478226"
"Hoodwink","Visage","86","41","45","0.47674418604651164","-2.8131835080311522"
"Death Prophet","Bane","193","92","101","0.47668393782383417","0.29062955899198584"
"Pugna","Clockwerk","193","92","101","0.47668393782383417","-1.7481040515216408"
"Ursa","Treant Protector","107","51","56","0.4766355140186916","0.36859777192140714"
"Jakiro","Dark Seer","107","51","56","0.4766355140186916","0.20462676880773084"
"Axe","Puck","107","51","56","0.4766355140186916","-1.8817124269500498"
"Bloodseeker","Clockwerk","107","51","56","0.4766355140186916","-2.2546849702007865"
"Doom","Lich","107","51","56","0.4766355140186916","-2.2985542390552354"
"Io","Beastmaster","107","51","56","0.4766355140186916","-2.566878080109189"
"Queen of Pain","Treant Protector","107","51","56","0.4766355140186916","-2.6671152397829996"
"Gyrocopter","Tusk","235","112","123","0.4765957446808511","-1.226868261670071"
"Shadow Shaman","Hoodwink","128","61","67","0.4765625","-0.7607713718616128"
"Bristleback","Enchantress","149","71","78","0.47651006711409394","-0.14633993901296602"
"Beastmaster","Lion","149","71","78","0.47651006711409394","-0.21360293296755042"
"Nature's Prophet","Kunkka","149","71","78","0.47651006711409394","-1.6564038186179697"
"Dark Willow","Storm Spirit","191","91","100","0.47643979057591623","-0.6420341472608758"
"Shadow Demon","Enchantress","191","91","100","0.47643979057591623","-1.3098103996405526"
"Storm Spirit","Medusa","212","101","111","0.47641509433962265","-1.2202181205223503"
"Hoodwink","Doom","233","111","122","0.47639484978540775","-0.23203932787592185"
"Dragon Knight","Phoenix","233","111","122","0.47639484978540775","-2.128436362378474"
"Dark Willow","Spirit Breaker","147","70","77","0.47619047619047616","1.0682703447521433"
"Luna","Muerta","105","50","55","0.47619047619047616","0.5909844502852659"
"Primal Beast","Gyrocopter","105","50","55","0.47619047619047616","-0.02245336336387005"
"Io","Winter Wyvern","63","30","33","0.47619047619047616","-0.1768170466011764"
"Tidehunter","Faceless Void","84","40","44","0.47619047619047616","-0.20730303548226534"
"Grimstroke","Underlord","84","40","44","0.47619047619047616","-0.2446775793877107"
"Sniper","Death Prophet","63","30","33","0.47619047619047616","-0.27634178865143555"
"Dark Willow","Dragon Knight","147","70","77","0.47619047619047616","-0.43162838575115436"
"Dawnbreaker","Chaos Knight","84","40","44","0.47619047619047616","-0.5634395159968503"
"Anti-Mage","Undying","63","30","33","0.47619047619047616","-0.7193631416241518"
"Dark Willow","Marci","105","50","55","0.47619047619047616","-0.7729136286839537"
"Rubick","Oracle","63","30","33","0.47619047619047616","-0.8726602319417547"
"Crystal Maiden","Visage","63","30","33","0.47619047619047616","-0.8864119610189984"
"Weaver","Batrider","189","90","99","0.47619047619047616","-0.8911462977785274"
"Weaver","Morphling","147","70","77","0.47619047619047616","-1.1760059316436169"
"Beastmaster","Shadow Fiend","147","70","77","0.47619047619047616","-1.2408364004674761"
"Vengeful Spirit","Clockwerk","63","30","33","0.47619047619047616","-1.2611145985605032"
"Primal Beast","Shadow Demon","147","70","77","0.47619047619047616","-1.3909494239310374"
"Ogre Magi","Snapfire","105","50","55","0.47619047619047616","-1.7721445560644162"
"Rubick","Wraith King","84","40","44","0.47619047619047616","-1.802237987599063"
"Void Spirit","Kunkka","126","60","66","0.47619047619047616","-1.8128232086097122"
"Clockwerk","Magnus","168","80","88","0.47619047619047616","-2.3839783230483698"
"Earth Spirit","Timbersaw","105","50","55","0.47619047619047616","-2.5221831794528424"
"Ember Spirit","Zeus","105","50","55","0.47619047619047616","-2.6061561997512266"
"Undying","Nyx Assassin","63","30","33","0.47619047619047616","-2.627168414762513"
"Luna","Vengeful Spirit","63","30","33","0.47619047619047616","-2.874157078932438"
"Storm Spirit","Ogre Magi","84","40","44","0.47619047619047616","-2.9436876516407104"
"Winter Wyvern","Bane","84","40","44","0.47619047619047616","-4.792942047298947"
"Tidehunter","Nyx Assassin","63","30","33","0.47619047619047616","-6.100221583132305"
"Snapfire","Hoodwink","460","219","241","0.47608695652173916","-0.8017794467011654"
"Mars","Razor","250","119","131","0.476","-0.3151220368775917"
"Hoodwink","Enchantress","290","138","152","0.47586206896551725","-0.7920432610175199"
"Snapfire","Enchantress","290","138","152","0.47586206896551725","-1.5262514716550788"
"Queen of Pain","Monkey King","248","118","130","0.47580645161290325","0.6312183023304079"
"Luna","Disruptor","124","59","65","0.47580645161290325","-1.1264540149326943"
"Chaos Knight","Templar Assassin","103","49","54","0.47572815533980584","0.9227721376967519"
"Morphling","Slark","103","49","54","0.47572815533980584","0.2762916765779909"
"Sven","Enchantress","103","49","54","0.47572815533980584","-2.0943239509084868"
"Ember Spirit","Invoker","206","98","108","0.47572815533980584","-2.3277745623856645"
"Jakiro","Windranger","185","88","97","0.4756756756756757","-3.1454232484942657"
"Hoodwink","Disruptor","267","127","140","0.4756554307116105","-0.9369191999472222"
"Luna","Faceless Void","82","39","43","0.47560975609756095","0.5370765726262513"
"Marci","Batrider","164","78","86","0.47560975609756095","0.021854010663430345"
"Mars","Dragon Knight","410","195","215","0.47560975609756095","-0.9907150134536613"
"Medusa","Centaur Warrunner","82","39","43","0.47560975609756095","-1.3639326849509266"
"Rubick","Invoker","164","78","86","0.47560975609756095","-2.0190959205224117"
"Skywrath Mage","Morphling","82","39","43","0.47560975609756095","-2.640493550585776"
"Phoenix","Lifestealer","164","78","86","0.47560975609756095","-3.5821063484189852"
"Pudge","Tiny","143","68","75","0.4755244755244755","-2.1639508753853414"
"Mars","Dark Seer","143","68","75","0.4755244755244755","-2.7734591230819134"
"Pugna","Abaddon","61","29","32","0.47540983606557374","2.0998566199568156"
"Juggernaut","Monkey King","61","29","32","0.47540983606557374","-0.1638482236637088"
"Vengeful Spirit","Weaver","61","29","32","0.47540983606557374","-0.6977122766249738"
"Snapfire","Wraith King","122","58","64","0.47540983606557374","-0.8362628175871648"
"Queen of Pain","Spirit Breaker","122","58","64","0.47540983606557374","-1.5727719343507853"
"Queen of Pain","Dazzle","61","29","32","0.47540983606557374","-1.5891442975603978"
"Dark Seer","Phoenix","122","58","64","0.47540983606557374","-1.6182058431013417"
"Jakiro","Night Stalker","61","29","32","0.47540983606557374","-2.0615269046800804"
"Tiny","Tinker","61","29","32","0.47540983606557374","-4.231241890061258"
"Magnus","Vengeful Spirit","61","29","32","0.47540983606557374","-5.16859789775803"
"Lina","Rubick","284","135","149","0.4753521126760563","-0.8708535480084111"
"Morphling","Crystal Maiden","162","77","85","0.47530864197530864","-0.6233758697505059"
"Ember Spirit","Brewmaster","162","77","85","0.47530864197530864","-2.128169113883851"
"Enchantress","Shadow Fiend","162","77","85","0.47530864197530864","-3.069218256528658"
"Magnus","Queen of Pain","101","48","53","0.4752475247524752","-0.5244975021081086"
"Legion Commander","Batrider","101","48","53","0.4752475247524752","-0.8881424983560254"
"Sniper","Monkey King","101","48","53","0.4752475247524752","-2.194227189374085"
"Dark Willow","Treant Protector","101","48","53","0.4752475247524752","-2.813176294737677"
"Muerta","Centaur Warrunner","101","48","53","0.4752475247524752","-3.661195529271798"
"Nyx Assassin","Storm Spirit","141","67","74","0.475177304964539","-1.1608726440006434"
"Alchemist","Doom","141","67","74","0.475177304964539","-2.0442003961723056"
"Batrider","Medusa","181","86","95","0.47513812154696133","-0.390933591631262"
"Dawnbreaker","Phoenix","181","86","95","0.47513812154696133","-1.8133141680144005"
"Death Prophet","Lina","181","86","95","0.47513812154696133","-2.388240481899877"
"Marci","Puck","221","105","116","0.4751131221719457","-0.40301005763772807"
"Terrorblade","Clockwerk","221","105","116","0.4751131221719457","-1.5936901615840848"
"Phoenix","Puck","261","124","137","0.47509578544061304","-1.2351384558719567"
"Nyx Assassin","Disruptor","80","38","42","0.475","0.8322433914441454"
"Winter Wyvern","Mars","80","38","42","0.475","-0.5424181654064413"
"Morphling","Primal Beast","200","95","105","0.475","-0.6477207178276444"
"Io","Storm Spirit","120","57","63","0.475","-0.9365646564389912"
"Queen of Pain","Doom","160","76","84","0.475","-1.0044900387202989"
"Kunkka","Lina","120","57","63","0.475","-1.4509352346510638"
"Sniper","Lina","80","38","42","0.475","-1.8722403670529748"
"Sniper","Tiny","160","76","84","0.475","-1.9402652529345057"
"Earth Spirit","Dark Willow","120","57","63","0.475","-2.6707467450259683"
"Storm Spirit","Ringmaster","80","38","42","0.475","-3.7438419415054995"
"Beastmaster","Lycan","139","66","73","0.4748201438848921","-0.8123823503916566"
"Death Prophet","Invoker","139","66","73","0.4748201438848921","-1.0381498179635342"
"Lina","Razor","99","47","52","0.47474747474747475","1.8217220737777717"
"Ursa","Undying","99","47","52","0.47474747474747475","0.0022489671984238548"
"Luna","Crystal Maiden","99","47","52","0.47474747474747475","-1.137673258056437"
"Faceless Void","Beastmaster","99","47","52","0.47474747474747475","-2.034907404498924"
"Lich","Marci","99","47","52","0.47474747474747475","-2.2825977565179425"
"Dark Willow","Beastmaster","198","94","104","0.47474747474747475","-2.400901446411217"
"Storm Spirit","Ancient Apparition","99","47","52","0.47474747474747475","-2.4715849692369054"
"Beastmaster","Luna","99","47","52","0.47474747474747475","-2.676766990550724"
"Medusa","Bane","158","75","83","0.47468354430379744","0.5709506321757463"
"Death Prophet","Keeper of the Light","158","75","83","0.47468354430379744","-0.782506835532471"
"Weaver","Razor","158","75","83","0.47468354430379744","-3.1402154443849275"
"Tusk","Morphling","276","131","145","0.4746376811594203","-1.6973866616418052"
"Bloodseeker","Earth Spirit","59","28","31","0.4745762711864407","0.7580270724753344"
"Sven","Io","59","28","31","0.4745762711864407","-0.9047113118857159"
"Mars","Medusa","177","84","93","0.4745762711864407","-0.9226835270902557"
"Timbersaw","Invoker","118","56","62","0.4745762711864407","-1.0143756819248197"
"Slardar","Invoker","59","28","31","0.4745762711864407","-1.2741422203946193"
"Zeus","Void Spirit","59","28","31","0.4745762711864407","-1.3141390598197444"
"Doom","Shadow Shaman","118","56","62","0.4745762711864407","-1.5711011101683265"
"Lion","Lycan","59","28","31","0.4745762711864407","-1.7266252083399127"
"Monkey King","Naga Siren","118","56","62","0.4745762711864407","-1.808307104954514"
"Spirit Breaker","Nyx Assassin","59","28","31","0.4745762711864407","-1.9828580379502694"
"Earth Spirit","Faceless Void","59","28","31","0.4745762711864407","-2.65319725707853"
"Vengeful Spirit","Snapfire","59","28","31","0.4745762711864407","-3.307112396837585"
"Dazzle","Clockwerk","59","28","31","0.4745762711864407","-4.289740737146129"
"Zeus","Warlock","59","28","31","0.4745762711864407","-4.355872514621969"
"Lion","Tiny","255","121","134","0.4745098039215686","-1.3175168928915475"
"Techies","Enchantress","196","93","103","0.4744897959183674","-1.0203796400737908"
"Dark Willow","Morphling","137","65","72","0.4744525547445255","0.22063440234204415"
"Mars","Silencer","137","65","72","0.4744525547445255","-0.7767728118938293"
"Nature's Prophet","Undying","137","65","72","0.4744525547445255","-2.3087369850418953"
"Void Spirit","Techies","137","65","72","0.4744525547445255","-3.152574835227913"
"Void Spirit","Lich","78","37","41","0.47435897435897434","0.6006031778522875"
"Nature's Prophet","Templar Assassin","156","74","82","0.47435897435897434","-0.08662937540273408"
"Pugna","Bloodseeker","78","37","41","0.47435897435897434","-0.17402393752381365"
"Phantom Assassin","Enchantress","78","37","41","0.47435897435897434","-1.474416957339784"
"Ringmaster","Phoenix","78","37","41","0.47435897435897434","-1.5174512001416725"
"Bristleback","Luna","78","37","41","0.47435897435897434","-1.6058442653670866"
"Void Spirit","Sand King","97","46","51","0.4742268041237113","-1.1203343819489548"
"Techies","Underlord","97","46","51","0.4742268041237113","-1.2514931817366501"
"Razor","Crystal Maiden","97","46","51","0.4742268041237113","-1.8686408070677167"
"Tusk","Underlord","194","92","102","0.4742268041237113","-2.174258342493717"
"Clockwerk","Slardar","116","55","61","0.47413793103448276","-1.0677938122770907"
"Pugna","Primal Beast","116","55","61","0.47413793103448276","-1.9665345032204178"
"Juggernaut","Tiny","116","55","61","0.47413793103448276","-2.2258949221841604"
"Puck","Dark Seer","116","55","61","0.47413793103448276","-2.9069577616798163"
"Doom","Spirit Breaker","116","55","61","0.47413793103448276","-3.0643609456579695"
"Bristleback","Ember Spirit","135","64","71","0.4740740740740741","-0.4191960570324214"
"Storm Spirit","Magnus","154","73","81","0.474025974025974","-2.7460278297349334"
"Ember Spirit","Lion","211","100","111","0.47393364928909953","0.43026123432591706"
"Pangolier","Magnus","230","109","121","0.47391304347826085","-1.8505099204002806"
"Kunkka","Pangolier","287","136","151","0.4738675958188153","-1.8168349886306694"
"Tidehunter","Axe","76","36","40","0.47368421052631576","1.885710062412899"
"Storm Spirit","Shadow Shaman","190","90","100","0.47368421052631576","0.44954341920803853"
"Brewmaster","Jakiro","95","45","50","0.47368421052631576","0.38813789641717794"
"Lich","Tusk","114","54","60","0.47368421052631576","0.3363636034151959"
"Marci","Pudge","76","36","40","0.47368421052631576","0.2652049650242687"
"Tidehunter","Invoker","95","45","50","0.47368421052631576","0.06282464428760598"
"Clockwerk","Visage","95","45","50","0.47368421052631576","-0.233790371236105"
"Ember Spirit","Razor","171","81","90","0.47368421052631576","-0.3317170831886318"
"Ember Spirit","Phantom Lancer","57","27","30","0.47368421052631576","-0.4126514535243154"
"Undying","Viper","57","27","30","0.47368421052631576","-0.5624563067932424"
"Timbersaw","Ursa","171","81","90","0.47368421052631576","-0.6789376539361578"
"Winter Wyvern","Nature's Prophet","57","27","30","0.47368421052631576","-0.7903605647078689"
"Dark Willow","Brewmaster","95","45","50","0.47368421052631576","-1.1060504460806047"
"Sven","Slardar","57","27","30","0.47368421052631576","-1.2690308001129318"
"Shadow Demon","Bristleback","114","54","60","0.47368421052631576","-1.3018261135227398"
"Primal Beast","Weaver","95","45","50","0.47368421052631576","-1.3494019639022936"
"Lifestealer","Shadow Fiend","57","27","30","0.47368421052631576","-1.5293800558919497"
"Muerta","Batrider","152","72","80","0.47368421052631576","-1.6138305701483342"
"Terrorblade","Bane","190","90","100","0.47368421052631576","-1.6595357087828864"
"Dark Willow","Slardar","95","45","50","0.47368421052631576","-1.7533459466281378"
"Skywrath Mage","Chaos Knight","57","27","30","0.47368421052631576","-1.778922718283631"
"Lycan","Templar Assassin","76","36","40","0.47368421052631576","-1.8025954726627156"
"Skywrath Mage","Tusk","114","54","60","0.47368421052631576","-2.080971063910334"
"Invoker","Shadow Demon","133","63","70","0.47368421052631576","-2.1916824311825116"
"Dazzle","Tidehunter","57","27","30","0.47368421052631576","-2.197316327932976"
"Ogre Magi","Timbersaw","57","27","30","0.47368421052631576","-2.3163214444713573"
"Windranger","Clinkz","57","27","30","0.47368421052631576","-2.321956039155137"
"Zeus","Templar Assassin","76","36","40","0.47368421052631576","-2.351160665358246"
"Winter Wyvern","Kunkka","57","27","30","0.47368421052631576","-2.721423092995642"
"Marci","Shadow Fiend","114","54","60","0.47368421052631576","-2.7803231456806663"
"Omniknight","Timbersaw","57","27","30","0.47368421052631576","-2.926249309877281"
"Clinkz","Void Spirit","57","27","30","0.47368421052631576","-3.3484330845160764"
"Rubick","Silencer","264","125","139","0.4734848484848485","-1.9555451482886028"
"Jakiro","Pangolier","226","107","119","0.47345132743362833","-1.4304560510852473"
"Monkey King","Templar Assassin","207","98","109","0.47342995169082125","-2.6269314123239638"
"Centaur Warrunner","Snapfire","188","89","99","0.4734042553191489","-3.6217839024626235"
"Underlord","Hoodwink","150","71","79","0.47333333333333333","-0.2905029655145226"
"Enchantress","Sand King","150","71","79","0.47333333333333333","-3.3893268839971418"
"Techies","Terrorblade","131","62","69","0.4732824427480916","-1.5379276033881755"
"Gyrocopter","Sand King","131","62","69","0.4732824427480916","-2.056332577191227"
"Tusk","Beastmaster","374","177","197","0.4732620320855615","-1.5198385288337037"
"Ursa","Enchantress","112","53","59","0.4732142857142857","-1.1909041304077015"
"Snapfire","Earth Spirit","112","53","59","0.4732142857142857","-1.617618974680643"
"Windranger","Ember Spirit","224","106","118","0.4732142857142857","-1.6190985814621603"
"Kunkka","Lion","112","53","59","0.4732142857142857","-2.2638780954832174"
"Magnus","Templar Assassin","112","53","59","0.4732142857142857","-2.395853362826466"
"Dragon Knight","Tiny","503","238","265","0.4731610337972167","-1.6904102070066889"
"Enchantress","Sniper","93","44","49","0.4731182795698925","0.34169261020362046"
"Sven","Kunkka","93","44","49","0.4731182795698925","-0.9332742209945094"
"Snapfire","Warlock","93","44","49","0.4731182795698925","-1.3763646043315934"
"Jakiro","Phantom Assassin","93","44","49","0.4731182795698925","-1.7616261801749566"
"Silencer","Dark Seer","93","44","49","0.4731182795698925","-2.205668052587784"
"Medusa","Sven","93","44","49","0.4731182795698925","-2.236951958384235"
"Invoker","Marci","93","44","49","0.4731182795698925","-2.281579581681038"
"Pugna","Alchemist","93","44","49","0.4731182795698925","-2.341734348671945"
"Phoenix","Beastmaster","260","123","137","0.47307692307692306","-1.4670753207786638"
"Vengeful Spirit","Brewmaster","74","35","39","0.47297297297297297","1.5185296049626664"
"Vengeful Spirit","Sven","74","35","39","0.47297297297297297","0.298980456745314"
"Spectre","Clockwerk","74","35","39","0.47297297297297297","0.09458632968555314"
"Shadow Fiend","Earthshaker","74","35","39","0.47297297297297297","-1.005848334585962"
"Abaddon","Undying","74","35","39","0.47297297297297297","-1.2740068631495292"
"Batrider","Winter Wyvern","74","35","39","0.47297297297297297","-1.7088654782941881"
"Snapfire","Night Stalker","74","35","39","0.47297297297297297","-1.822676533731236"
"Mars","Phantom Assassin","148","70","78","0.47297297297297297","-1.968046895059512"
"Ember Spirit","Venomancer","74","35","39","0.47297297297297297","-2.0170258227776063"
"Enchantress","Pangolier","370","175","195","0.47297297297297297","-2.206003160785592"
"Silencer","Dark Willow","74","35","39","0.47297297297297297","-3.58079324300469"
"Windranger","Tiny","277","131","146","0.4729241877256318","-0.5639120757822336"
"Dragon Knight","Shadow Fiend","129","61","68","0.4728682170542636","-1.3731574074566033"
"Monkey King","Nyx Assassin","129","61","68","0.4728682170542636","-1.8719917420550374"
"Dark Seer","Ember Spirit","184","87","97","0.47282608695652173","-2.31368381851912"
"Ringmaster","Dark Seer","55","26","29","0.4727272727272727","2.0330530555651003"
"Venomancer","Timbersaw","55","26","29","0.4727272727272727","0.7921961098128396"
"Death Prophet","Sven","55","26","29","0.4727272727272727","0.05433883627967088"
"Bristleback","Treant Protector","55","26","29","0.4727272727272727","-0.5594488455003043"
"Terrorblade","Troll Warlord","55","26","29","0.4727272727272727","-0.6587674540097235"
"Faceless Void","Venomancer","55","26","29","0.4727272727272727","-0.6851314005494665"
"Keeper of the Light","Monkey King","165","78","87","0.4727272727272727","-0.7445385921734953"
"Morphling","Keeper of the Light","110","52","58","0.4727272727272727","-1.0549908410916813"
"Axe","Shadow Demon","55","26","29","0.4727272727272727","-1.3173659789815644"
"Jakiro","Clinkz","55","26","29","0.4727272727272727","-1.3662115483992316"
"Abaddon","Faceless Void","55","26","29","0.4727272727272727","-1.5212552209431243"
"Void Spirit","Terrorblade","165","78","87","0.4727272727272727","-1.7108009862613223"
"Centaur Warrunner","Primal Beast","165","78","87","0.4727272727272727","-1.9463614060786516"
"Marci","Juggernaut","55","26","29","0.4727272727272727","-1.9468309212446764"
"Faceless Void","Ember Spirit","165","78","87","0.4727272727272727","-2.513702935867874"
"Ogre Magi","Morphling","55","26","29","0.4727272727272727","-2.527410129009234"
"Centaur Warrunner","Bane","110","52","58","0.4727272727272727","-2.6799139178310303"
"Viper","Treant Protector","55","26","29","0.4727272727272727","-3.1528317520451834"
"Templar Assassin","Venomancer","55","26","29","0.4727272727272727","-3.498657879922604"
"Storm Spirit","Monkey King","311","147","164","0.47266881028938906","-1.7736597070318938"
"Death Prophet","Sand King","146","69","77","0.4726027397260274","-1.7119645338000469"
"Enchantress","Medusa","146","69","77","0.4726027397260274","-4.256463301735037"
"Primal Beast","Broodmother","91","43","48","0.4725274725274725","-0.05981736034859101"
"Ursa","Templar Assassin","91","43","48","0.4725274725274725","-0.9290195319971468"
"Tiny","Templar Assassin","364","172","192","0.4725274725274725","-2.272431584094094"
"Lina","Phantom Assassin","91","43","48","0.4725274725274725","-2.3500654607100406"
"Storm Spirit","Troll Warlord","91","43","48","0.4725274725274725","-2.585848504528519"
"Ember Spirit","Medusa","218","103","115","0.4724770642201835","-1.7989143527936708"
"Ember Spirit","Morphling","345","163","182","0.47246376811594204","-1.996227478006907"
"Elder Titan","Tiny","127","60","67","0.47244094488188976","-0.7755311451972934"
"Clockwerk","Sand King","127","60","67","0.47244094488188976","-1.149247447892206"
"Rubick","Morphling","290","137","153","0.4724137931034483","-1.9667057518804218"
"Crystal Maiden","Mirana","199","94","105","0.4723618090452261","-2.437139828484812"
"Ember Spirit","Silencer","235","111","124","0.4723404255319149","-0.7875293786402963"
"Dark Willow","Tiny","235","111","124","0.4723404255319149","-0.9819675925101112"
"Windranger","Spirit Breaker","72","34","38","0.4722222222222222","0.6634352708528469"
"Phantom Assassin","Razor","72","34","38","0.4722222222222222","-0.26613052517515967"
"Shadow Demon","Chen","108","51","57","0.4722222222222222","-0.7431609068851242"
"Mars","Enigma","144","68","76","0.4722222222222222","-0.8994686854669912"
"Storm Spirit","Bristleback","180","85","95","0.4722222222222222","-1.103166338210545"
"Techies","Crystal Maiden","144","68","76","0.4722222222222222","-1.1307501499602208"
"Queen of Pain","Enchantress","180","85","95","0.4722222222222222","-1.1955616904406043"
"Shadow Demon","Beastmaster","216","102","114","0.4722222222222222","-2.405545766264032"
"Gyrocopter","Earth Spirit","108","51","57","0.4722222222222222","-3.0656582265212826"
"Winter Wyvern","Enigma","72","34","38","0.4722222222222222","-4.055777031870154"
"Lina","Ember Spirit","161","76","85","0.4720496894409938","-1.287538593227588"
"Hoodwink","Pugna","161","76","85","0.4720496894409938","-3.4116401019477935"
"Puck","Earth Spirit","125","59","66","0.472","-0.24801465837528536"
"Dragon Knight","Warlock","125","59","66","0.472","-1.9870698838605092"
"Magnus","Void Spirit","125","59","66","0.472","-2.5002242002263197"
"Razor","Nature's Prophet","89","42","47","0.47191011235955055","-1.2109251118793227"
"Enchantress","Timbersaw","267","126","141","0.47191011235955055","-1.7060190750157065"
"Morphling","Earthshaker","89","42","47","0.47191011235955055","-2.3130714746059047"
"Beastmaster","Nature's Prophet","231","109","122","0.47186147186147187","-3.0372700420725782"
"Jakiro","Beastmaster","284","134","150","0.47183098591549294","-1.49202687917946"
"Ember Spirit","Primal Beast","248","117","131","0.4717741935483871","-1.3298382455527602"
"Tiny","Doom","407","192","215","0.47174447174447176","-1.7581735376900356"
"Ursa","Juggernaut","53","25","28","0.4716981132075472","2.076472901708928"
"Night Stalker","Batrider","53","25","28","0.4716981132075472","1.227965013857886"
"Nyx Assassin","Night Stalker","53","25","28","0.4716981132075472","0.018968917124557044"
"Centaur Warrunner","Marci","106","50","56","0.4716981132075472","-0.43431298894128456"
"Outworld Devourer","Queen of Pain","53","25","28","0.4716981132075472","-0.6598873318537086"
"Pudge","Leshrac","53","25","28","0.4716981132075472","-0.8179973181452569"
"Gyrocopter","Viper","53","25","28","0.4716981132075472","-1.2172193197634567"
"Morphling","Night Stalker","53","25","28","0.4716981132075472","-1.641664623288912"
"Doom","Shadow Fiend","159","75","84","0.4716981132075472","-1.7341077916000287"
"Dazzle","Templar Assassin","53","25","28","0.4716981132075472","-1.8755654394878514"
"Lion","Axe","53","25","28","0.4716981132075472","-2.039427953407512"
"Magnus","Sand King","53","25","28","0.4716981132075472","-2.4111075762272556"
"Treant Protector","Ogre Magi","53","25","28","0.4716981132075472","-2.7390877663861914"
"Necrophos","Tiny","123","58","65","0.4715447154471545","-1.5200384761752526"
"Kunkka","Underlord","70","33","37","0.4714285714285714","-0.5295610524321673"
"Ogre Magi","Tiny","140","66","74","0.4714285714285714","-0.8707209037442228"
"Dark Seer","Marci","70","33","37","0.4714285714285714","-1.3048001661263138"
"Windranger","Io","70","33","37","0.4714285714285714","-1.5641608660674748"
"Techies","Keeper of the Light","140","66","74","0.4714285714285714","-1.6844958082010952"
"Enigma","Techies","70","33","37","0.4714285714285714","-1.8537026574976603"
"Crystal Maiden","Marci","140","66","74","0.4714285714285714","-2.1968785175043806"
"Slark","Leshrac","70","33","37","0.4714285714285714","-2.55102168523481"
"Ancient Apparition","Puck","70","33","37","0.4714285714285714","-3.756169998370493"
"Void Spirit","Mars","297","140","157","0.4713804713804714","-0.9125207495924014"
"Dark Willow","Ember Spirit","227","107","120","0.4713656387665198","-0.8912209251238861"
"Tusk","Storm Spirit","314","148","166","0.4713375796178344","-1.9442075555812173"
"Keeper of the Light","Clockwerk","157","74","83","0.4713375796178344","-3.6292006406567134"
"Clockwerk","Treant Protector","244","115","129","0.4713114754098361","-2.895227195180493"
"Batrider","Clockwerk","331","156","175","0.47129909365558914","-2.2137382919885584"
"Warlock","Windranger","87","41","46","0.47126436781609193","0.5752293128168724"
"Dawnbreaker","Crystal Maiden","87","41","46","0.47126436781609193","-0.33254252523518757"
"Snapfire","Gyrocopter","174","82","92","0.47126436781609193","-0.7725357615601259"
"Ursa","Keeper of the Light","87","41","46","0.47126436781609193","-1.7527583926978616"
"Grimstroke","Sven","87","41","46","0.47126436781609193","-3.4599880863778574"
"Rubick","Ember Spirit","556","262","294","0.4712230215827338","-2.267987988430427"
"Timbersaw","Templar Assassin","191","90","101","0.4712041884816754","-1.1533687693570638"
"Dark Willow","Windranger","104","49","55","0.47115384615384615","1.280325885422149"
"Void Spirit","Silencer","104","49","55","0.47115384615384615","-1.4247097919322917"
"Ursa","Marci","104","49","55","0.47115384615384615","-1.6665566444077577"
"Invoker","Primal Beast","104","49","55","0.47115384615384615","-1.8975470869390165"
"Razor","Lion","104","49","55","0.47115384615384615","-2.3913500217017307"
"Primal Beast","Tiny","293","138","155","0.4709897610921502","-1.2340330992762212"
"Luna","Tusk","172","81","91","0.47093023255813954","-0.42819934202866006"
"Underlord","Storm Spirit","189","89","100","0.4708994708994709","-0.34855274465818387"
"Warlock","Jakiro","240","113","127","0.4708333333333333","-1.1277446854382498"
"Puck","Oracle","51","24","27","0.47058823529411764","1.2484659417264503"
"Disruptor","Ogre Magi","85","40","45","0.47058823529411764","0.7912808295020304"
"Techies","Invoker","51","24","27","0.47058823529411764","-0.11886034067902813"
"Centaur Warrunner","Elder Titan","68","32","36","0.47058823529411764","-0.30059607464606747"
"Brewmaster","Lifestealer","85","40","45","0.47058823529411764","-0.3971184419689417"
"Morphling","Marci","119","56","63","0.47058823529411764","-0.4563969022429539"
"Axe","Kunkka","51","24","27","0.47058823529411764","-0.4742743031477363"
"Crystal Maiden","Lina","85","40","45","0.47058823529411764","-0.5576948660085246"
"Earthshaker","Tidehunter","85","40","45","0.47058823529411764","-0.5712171566374841"
"Slardar","Naga Siren","51","24","27","0.47058823529411764","-0.5792581081452193"
"Ogre Magi","Ember Spirit","119","56","63","0.47058823529411764","-0.6121904433789807"
"Legion Commander","Silencer","51","24","27","0.47058823529411764","-0.6151597725428731"
"Grimstroke","Monkey King","153","72","81","0.47058823529411764","-0.7199968511825804"
"Lycan","Troll Warlord","51","24","27","0.47058823529411764","-0.9134431269138629"
"Lifestealer","Magnus","51","24","27","0.47058823529411764","-0.9531805747175531"
"Troll Warlord","Kunkka","51","24","27","0.47058823529411764","-1.1547367480020767"
"Shadow Shaman","Bane","136","64","72","0.47058823529411764","-1.3419409524049721"
"Ursa","Clockwerk","153","72","81","0.47058823529411764","-1.6736139677427666"
"Gyrocopter","Zeus","51","24","27","0.47058823529411764","-1.8876329538269931"
"Beastmaster","Naga Siren","153","72","81","0.47058823529411764","-2.029764268323554"
"Tiny","Keeper of the Light","323","152","171","0.47058823529411764","-2.1532847688775734"
"Earth Spirit","Grimstroke","85","40","45","0.47058823529411764","-2.2200110516624374"
"Anti-Mage","Doom","51","24","27","0.47058823529411764","-2.247437220548197"
"Lich","Phantom Assassin","51","24","27","0.47058823529411764","-2.321869657488612"
"Hoodwink","Beastmaster","340","160","180","0.47058823529411764","-2.386028247583337"
"Disruptor","Techies","119","56","63","0.47058823529411764","-2.396219052813642"
"Io","Terrorblade","119","56","63","0.47058823529411764","-2.457325435235105"
"Sand King","Storm Spirit","187","88","99","0.47058823529411764","-2.4744388761395157"
"Troll Warlord","Legion Commander","51","24","27","0.47058823529411764","-2.5124908090093405"
"Chaos Knight","Leshrac","68","32","36","0.47058823529411764","-2.5551254490356023"
"Night Stalker","Bloodseeker","68","32","36","0.47058823529411764","-2.640164566178085"
"Spirit Breaker","Underlord","68","32","36","0.47058823529411764","-2.739088649748671"
"Razor","Keeper of the Light","102","48","54","0.47058823529411764","-2.762851022663006"
"Shadow Shaman","Enchantress","68","32","36","0.47058823529411764","-2.8407939731747707"
"Kez","Tusk","51","24","27","0.47058823529411764","-2.844614428741472"
"Silencer","Medusa","102","48","54","0.47058823529411764","-2.890614085503796"
"Batrider","Treant Protector","170","80","90","0.47058823529411764","-2.9732214569201116"
"Jakiro","Kez","51","24","27","0.47058823529411764","-3.585079274061896"
"Silencer","Broodmother","51","24","27","0.47058823529411764","-4.209686476482372"
"Juggernaut","Centaur Warrunner","51","24","27","0.47058823529411764","-4.658218793539811"
"Tidehunter","Mars","304","143","161","0.47039473684210525","-1.6360106374353194"
"Clockwerk","Mirana","253","119","134","0.47035573122529645","-1.2225076863248887"
"Death Prophet","Terrorblade","219","103","116","0.4703196347031963","-1.871288148995742"
"Doom","Morphling","168","79","89","0.47023809523809523","-3.248846515465933"
"Tiny","Morphling","319","150","169","0.4702194357366771","-1.5148793667385525"
"Luna","Clockwerk","134","63","71","0.4701492537313433","-1.7885539654180858"
"Tidehunter","Kunkka","117","55","62","0.4700854700854701","-0.5143627367830487"
"Disruptor","Lion","117","55","62","0.4700854700854701","-1.532101596126765"
"Disruptor","Medusa","117","55","62","0.4700854700854701","-1.7511060809932164"
"Shadow Shaman","Clockwerk","117","55","62","0.4700854700854701","-3.137923595697162"
"Shadow Demon","Marci","100","47","53","0.47","-1.0705761211230147"
"Templar Assassin","Underlord","100","47","53","0.47","-1.1292522882742517"
"Sven","Windranger","100","47","53","0.47","-1.3803598980422134"
"Weaver","Doom","100","47","53","0.47","-1.6396689869793883"
"Slardar","Troll Warlord","100","47","53","0.47","-1.68906506027636"
"Terrorblade","Spirit Breaker","100","47","53","0.47","-1.6904244822983037"
"Undying","Slark","100","47","53","0.47","-3.164900554635675"
"Winter Wyvern","Clockwerk","100","47","53","0.47","-5.333656534185996"
"Ember Spirit","Leshrac","249","117","132","0.46987951807228917","-1.7688345863485944"
"Mars","Death Prophet","249","117","132","0.46987951807228917","-2.458520229584664"
"Lion","Ogre Magi","83","39","44","0.46987951807228917","-2.9023555050482215"
"Drow Ranger","Doom","83","39","44","0.46987951807228917","-3.514414058285011"
"Chen","Mirana","83","39","44","0.46987951807228917","-3.908107790265381"
"Dark Willow","Kunkka","149","70","79","0.4697986577181208","-0.25089000810293666"
"Disruptor","Keeper of the Light","149","70","79","0.4697986577181208","-1.1677053438389036"
"Magnus","Techies","149","70","79","0.4697986577181208","-1.4413892033525346"
"Keeper of the Light","Pugna","149","70","79","0.4697986577181208","-2.2932096382559592"
"Crystal Maiden","Storm Spirit","149","70","79","0.4697986577181208","-2.354755092000379"
"Enchantress","Lycan","66","31","35","0.4696969696969697","2.0404132627431752"
"Silencer","Io","66","31","35","0.4696969696969697","0.6898350747600275"
"Tidehunter","Legion Commander","66","31","35","0.4696969696969697","-0.2319001409612721"
"Techies","Oracle","66","31","35","0.4696969696969697","-0.32514003338788383"
"Bloodseeker","Spirit Breaker","66","31","35","0.4696969696969697","-1.1875624596913958"
"Chen","Sand King","66","31","35","0.4696969696969697","-1.7741034109907237"
"Pangolier","Omniknight","66","31","35","0.4696969696969697","-1.9804597354988764"
"Beastmaster","Tinker","66","31","35","0.4696969696969697","-2.000828934328321"
"Earth Spirit","Undying","66","31","35","0.4696969696969697","-2.5453351226083236"
"Troll Warlord","Crystal Maiden","66","31","35","0.4696969696969697","-2.8946423237130277"
"Morphling","Grimstroke","115","54","61","0.46956521739130436","-1.8070214342249924"
"Death Prophet","Marci","164","77","87","0.4695121951219512","-0.40299602842507304"
"Morphling","Techies","147","69","78","0.46938775510204084","-1.1081686529697399"
"Tusk","Shadow Demon","294","138","156","0.46938775510204084","-1.971230716568029"
"Axe","Jakiro","98","46","52","0.46938775510204084","-2.7147798739367555"
"Techies","Dark Seer","98","46","52","0.46938775510204084","-2.905644768126004"
"Tiny","Lina","309","145","164","0.4692556634304207","-2.4076493064726723"
"Enchantress","Batrider","260","122","138","0.46923076923076923","-2.5100744333021527"
"Razor","Shadow Fiend","81","38","43","0.4691358024691358","0.26094460397477504"
"Lifestealer","Monkey King","81","38","43","0.4691358024691358","0.22214353683678334"
"Slark","Doom","81","38","43","0.4691358024691358","-0.8353418766330161"
"Ringmaster","Warlock","81","38","43","0.4691358024691358","-0.9034044586415129"
"Ursa","Bristleback","81","38","43","0.4691358024691358","-1.4586199619594185"
"Gyrocopter","Faceless Void","81","38","43","0.4691358024691358","-1.5692818342666806"
"Beastmaster","Bounty Hunter","81","38","43","0.4691358024691358","-2.555043049175756"
"Kez","Hoodwink","81","38","43","0.4691358024691358","-2.8518420769996853"
"Tiny","Leshrac","275","129","146","0.4690909090909091","-1.8562611107325087"
"Silencer","Monkey King","145","68","77","0.4689655172413793","0.6316209331634789"
"Kunkka","Shadow Demon","145","68","77","0.4689655172413793","-1.39069374501138"
"Terrorblade","Razor","145","68","77","0.4689655172413793","-1.567496106662238"
"Tusk","Alchemist","145","68","77","0.4689655172413793","-2.4554739816631415"
"Storm Spirit","Marci","145","68","77","0.4689655172413793","-2.6250098128993575"
"Io","Disruptor","145","68","77","0.4689655172413793","-2.93541460954276"
"Terrorblade","Queen of Pain","145","68","77","0.4689655172413793","-3.2435453404607135"
"Death Prophet","Nature's Prophet","209","98","111","0.4688995215311005","-2.304270572990709"
"Windranger","Rubick","241","113","128","0.46887966804979253","-1.2487753953861473"
"Mirana","Riki","64","30","34","0.46875","0.6089311745132311"
"Underlord","Sven","64","30","34","0.46875","0.21064050999247974"
"Nature's Prophet","Brewmaster","64","30","34","0.46875","-0.638221555208218"
"Kunkka","Earthshaker","64","30","34","0.46875","-0.8920535283363404"
"Disruptor","Monkey King","192","90","102","0.46875","-1.0075080791769242"
"Spirit Breaker","Disruptor","96","45","51","0.46875","-1.26950617410545"
"Treant Protector","Primal Beast","96","45","51","0.46875","-1.4946461633627017"
"Bristleback","Nature's Prophet","96","45","51","0.46875","-1.683155005369055"
"Crystal Maiden","Centaur Warrunner","128","60","68","0.46875","-2.012244829046325"
"Dark Seer","Elder Titan","64","30","34","0.46875","-2.0261500338137632"
"Invoker","Weaver","96","45","51","0.46875","-2.3964902028993014"
"Underlord","Silencer","64","30","34","0.46875","-2.5167630215747128"
"Centaur Warrunner","Weaver","128","60","68","0.46875","-2.6057511140651806"
"Sand King","Centaur Warrunner","96","45","51","0.46875","-2.740492115252223"
"Lycan","Nyx Assassin","64","30","34","0.46875","-2.938604189187801"
"Centaur Warrunner","Ember Spirit","207","97","110","0.46859903381642515","-1.1090125745390362"
"Io","Bane","207","97","110","0.46859903381642515","-2.6548311769821757"
"Mars","Leshrac","207","97","110","0.46859903381642515","-2.680331362710473"
"Rubick","Dark Seer","207","97","110","0.46859903381642515","-3.640444975990258"
"Rubick","Lich","143","67","76","0.46853146853146854","0.2507353884330676"
"Lich","Beastmaster","143","67","76","0.46853146853146854","-1.8516224457785098"
"Tusk","Sand King","143","67","76","0.46853146853146854","-1.8837445970189737"
"Disruptor","Beastmaster","254","119","135","0.468503937007874","-0.3709563770911868"
"Snapfire","Lycan","111","52","59","0.46846846846846846","0.18215268782015367"
"Ember Spirit","Wraith King","111","52","59","0.46846846846846846","-1.5697186884375414"
"Bane","Beastmaster","222","104","118","0.46846846846846846","-1.6658578289928823"
"Lich","Enchantress","111","52","59","0.46846846846846846","-2.8212920938083452"
"Magnus","Muerta","111","52","59","0.46846846846846846","-2.9099438471770793"
"Kunkka","Leshrac","111","52","59","0.46846846846846846","-4.24764621607033"
"Night Stalker","Gyrocopter","79","37","42","0.46835443037974683","-0.34633194763455694"
"Sand King","Lion","79","37","42","0.46835443037974683","-1.0960999188897798"
"Morphling","Lifestealer","79","37","42","0.46835443037974683","-1.8674017807530086"
"Timbersaw","Naga Siren","79","37","42","0.46835443037974683","-3.1114963843651715"
"Ogre Magi","Dark Willow","79","37","42","0.46835443037974683","-4.244288723857939"
"Faceless Void","Timbersaw","126","59","67","0.46825396825396826","-3.200992455254487"
"Medusa","Clockwerk","126","59","67","0.46825396825396826","-3.7488026915192862"
"Batrider","Templar Assassin","141","66","75","0.46808510638297873","-1.4865403270603526"
"Snapfire","Broodmother","141","66","75","0.46808510638297873","-2.260549695496853"
"Pangolier","Dark Seer","235","110","125","0.46808510638297873","-2.2609188463215486"
"Winter Wyvern","Beastmaster","94","44","50","0.46808510638297873","-3.9404782037356862"
"Doom","Silencer","141","66","75","0.46808510638297873","-4.0688747742507125"
"Dragon Knight","Shadow Demon","203","95","108","0.46798029556650245","-1.0106512041818676"
"Gyrocopter","Rubick","156","73","83","0.46794871794871795","-0.4463968184574951"
"Dragon Knight","Shadow Shaman","156","73","83","0.46794871794871795","-2.0371055258117905"
"Viper","Nature's Prophet","109","51","58","0.46788990825688076","2.2206355506220277"
"Techies","Primal Beast","109","51","58","0.46788990825688076","-0.42727939766834644"
"Lion","Tidehunter","109","51","58","0.46788990825688076","-1.4327586827643248"
"Queen of Pain","Io","109","51","58","0.46788990825688076","-1.7929947803626123"
"Primal Beast","Windranger","109","51","58","0.46788990825688076","-3.8492313581960125"
"Doom","Templar Assassin","171","80","91","0.4678362573099415","-2.2917132688793527"
"Jakiro","Hoodwink","233","109","124","0.4678111587982833","-2.8424366904283906"
"Tiny","Treant Protector","295","138","157","0.46779661016949153","-2.2078597799114483"
"Techies","Rubick","357","167","190","0.4677871148459384","-1.429839596011708"
"Sven","Sand King","62","29","33","0.46774193548387094","1.6538185867924502"
"Invoker","Bloodseeker","62","29","33","0.46774193548387094","-1.142760367543449"
"Rubick","Phantom Lancer","62","29","33","0.46774193548387094","-1.227636032756853"
"Pangolier","Mirana","372","174","198","0.46774193548387094","-1.2419074732505933"
"Drow Ranger","Lina","62","29","33","0.46774193548387094","-1.3254466763492312"
"Gyrocopter","Slark","62","29","33","0.46774193548387094","-1.8303243704261996"
"Crystal Maiden","Earthshaker","62","29","33","0.46774193548387094","-1.9713324930334872"
"Bounty Hunter","Ember Spirit","62","29","33","0.46774193548387094","-1.9870142521227026"
"Pangolier","Troll Warlord","124","58","66","0.46774193548387094","-2.289288359666662"
"Doom","Night Stalker","62","29","33","0.46774193548387094","-2.6204017375794786"
"Vengeful Spirit","Dragon Knight","62","29","33","0.46774193548387094","-3.2462276275113884"
"Ember Spirit","Viper","124","58","66","0.46774193548387094","-3.4760680272254074"
"Drow Ranger","Pangolier","124","58","66","0.46774193548387094","-3.589595886995998"
"Storm Spirit","Dark Seer","139","65","74","0.4676258992805755","-1.4459348016087097"
"Phoenix","Terrorblade","139","65","74","0.4676258992805755","-1.5005611517844912"
"Crystal Maiden","Keeper of the Light","77","36","41","0.4675324675324675","-0.6325733704025317"
"Snapfire","Legion Commander","77","36","41","0.4675324675324675","-0.9696175614643334"
"Clockwerk","Timbersaw","231","108","123","0.4675324675324675","-1.653283882267162"
"Rubick","Magnus","231","108","123","0.4675324675324675","-1.653710782704326"
"Keeper of the Light","Mirana","154","72","82","0.4675324675324675","-2.377267694558192"
"Pangolier","Lycan","154","72","82","0.4675324675324675","-3.0906170797444568"
"Snapfire","Timbersaw","261","122","139","0.4674329501915709","-2.7774409817295056"
"Dark Willow","Underlord","92","43","49","0.4673913043478261","-1.0522263744567164"
"Tusk","Chaos Knight","92","43","49","0.4673913043478261","-1.1614618992883765"
"Chaos Knight","Enchantress","92","43","49","0.4673913043478261","-1.2429175422035545"
"Legion Commander","Mars","92","43","49","0.4673913043478261","-1.8545722843244081"
"Lina","Sven","92","43","49","0.4673913043478261","-1.983761153605017"
"Tidehunter","Storm Spirit","199","93","106","0.46733668341708545","-2.26196304699854"
"Dawnbreaker","Kunkka","107","50","57","0.4672897196261682","1.301135079800468"
"Gyrocopter","Shadow Shaman","107","50","57","0.4672897196261682","-1.0742827516073445"
"Sven","Tiny","214","100","114","0.4672897196261682","-2.0592849023259023"
"Terrorblade","Lina","122","57","65","0.4672131147540984","-2.7554987985431234"
"Batrider","Earth Spirit","122","57","65","0.4672131147540984","-3.0881517008497585"
"Tusk","Enchantress","259","121","138","0.4671814671814672","-0.4991978079343125"
"Treant Protector","Undying","137","64","73","0.46715328467153283","0.9833604062731349"
"Batrider","Sven","137","64","73","0.46715328467153283","-1.3588998939508397"
"Mars","Tiny","563","263","300","0.46714031971580816","-1.149384918480905"
"Dragon Knight","Sven","152","71","81","0.46710526315789475","-1.4926124344022584"
"Rubick","Phoenix","304","142","162","0.46710526315789475","-3.4039995389001865"
"Clockwerk","Faceless Void","167","78","89","0.46706586826347307","0.44137688200913133"
"Morphling","Magnus","182","85","97","0.46703296703296704","-1.8728311477343946"
"Silencer","Terrorblade","182","85","97","0.46703296703296704","-1.8781473469196246"
"Kunkka","Templar Assassin","182","85","97","0.46703296703296704","-3.3375503274701592"
"Snapfire","Terrorblade","242","113","129","0.4669421487603306","-2.3960971047077324"
"Snapfire","Death Prophet","257","120","137","0.4669260700389105","-2.456661805613505"
"Dark Willow","Viper","60","28","32","0.4666666666666667","1.0795556224297613"
"Void Spirit","Gyrocopter","120","56","64","0.4666666666666667","0.33843272707050015"
"Troll Warlord","Nature's Prophet","75","35","40","0.4666666666666667","0.2055472123977168"
"Grimstroke","Tidehunter","135","63","72","0.4666666666666667","-0.10929402416421079"
"Grimstroke","Shadow Shaman","120","56","64","0.4666666666666667","-0.34606408185412113"
"Viper","Monkey King","120","56","64","0.4666666666666667","-0.3890091031411845"
"Storm Spirit","Elder Titan","105","49","56","0.4666666666666667","-0.4491398410153007"
"Zeus","Centaur Warrunner","75","35","40","0.4666666666666667","-0.5094059316225825"
"Undying","Phoenix","120","56","64","0.4666666666666667","-0.5369053809790425"
"Nyx Assassin","Marci","75","35","40","0.4666666666666667","-0.7447938926492456"
"Slark","Crystal Maiden","60","28","32","0.4666666666666667","-0.9674172867700428"
"Queen of Pain","Dragon Knight","150","70","80","0.4666666666666667","-1.1635301161797797"
"Morphling","Muerta","105","49","56","0.4666666666666667","-1.2422651977985741"
"Timbersaw","Bloodseeker","105","49","56","0.4666666666666667","-1.2552896896085206"
"Nyx Assassin","Terrorblade","90","42","48","0.4666666666666667","-1.4549193780448892"
"Nyx Assassin","Magnus","60","28","32","0.4666666666666667","-1.671986619889782"
"Chaos Knight","Tiny","225","105","120","0.4666666666666667","-1.8023346748839673"
"Earth Spirit","Sven","60","28","32","0.4666666666666667","-1.811786029359653"
"Disruptor","Nature's Prophet","165","77","88","0.4666666666666667","-1.9218254515378124"
"Ursa","Medusa","105","49","56","0.4666666666666667","-2.099602680971475"
"Muerta","Razor","75","35","40","0.4666666666666667","-2.103328279082128"
"Faceless Void","Pangolier","240","112","128","0.4666666666666667","-2.2832455933032354"
"Abaddon","Dragon Knight","150","70","80","0.4666666666666667","-2.326150518533871"
"Morphling","Medusa","150","70","80","0.4666666666666667","-2.369256616249329"
"Centaur Warrunner","Pugna","105","49","56","0.4666666666666667","-2.3981966875794227"
"Juggernaut","Batrider","90","42","48","0.4666666666666667","-2.402775103935337"
"Earth Spirit","Brewmaster","60","28","32","0.4666666666666667","-2.462904281063023"
"Silencer","Mirana","150","70","80","0.4666666666666667","-2.8080154825707373"
"Disruptor","Underlord","105","49","56","0.4666666666666667","-2.873388192220696"
"Faceless Void","Queen of Pain","90","42","48","0.4666666666666667","-2.897656605171434"
"Bristleback","Dark Willow","120","56","64","0.4666666666666667","-2.9849795855009775"
"Lycan","Nature's Prophet","75","35","40","0.4666666666666667","-3.0939427235918813"
"Doom","Bristleback","135","63","72","0.4666666666666667","-3.273067505826471"
"Kunkka","Beastmaster","283","132","151","0.4664310954063604","-0.7670678204565616"
"Magnus","Timbersaw","133","62","71","0.46616541353383456","-1.0035698298789617"
"Naga Siren","Disruptor","133","62","71","0.46616541353383456","-2.8724882522319306"
"Axe","Tiny","133","62","71","0.46616541353383456","-3.254176385061008"
"Void Spirit","Lion","118","55","63","0.4661016949152542","-0.845114361797592"
"Grimstroke","Invoker","118","55","63","0.4661016949152542","-0.9184874193577229"
"Rubick","Troll Warlord","118","55","63","0.4661016949152542","-2.369936382314015"
"Gyrocopter","Ember Spirit","221","103","118","0.4660633484162896","-0.8154411977183867"
"Hoodwink","Tiny","545","254","291","0.46605504587155966","-2.228752764902988"
"Death Prophet","Visage","103","48","55","0.46601941747572817","0.6322150650452313"
"Bloodseeker","Templar Assassin","103","48","55","0.46601941747572817","-1.5202725278133724"
"Marci","Warlock","103","48","55","0.46601941747572817","-2.986715954552527"
"Shadow Shaman","Muerta","88","41","47","0.4659090909090909","-0.8210724451604127"
"Pugna","Weaver","88","41","47","0.4659090909090909","-2.2125327267380097"
"Warlock","Tusk","176","82","94","0.4659090909090909","-2.714782635244061"
"Queen of Pain","Death Prophet","176","82","94","0.4659090909090909","-2.8296304901177285"
"Undying","Lion","88","41","47","0.4659090909090909","-3.246776437855427"
"Sven","Keeper of the Light","88","41","47","0.4659090909090909","-3.5470823827832914"
"Warlock","Disruptor","88","41","47","0.4659090909090909","-3.605183307815689"
"Crystal Maiden","Naga Siren","88","41","47","0.4659090909090909","-3.8518598470070797"
"Void Spirit","Weaver","161","75","86","0.4658385093167702","-1.2643597431352016"
"Morphling","Gyrocopter","161","75","86","0.4658385093167702","-1.6913710599616998"
"Hoodwink","Marci","161","75","86","0.4658385093167702","-1.808642819165182"
"Undying","Sven","73","34","39","0.4657534246575342","-0.8376877499764488"
"Tidehunter","Elder Titan","73","34","39","0.4657534246575342","-0.9489739584186191"
"Tidehunter","Shadow Shaman","73","34","39","0.4657534246575342","-1.0452589951815603"
"Dawnbreaker","Underlord","73","34","39","0.4657534246575342","-1.1000161784079818"
"Pugna","Windranger","73","34","39","0.4657534246575342","-2.046871104496835"
"Bloodseeker","Lion","73","34","39","0.4657534246575342","-2.1818940125189368"
"Brewmaster","Muerta","73","34","39","0.4657534246575342","-2.527600589851245"
"Queen of Pain","Earth Spirit","73","34","39","0.4657534246575342","-2.6034743984295825"
"Io","Centaur Warrunner","73","34","39","0.4657534246575342","-2.6521212520668334"
"Hoodwink","Batrider","350","163","187","0.4657142857142857","-2.012660654490923"
"Monkey King","Tiny","408","190","218","0.46568627450980393","-3.411984761871416"
"Weaver","Terrorblade","131","61","70","0.46564885496183206","-0.2175840474415132"
"Skywrath Mage","Faceless Void","58","27","31","0.46551724137931033","0.6218237303194186"
"Anti-Mage","Mars","58","27","31","0.46551724137931033","-0.5144904852180668"
"Warlock","Bristleback","116","54","62","0.46551724137931033","-0.7544386639277688"
"Lycan","Broodmother","58","27","31","0.46551724137931033","-0.8015581695300416"
"Vengeful Spirit","Lina","58","27","31","0.46551724137931033","-0.8175027687898163"
"Crystal Maiden","Monkey King","116","54","62","0.46551724137931033","-1.2823386821006657"
"Keeper of the Light","Earthshaker","58","27","31","0.46551724137931033","-1.3589583090044053"
"Gyrocopter","Skywrath Mage","58","27","31","0.46551724137931033","-1.7139342212891608"
"Spirit Breaker","Phantom Assassin","58","27","31","0.46551724137931033","-2.2241263191693124"
"Jakiro","Earthshaker","58","27","31","0.46551724137931033","-2.4285634592525427"
"Phantom Assassin","Nature's Prophet","58","27","31","0.46551724137931033","-2.5081891085295913"
"Tidehunter","Slark","116","54","62","0.46551724137931033","-2.6688019057355055"
"Pangolier","Timbersaw","275","128","147","0.46545454545454545","-2.89568432778738"
"Enchantress","Monkey King","217","101","116","0.46543778801843316","-0.8463817212959789"
"Phoenix","Monkey King","217","101","116","0.46543778801843316","-0.8783506491684607"
"Snapfire","Slardar","101","47","54","0.46534653465346537","-0.8398676338191071"
"Ancient Apparition","Ember Spirit","101","47","54","0.46534653465346537","-1.4342944029477338"
"Enigma","Bristleback","101","47","54","0.46534653465346537","-1.592663231141665"
"Silencer","Templar Assassin","101","47","54","0.46534653465346537","-2.8582866366388813"
"Tiny","Nature's Prophet","374","174","200","0.46524064171123","-2.0818024733180405"
"Viper","Bane","86","40","46","0.46511627906976744","4.067325732669001"
"Axe","Doom","86","40","46","0.46511627906976744","-0.40383118194108353"
"Earth Spirit","Lion","86","40","46","0.46511627906976744","-2.002483482865208"
"Weaver","Faceless Void","129","60","69","0.46511627906976744","-2.1377461741168307"
"Jakiro","Morphling","129","60","69","0.46511627906976744","-2.218233838560787"
"Centaur Warrunner","Leshrac","129","60","69","0.46511627906976744","-2.3730985659038053"
"Lina","Tidehunter","129","60","69","0.46511627906976744","-2.417409395743358"
"Crystal Maiden","Clockwerk","172","80","92","0.46511627906976744","-2.680500308615234"
"Crystal Maiden","Enigma","86","40","46","0.46511627906976744","-2.76640452462127"
"Ringmaster","Windranger","86","40","46","0.46511627906976744","-3.2865258216710647"
"Queen of Pain","Pangolier","314","146","168","0.46496815286624205","-2.247195969580818"
"Muerta","Dark Willow","157","73","84","0.46496815286624205","-2.9397754185633986"
"Tusk","Nature's Prophet","299","139","160","0.46488294314381273","-1.7819750153176033"
"Lycan","Night Stalker","71","33","38","0.4647887323943662","-0.18998168014923214"
"Dawnbreaker","Broodmother","71","33","38","0.4647887323943662","-1.050784583361869"
"Dawnbreaker","Timbersaw","142","66","76","0.4647887323943662","-1.3447546027275632"
"Storm Spirit","Wraith King","71","33","38","0.4647887323943662","-1.4315831736343212"
"Terrorblade","Batrider","213","99","114","0.4647887323943662","-1.537572064115438"
"Puck","Winter Wyvern","142","66","76","0.4647887323943662","-1.5468203731911618"
"Medusa","Bristleback","71","33","38","0.4647887323943662","-1.5789420751879815"
"Lina","Muerta","71","33","38","0.4647887323943662","-2.00619782315158"
"Tiny","Spectre","71","33","38","0.4647887323943662","-3.3540840731187154"
"Medusa","Enigma","71","33","38","0.4647887323943662","-4.324073361913798"
"Dark Willow","Earthshaker","99","46","53","0.46464646464646464","-1.9929339760956468"
"Vengeful Spirit","Tiny","99","46","53","0.46464646464646464","-2.697627750636749"
"Warlock","Hoodwink","99","46","53","0.46464646464646464","-3.316621466209084"
"Earthshaker","Beastmaster","127","59","68","0.4645669291338583","-3.080090874389016"
"Lina","Mirana","155","72","83","0.4645161290322581","-0.9792717006937404"
"Undying","Leshrac","155","72","83","0.4645161290322581","-1.9363055188432683"
"Primal Beast","Disruptor","155","72","83","0.4645161290322581","-3.097689544624356"
"Mars","Io","183","85","98","0.4644808743169399","-2.4278414449326635"
"Monkey King","Leshrac","183","85","98","0.4644808743169399","-3.6700031492539886"
"Treant Protector","Sniper","56","26","30","0.4642857142857143","1.2252112602818244"
"Silencer","Windranger","84","39","45","0.4642857142857143","-0.8900978048658832"
"Morphling","Underlord","56","26","30","0.4642857142857143","-1.1511563724456164"
"Bloodseeker","Hoodwink","56","26","30","0.4642857142857143","-1.2659574454452218"
"Winter Wyvern","Windranger","56","26","30","0.4642857142857143","-1.3259334426044531"
"Luna","Death Prophet","84","39","45","0.4642857142857143","-1.9821497246754982"
"Spirit Breaker","Batrider","140","65","75","0.4642857142857143","-2.5625089269346333"
"Earthshaker","Tusk","140","65","75","0.4642857142857143","-3.0651516847587192"
"Dark Willow","Nature's Prophet","140","65","75","0.4642857142857143","-3.0711868857015028"
"Clinkz","Hoodwink","56","26","30","0.4642857142857143","-3.1793216386637537"
"Dawnbreaker","Lich","84","39","45","0.4642857142857143","-3.4452012436602475"
"Legion Commander","Broodmother","56","26","30","0.4642857142857143","-3.5414137764360256"
"Juggernaut","Dawnbreaker","56","26","30","0.4642857142857143","-3.5541840768136646"
"Broodmother","Enigma","56","26","30","0.4642857142857143","-3.6355587962843328"
"Ringmaster","Nature's Prophet","56","26","30","0.4642857142857143","-3.6637813312901244"
"Winter Wyvern","Night Stalker","56","26","30","0.4642857142857143","-3.7832258880041434"
"Visage","Underlord","56","26","30","0.4642857142857143","-3.838092088433349"
"Spirit Breaker","Primal Beast","56","26","30","0.4642857142857143","-4.229538126870405"
"Hoodwink","Lich","84","39","45","0.4642857142857143","-6.518788341312435"
"Clockwerk","Beastmaster","377","175","202","0.46419098143236076","-1.0334158605446477"
"Pangolier","Templar Assassin","349","162","187","0.46418338108882523","-2.933280308771589"
"Mars","Morphling","237","110","127","0.4641350210970464","-1.6125083235386448"
"Alchemist","Beastmaster","153","71","82","0.46405228758169936","-1.6798145470903898"
"Tusk","Doom","278","129","149","0.46402877697841727","-2.566016487849692"
"Sand King","Phoenix","125","58","67","0.464","-3.5397782139126175"
"Medusa","Tiny","222","103","119","0.46396396396396394","-2.114623828864453"
"Storm Spirit","Shadow Demon","319","148","171","0.46394984326018807","-2.279829949220166"
"Undying","Dark Seer","97","45","52","0.4639175257731959","-1.4750540169129713"
"Bloodseeker","Disruptor","97","45","52","0.4639175257731959","-1.5211125541597976"
"Templar Assassin","Bane","194","90","104","0.4639175257731959","-1.8044519728993744"
"Juggernaut","Puck","97","45","52","0.4639175257731959","-1.881753755911472"
"Leshrac","Ursa","97","45","52","0.4639175257731959","-2.4236908345856185"
"Phoenix","Tidehunter","166","77","89","0.463855421686747","-3.627558695950388"
"Puck","Queen of Pain","235","109","126","0.46382978723404256","-2.325644327843448"
"Disruptor","Wraith King","69","32","37","0.463768115942029","1.01554125838752"
"Snapfire","Dazzle","69","32","37","0.463768115942029","0.6187469007508124"
"Mars","Lycan","138","64","74","0.463768115942029","-1.0963606020515175"
"Viper","Invoker","69","32","37","0.463768115942029","-1.4463949323408898"
"Dark Seer","Sand King","69","32","37","0.463768115942029","-2.2773839408491843"
"Dark Willow","Night Stalker","69","32","37","0.463768115942029","-2.5923073172626405"
"Windranger","Bristleback","69","32","37","0.463768115942029","-4.121071274284766"
"Puck","Faceless Void","151","70","81","0.46357615894039733","-1.8520473596072209"
"Dark Willow","Monkey King","151","70","81","0.46357615894039733","-2.19790003414531"
"Clockwerk","Abaddon","82","38","44","0.4634146341463415","-0.2552821599192913"
"Earth Spirit","Bristleback","82","38","44","0.4634146341463415","-1.0552595008136687"
"Drow Ranger","Leshrac","82","38","44","0.4634146341463415","-1.5503936102305753"
"Dawnbreaker","Tusk","205","95","110","0.4634146341463415","-1.7973671300178151"
"Pangolier","Ogre Magi","123","57","66","0.4634146341463415","-2.0882457570212374"
"Mirana","Treant Protector","123","57","66","0.4634146341463415","-2.4860629070379616"
"Undying","Enigma","164","76","88","0.4634146341463415","-2.620341425013514"
"Rubick","Dark Willow","205","95","110","0.4634146341463415","-2.9829901462187656"
"Monkey King","Lina","164","76","88","0.4634146341463415","-3.023803912209534"
"Tusk","Lifestealer","82","38","44","0.4634146341463415","-3.3625735717818364"
"Spirit Breaker","Ember Spirit","177","82","95","0.4632768361581921","-1.7994028407937646"
"Void Spirit","Morphling","136","63","73","0.4632352941176471","-1.399768504242904"
"Keeper of the Light","Kunkka","136","63","73","0.4632352941176471","-2.06786716428029"
"Ember Spirit","Doom","326","151","175","0.46319018404907975","-1.2915688911756076"
"Razor","Shadow Shaman","95","44","51","0.4631578947368421","-1.1949196050450541"
"Shadow Fiend","Morphling","95","44","51","0.4631578947368421","-3.4950339765706584"
"Tusk","Dragon Knight","298","138","160","0.46308724832214765","-1.8843205817656206"
"Mars","Ogre Magi","149","69","80","0.46308724832214765","-2.614813075021584"
"Hoodwink","Medusa","149","69","80","0.46308724832214765","-4.643431936481652"
"Invoker","Void Spirit","203","94","109","0.4630541871921182","-4.146264358101972"
"Legion Commander","Terrorblade","54","25","29","0.46296296296296297","1.7702945029088315"
"Ursa","Pudge","54","25","29","0.46296296296296297","0.009739367311583601"
"Muerta","Treant Protector","54","25","29","0.46296296296296297","-1.204938001852641"
"Weaver","Tiny","270","125","145","0.46296296296296297","-1.7681905432987128"
"Spirit Breaker","Snapfire","108","50","58","0.46296296296296297","-2.495307725040052"
"Spirit Breaker","Phantom Lancer","54","25","29","0.46296296296296297","-2.6038493359245125"
"Alchemist","Bloodseeker","54","25","29","0.46296296296296297","-2.8381582702627925"
"Nyx Assassin","Nature's Prophet","54","25","29","0.46296296296296297","-3.093381010403756"
"Spirit Breaker","Gyrocopter","54","25","29","0.46296296296296297","-3.335267272197"
"Pangolier","Nyx Assassin","162","75","87","0.46296296296296297","-3.5143348917988027"
"Shadow Shaman","Silencer","54","25","29","0.46296296296296297","-3.708528795511753"
"Shadow Fiend","Lycan","54","25","29","0.46296296296296297","-3.7320665018014756"
"Beastmaster","Slark","108","50","58","0.46296296296296297","-3.9498875134209963"
"Razor","Alchemist","54","25","29","0.46296296296296297","-7.366637258321294"
"Primal Beast","Crystal Maiden","175","81","94","0.46285714285714286","-1.6728347547030564"
"Rubick","Viper","121","56","65","0.4628099173553719","-3.092318761401824"
"Marci","Terrorblade","121","56","65","0.4628099173553719","-3.244670487321037"
"Terrorblade","Ember Spirit","322","149","173","0.46273291925465837","-2.3401341539423712"
"Ringmaster","Muerta","67","31","36","0.4626865671641791","1.6637826260867254"
"Slark","Techies","67","31","36","0.4626865671641791","-1.1988586551592053"
"Terrorblade","Enchantress","201","93","108","0.4626865671641791","-1.2428164801319173"
"Wraith King","Pangolier","67","31","36","0.4626865671641791","-1.589380860049009"
"Medusa","Nature's Prophet","67","31","36","0.4626865671641791","-1.70274014693284"
"Grimstroke","Naga Siren","67","31","36","0.4626865671641791","-1.796306083214712"
"Abaddon","Weaver","67","31","36","0.4626865671641791","-2.1999689811498024"
"Pangolier","Sand King","268","124","144","0.4626865671641791","-2.5863785928016347"
"Enigma","Vengeful Spirit","67","31","36","0.4626865671641791","-2.730340696666975"
"Crystal Maiden","Lich","67","31","36","0.4626865671641791","-2.8210602448787276"
"Bristleback","Slark","67","31","36","0.4626865671641791","-3.606237713520953"
"Night Stalker","Bristleback","67","31","36","0.4626865671641791","-4.305087404508155"
"Juggernaut","Terrorblade","67","31","36","0.4626865671641791","-4.6669890114718"
"Phantom Assassin","Windranger","67","31","36","0.4626865671641791","-5.033967195727775"
"Weaver","Rubick","281","130","151","0.4626334519572954","-2.6414371688451386"
"Windranger","Hoodwink","214","99","115","0.46261682242990654","-0.8644050181997708"
"Morphling","Spirit Breaker","147","68","79","0.46258503401360546","-0.7738846875551614"
"Templar Assassin","Death Prophet","147","68","79","0.46258503401360546","-1.0689998507474794"
"Morphling","Luna","147","68","79","0.46258503401360546","-1.2839193739218249"
"Sand King","Puck","147","68","79","0.46258503401360546","-4.217976647609834"
"Puck","Centaur Warrunner","227","105","122","0.46255506607929514","-2.285725209223098"
"Phantom Assassin","Kunkka","80","37","43","0.4625","-0.2805159262186617"
"Shadow Fiend","Chen","80","37","43","0.4625","-0.6547321434082118"
"Death Prophet","Spirit Breaker","80","37","43","0.4625","-1.2764747504969032"
"Troll Warlord","Phoenix","80","37","43","0.4625","-1.7073521419443805"
"Tiny","Mirana","400","185","215","0.4625","-2.4968036317461935"
"Sven","Lycan","80","37","43","0.4625","-3.5134161069182612"
"Tusk","Crystal Maiden","173","80","93","0.4624277456647399","-1.1788951210109302"
"Mars","Magnus","173","80","93","0.4624277456647399","-1.4673428192161457"
"Undying","Morphling","173","80","93","0.4624277456647399","-1.8940543500318499"
"Windranger","Centaur Warrunner","186","86","100","0.46236559139784944","-0.05554770302200007"
"Morphling","Earth Spirit","93","43","50","0.46236559139784944","-0.6659544518319467"
"Leshrac","Sand King","93","43","50","0.46236559139784944","-1.9114929921268773"
"Doom","Chen","93","43","50","0.46236559139784944","-2.2337341547131886"
"Jakiro","Death Prophet","93","43","50","0.46236559139784944","-2.5736784791629277"
"Ember Spirit","Nature's Prophet","279","129","150","0.46236559139784944","-3.063391770847883"
"Undying","Keeper of the Light","93","43","50","0.46236559139784944","-3.293630269380115"
"Dragon Knight","Rubick","292","135","157","0.4623287671232877","-2.4197483039758914"
"Tiny","Io","199","92","107","0.4623115577889447","-1.0977257694770717"
"Muerta","Templar Assassin","106","49","57","0.46226415094339623","-1.584560256195115"
"Void Spirit","Shadow Demon","212","98","114","0.46226415094339623","-2.5201523564337305"
"Puck","Lifestealer","106","49","57","0.46226415094339623","-4.2306217066754686"
"Snapfire","Weaver","225","104","121","0.4622222222222222","-3.2840883888348036"
"Void Spirit","Dark Willow","119","55","64","0.46218487394957986","-1.4289167753089802"
"Nature's Prophet","Ursa","119","55","64","0.46218487394957986","-2.8323115109918575"
"Rubick","Enchantress","383","177","206","0.4621409921671018","-1.8826196292374886"
"Mars","Techies","132","61","71","0.4621212121212121","-2.9880776955879487"
"Death Prophet","Pangolier","277","128","149","0.4620938628158845","-2.2721856956999584"
"Mars","Underlord","158","73","85","0.4620253164556962","-2.4829228036848714"
"Void Spirit","Pangolier","329","152","177","0.46200607902735563","-1.8998329022802736"
"Morphling","Templar Assassin","171","79","92","0.4619883040935672","-2.0247063420459677"
"Ember Spirit","Abaddon","171","79","92","0.4619883040935672","-3.1937888359801705"
"Pugna","Shadow Demon","184","85","99","0.46195652173913043","-2.7781152838466845"
"Phoenix","Jakiro","197","91","106","0.4619289340101523","-0.3878242443750561"
"Razor","Pangolier","197","91","106","0.4619289340101523","-1.2509013449018158"
"Tusk","Naga Siren","210","97","113","0.46190476190476193","-1.251709743204986"
"Hoodwink","Primal Beast","236","109","127","0.461864406779661","-2.420920031296345"
"Storm Spirit","Kez","52","24","28","0.46153846153846156","0.8702184507460349"
"Anti-Mage","Abaddon","52","24","28","0.46153846153846156","0.6157607213949264"
"Enigma","Chen","65","30","35","0.46153846153846156","-0.011690014431536173"
"Dawnbreaker","Earthshaker","117","54","63","0.46153846153846156","-0.6527012359223184"
"Bloodseeker","Dark Seer","52","24","28","0.46153846153846156","-0.6880693361535709"
"Clockwerk","Broodmother","78","36","42","0.46153846153846156","-0.8981271919478179"
"Doom","Viper","65","30","35","0.46153846153846156","-0.9870751138577929"
"Shadow Fiend","Storm Spirit","156","72","84","0.46153846153846156","-1.0421215728038777"
"Crystal Maiden","Slardar","78","36","42","0.46153846153846156","-1.260476626463662"
"Viper","Puck","130","60","70","0.46153846153846156","-1.2731673624018298"
"Venomancer","Beastmaster","78","36","42","0.46153846153846156","-1.3762045812532802"
"Crystal Maiden","Terrorblade","143","66","77","0.46153846153846156","-1.5235964026257713"
"Mars","Slark","52","24","28","0.46153846153846156","-1.6138005542623974"
"Templar Assassin","Enchantress","195","90","105","0.46153846153846156","-1.6748791363488091"
"Treant Protector","Zeus","52","24","28","0.46153846153846156","-1.7721000953308852"
"Lifestealer","Keeper of the Light","91","42","49","0.46153846153846156","-1.8610496245843569"
"Enchantress","Juggernaut","65","30","35","0.46153846153846156","-1.8628758544220547"
"Brewmaster","Death Prophet","65","30","35","0.46153846153846156","-1.8890320270609595"
"Shadow Fiend","Nyx Assassin","65","30","35","0.46153846153846156","-2.4369459793850763"
"Batrider","Slark","169","78","91","0.46153846153846156","-3.0848896029785218"
"Batrider","Zeus","130","60","70","0.46153846153846156","-3.127887277774531"
"Invoker","Clockwerk","195","90","105","0.46153846153846156","-3.258191776516305"
"Undying","Puck","143","66","77","0.46153846153846156","-3.2666356772732694"
"Invoker","Enchantress","156","72","84","0.46153846153846156","-3.5772550123538913"
"Nyx Assassin","Chen","78","36","42","0.46153846153846156","-3.8058297836189503"
"Lich","Bloodseeker","52","24","28","0.46153846153846156","-4.044935454258068"
"Spirit Breaker","Slardar","52","24","28","0.46153846153846156","-4.169645782177285"
"Dazzle","Terrorblade","52","24","28","0.46153846153846156","-4.312684098939008"
"Nature's Prophet","Bane","104","48","56","0.46153846153846156","-4.40639220868876"
"Broodmother","Dark Seer","52","24","28","0.46153846153846156","-4.529801828787639"
"Silencer","Primal Beast","91","42","49","0.46153846153846156","-4.783131200549268"
"Riki","Treant Protector","52","24","28","0.46153846153846156","-4.831340419381697"
"Visage","Medusa","52","24","28","0.46153846153846156","-5.096281470945032"
"Pangolier","Dragon Knight","375","173","202","0.4613333333333333","-2.6389563776821334"
"Dark Willow","Clockwerk","232","107","125","0.46120689655172414","-3.014889668270317"
"Pangolier","Storm Spirit","553","255","298","0.46112115732368897","-2.2856936788878532"
"Grimstroke","Io","154","71","83","0.461038961038961","-1.8098336279087333"
"Batrider","Enigma","154","71","83","0.461038961038961","-2.5992090862733566"
"Jakiro","Muerta","141","65","76","0.46099290780141844","-0.0712076307599076"
"Tiny","Lich","141","65","76","0.46099290780141844","-1.5078604042579344"
"Silencer","Storm Spirit","141","65","76","0.46099290780141844","-2.000734806354065"
"Enchantress","Tiny","384","177","207","0.4609375","-1.4451545870746187"
"Silencer","Bane","128","59","69","0.4609375","-2.934718308375083"
"Mars","Earthshaker","115","53","62","0.4608695652173913","-0.8495203188801583"
"Gyrocopter","Nature's Prophet","115","53","62","0.4608695652173913","-0.9430084308488034"
"Jakiro","Shadow Demon","230","106","124","0.4608695652173913","-1.59173856949621"
"Lina","Storm Spirit","115","53","62","0.4608695652173913","-1.8238339682209908"
"Morphling","Brewmaster","115","53","62","0.4608695652173913","-2.2976569221479632"
"Templar Assassin","Faceless Void","115","53","62","0.4608695652173913","-3.117600905575519"
"Dawnbreaker","Pangolier","217","100","117","0.4608294930875576","-1.6693411228293007"
"Luna","Razor","102","47","55","0.46078431372549017","-2.5827402740135854"
"Shadow Demon","Templar Assassin","204","94","110","0.46078431372549017","-2.8616098448203333"
"Enigma","Templar Assassin","102","47","55","0.46078431372549017","-3.1271403478749438"
"Timbersaw","Silencer","102","47","55","0.46078431372549017","-4.354765988097208"
"Death Prophet","Skywrath Mage","89","41","48","0.4606741573033708","-0.01653964462576725"
"Viper","Templar Assassin","89","41","48","0.4606741573033708","-0.6018474743128273"
"Ember Spirit","Ringmaster","89","41","48","0.4606741573033708","-1.8746251492649955"
"Morphling","Alchemist","89","41","48","0.4606741573033708","-2.266275450524158"
"Techies","Doom","178","82","96","0.4606741573033708","-2.5588770005754418"
"Earthshaker","Magnus","89","41","48","0.4606741573033708","-3.019854787291087"
"Sniper","Mirana","89","41","48","0.4606741573033708","-3.4926163276246944"
"Pangolier","Morphling","330","152","178","0.46060606060606063","-2.4244135005683995"
"Centaur Warrunner","Sniper","76","35","41","0.4605263157894737","0.22636302499834599"
"Queen of Pain","Underlord","76","35","41","0.4605263157894737","-0.8245134188553138"
"Invoker","Doom","152","70","82","0.4605263157894737","-1.2367145468072793"
"Vengeful Spirit","Nature's Prophet","76","35","41","0.4605263157894737","-2.1613608285238377"
"Troll Warlord","Dragon Knight","76","35","41","0.4605263157894737","-2.2614792032315694"
"Queen of Pain","Lifestealer","76","35","41","0.4605263157894737","-2.7329967753175195"
"Io","Lina","76","35","41","0.4605263157894737","-3.1935473874318188"
"Tidehunter","Ogre Magi","76","35","41","0.4605263157894737","-3.2085478638264964"
"Clockwerk","Bounty Hunter","76","35","41","0.4605263157894737","-3.627278552337653"
"Jakiro","Grimstroke","76","35","41","0.4605263157894737","-4.897932195596993"
"Earth Spirit","Invoker","139","64","75","0.460431654676259","-2.7007163988789067"
"Spirit Breaker","Beastmaster","139","64","75","0.460431654676259","-2.852931815652873"
"Templar Assassin","Beastmaster","202","93","109","0.4603960396039604","-1.7360369328332548"
"Templar Assassin","Alchemist","63","29","34","0.4603174603174603","-1.418529107000293"
"Dark Willow","Chaos Knight","63","29","34","0.4603174603174603","-1.449451462433032"
"Pugna","Nyx Assassin","63","29","34","0.4603174603174603","-1.5293429528903026"
"Drow Ranger","Death Prophet","126","58","68","0.4603174603174603","-1.6963375759785504"
"Sniper","Storm Spirit","63","29","34","0.4603174603174603","-2.1975248667449967"
"Tusk","Leshrac","189","87","102","0.4603174603174603","-2.2417016327537214"
"Lifestealer","Nature's Prophet","63","29","34","0.4603174603174603","-2.4249328819708853"
"Visage","Enigma","63","29","34","0.4603174603174603","-2.6876994999625383"
"Weaver","Zeus","63","29","34","0.4603174603174603","-3.1760329526936344"
"Storm Spirit","Chaos Knight","126","58","68","0.4603174603174603","-3.2268889546180253"
"Winter Wyvern","Timbersaw","63","29","34","0.4603174603174603","-6.949024939324473"
"Pangolier","Primal Beast","415","191","224","0.4602409638554217","-2.5125935589698303"
"Jakiro","Ringmaster","176","81","95","0.4602272727272727","-1.8791540079003475"
"Viper","Beastmaster","113","52","61","0.46017699115044247","-0.7299531353653699"
"Shadow Fiend","Windranger","113","52","61","0.46017699115044247","-6.011966773385553"
"Earth Spirit","Io","50","23","27","0.46","0.20541987799027267"
"Earth Spirit","Monkey King","100","46","54","0.46","0.0648499279177895"
"Queen of Pain","Winter Wyvern","50","23","27","0.46","-0.17036758159026608"
"Ursa","Venomancer","50","23","27","0.46","-0.8764598157881531"
"Primal Beast","Lich","50","23","27","0.46","-1.3315740069842728"
"Phantom Assassin","Monkey King","100","46","54","0.46","-1.386905456723942"
"Elder Titan","Abaddon","50","23","27","0.46","-1.645873093014756"
"Elder Titan","Leshrac","50","23","27","0.46","-1.7748062081666272"
"Wraith King","Enchantress","50","23","27","0.46","-1.9934818169897341"
"Elder Titan","Naga Siren","50","23","27","0.46","-2.2261064423542916"
"Rubick","Pudge","100","46","54","0.46","-2.781963443461868"
"Earth Spirit","Ursa","50","23","27","0.46","-3.021886353277385"
"Juggernaut","Tidehunter","50","23","27","0.46","-3.3722141115252913"
"Lich","Slardar","50","23","27","0.46","-3.779096425790398"
"Keeper of the Light","Bane","187","86","101","0.45989304812834225","-1.880256769660789"
"Void Spirit","Tiny","274","126","148","0.45985401459854014","-2.051836163260097"
"Techies","Mirana","137","63","74","0.45985401459854014","-3.1146282656984994"
"Disruptor","Terrorblade","224","103","121","0.45982142857142855","-2.759354850716631"
"Abaddon","Warlock","87","40","47","0.45977011494252873","-1.1421042298477468"
"Silencer","Marci","87","40","47","0.45977011494252873","-1.5041199963024519"
"Sven","Faceless Void","87","40","47","0.45977011494252873","-2.14222855711541"
"Wraith King","Templar Assassin","87","40","47","0.45977011494252873","-2.7073337495423"
"Slardar","Beastmaster","124","57","67","0.4596774193548387","-1.290653916217381"
"Tidehunter","Keeper of the Light","124","57","67","0.4596774193548387","-1.8290095632794283"
"Silencer","Magnus","124","57","67","0.4596774193548387","-2.5249071353838635"
"Sven","Nature's Prophet","124","57","67","0.4596774193548387","-3.0476109550188704"
"Silencer","Disruptor","161","74","87","0.45962732919254656","-2.4110914152827907"
"Weaver","Monkey King","198","91","107","0.4595959595959596","-3.5647647984549047"
"Jakiro","Elder Titan","74","34","40","0.4594594594594595","-1.1653618484577715"
"Underlord","Pugna","74","34","40","0.4594594594594595","-1.5991559835976514"
"Phoenix","Invoker","148","68","80","0.4594594594594595","-1.8363379942455713"
"Rubick","Spirit Breaker","148","68","80","0.4594594594594595","-2.3272011520106353"
"Death Prophet","Broodmother","74","34","40","0.4594594594594595","-2.5494615473283133"
"Lina","Medusa","74","34","40","0.4594594594594595","-2.7390415609386913"
"Gyrocopter","Alchemist","74","34","40","0.4594594594594595","-2.745705210208085"
"Marci","Bristleback","111","51","60","0.4594594594594595","-3.7097534738439997"
"Luna","Grimstroke","111","51","60","0.4594594594594595","-3.9624502481945165"
"Sand King","Shadow Demon","148","68","80","0.4594594594594595","-4.429550552001828"
"Windranger","Death Prophet","74","34","40","0.4594594594594595","-6.008275718382409"
"Skywrath Mage","Techies","135","62","73","0.45925925925925926","-1.2607588460987729"
"Zeus","Hoodwink","98","45","53","0.45918367346938777","-2.4429651083154558"
"Vengeful Spirit","Centaur Warrunner","98","45","53","0.45918367346938777","-2.606222543461321"
"Batrider","Brewmaster","98","45","53","0.45918367346938777","-3.1046457834769376"
"Troll Warlord","Disruptor","98","45","53","0.45918367346938777","-3.3984300072639466"
"Terrorblade","Templar Assassin","220","101","119","0.4590909090909091","-3.010268060239773"
"Dawnbreaker","Void Spirit","122","56","66","0.45901639344262296","-1.7021758727427987"
"Muerta","Crystal Maiden","61","28","33","0.45901639344262296","-1.8547192111166697"
"Void Spirit","Tusk","183","84","99","0.45901639344262296","-1.9939722533670288"
"Medusa","Lich","61","28","33","0.45901639344262296","-2.5019210580155287"
"Slardar","Ringmaster","61","28","33","0.45901639344262296","-2.8051762275650423"
"Lina","Earthshaker","61","28","33","0.45901639344262296","-2.994622263431971"
"Shadow Demon","Treant Protector","122","56","66","0.45901639344262296","-4.077462499406697"
"Vengeful Spirit","Batrider","146","67","79","0.4589041095890411","0.599638755586275"
"Slark","Pangolier","146","67","79","0.4589041095890411","-1.9730297093114944"
"Lina","Keeper of the Light","85","39","46","0.4588235294117647","-0.4639018852562425"
"Visage","Beastmaster","85","39","46","0.4588235294117647","-2.5745657050359902"
"Tiny","Viper","170","78","92","0.4588235294117647","-2.8678106774733414"
"Hoodwink","Nature's Prophet","194","89","105","0.4587628865979381","-3.614068648261091"
"Silencer","Enchantress","109","50","59","0.45871559633027525","-0.9709863136887077"
"Grimstroke","Brewmaster","109","50","59","0.45871559633027525","-2.2933979099797934"
"Storm Spirit","Night Stalker","109","50","59","0.45871559633027525","-3.9893974747433774"
"Tusk","Brewmaster","157","72","85","0.4585987261146497","-3.330938305166899"
"Ursa","Tiny","253","116","137","0.45849802371541504","-2.7603267937369775"
"Lifestealer","Muerta","72","33","39","0.4583333333333333","1.0246992994416777"
"Viper","Razor","96","44","52","0.4583333333333333","0.13018957375480755"
"Shadow Fiend","Treant Protector","96","44","52","0.4583333333333333","-0.22551384597403956"
"Void Spirit","Death Prophet","96","44","52","0.4583333333333333","-0.8751428847711509"
"Terrorblade","Underlord","96","44","52","0.4583333333333333","-0.9856948951406271"
"Techies","Templar Assassin","96","44","52","0.4583333333333333","-1.609837406573547"
"Dawnbreaker","Viper","72","33","39","0.4583333333333333","-1.6114352789784754"
"Vengeful Spirit","Lion","120","55","65","0.4583333333333333","-1.7455438958963945"
"Tiny","Faceless Void","264","121","143","0.4583333333333333","-1.7816675524614305"
"Jakiro","Leshrac","120","55","65","0.4583333333333333","-2.048882538471286"
"Beastmaster","Pudge","96","44","52","0.4583333333333333","-2.3308275917097454"
"Dragon Knight","Void Spirit","96","44","52","0.4583333333333333","-2.3350989230565538"
"Earth Spirit","Disruptor","72","33","39","0.4583333333333333","-3.1192829214765503"
"Hoodwink","Kunkka","168","77","91","0.4583333333333333","-3.1277057282219607"
"Keeper of the Light","Slark","72","33","39","0.4583333333333333","-3.2116027357301857"
"Gyrocopter","Slardar","96","44","52","0.4583333333333333","-3.3336617925585847"
"Medusa","Slark","72","33","39","0.4583333333333333","-4.022380369404489"
"Dragon Knight","Lycan","72","33","39","0.4583333333333333","-5.011607900296517"
"Kunkka","Puck","203","93","110","0.458128078817734","-3.307950163952194"
"Underlord","Puck","131","60","71","0.4580152671755725","-0.6762913075110711"
"Dark Seer","Hoodwink","131","60","71","0.4580152671755725","-2.764795691149224"
"Razor","Centaur Warrunner","107","49","58","0.45794392523364486","-1.0255972325651712"
"Medusa","Dark Willow","107","49","58","0.45794392523364486","-2.791506616717334"
"Beastmaster","Enigma","190","87","103","0.45789473684210524","-3.1391655817068305"
"Silencer","Earthshaker","83","38","45","0.4578313253012048","-0.33180307363308353"
"Bane","Marci","83","38","45","0.4578313253012048","-0.608333666317675"
"Skywrath Mage","Pugna","83","38","45","0.4578313253012048","-2.881038860604315"
"Mars","Earth Spirit","142","65","77","0.45774647887323944","-2.4107496481194706"
"Rubick","Mirana","437","200","237","0.4576659038901602","-3.2271193336592976"
"Wraith King","Dragon Knight","59","27","32","0.4576271186440678","-1.389943711187325"
"Underlord","Bristleback","59","27","32","0.4576271186440678","-1.5508567130915394"
"Luna","Techies","59","27","32","0.4576271186440678","-1.5892080710658236"
"Muerta","Nyx Assassin","59","27","32","0.4576271186440678","-2.248899983887634"
"Morphling","Windranger","118","54","64","0.4576271186440678","-2.3164011038551386"
"Terrorblade","Chaos Knight","59","27","32","0.4576271186440678","-2.7007995126962285"
"Jakiro","Spirit Breaker","59","27","32","0.4576271186440678","-3.7524775258104834"
"Phantom Lancer","Bane","59","27","32","0.4576271186440678","-3.7761766948927935"
"Earthshaker","Elder Titan","59","27","32","0.4576271186440678","-3.9201430020534827"
"Faceless Void","Lifestealer","59","27","32","0.4576271186440678","-4.108698722928041"
"Huskar","Dragon Knight","59","27","32","0.4576271186440678","-4.5677045563386205"
"Rubick","Tidehunter","271","124","147","0.4575645756457565","-3.538534832595288"
"Phoenix","Weaver","153","70","83","0.45751633986928103","-3.6547877660818155"
"Pangolier","Pugna","247","113","134","0.4574898785425101","-2.9721964122082833"
"Pangolier","Hoodwink","435","199","236","0.4574712643678161","-3.153240159485629"
"Silencer","Hoodwink","94","43","51","0.4574468085106383","-1.1899201802671862"
"Phoenix","Earthshaker","94","43","51","0.4574468085106383","-1.454300181548496"
"Lion","Nature's Prophet","94","43","51","0.4574468085106383","-2.3638210014817593"
"Primal Beast","Vengeful Spirit","94","43","51","0.4574468085106383","-2.4218976395860894"
"Tidehunter","Primal Beast","94","43","51","0.4574468085106383","-3.606542182369256"
"Clockwerk","Bane","223","102","121","0.45739910313901344","-2.4184184273117775"
"Warlock","Shadow Demon","129","59","70","0.4573643410852713","-1.8630010007636355"
"Batrider","Nyx Assassin","164","75","89","0.4573170731707317","-3.0131846149167427"
"Luna","Mars","199","91","108","0.457286432160804","-3.06096210476454"
"Snapfire","Chen","105","48","57","0.45714285714285713","-1.4342056213899939"
"Io","Treant Protector","70","32","38","0.45714285714285713","-1.486099531612669"
"Windranger","Lina","70","32","38","0.45714285714285713","-1.6992562925589008"
"Ursa","Storm Spirit","175","80","95","0.45714285714285713","-1.729537022213733"
"Keeper of the Light","Night Stalker","70","32","38","0.45714285714285713","-1.763092420879072"
"Pangolier","Legion Commander","70","32","38","0.45714285714285713","-2.540712995229539"
"Bloodseeker","Razor","70","32","38","0.45714285714285713","-2.761103860134228"
"Sniper","Morphling","70","32","38","0.45714285714285713","-3.6350789698937507"
"Beastmaster","Treant Protector","175","80","95","0.45714285714285713","-4.2301422672779365"
"Mars","Shadow Fiend","151","69","82","0.45695364238410596","-3.092153295875676"
"Grimstroke","Batrider","151","69","82","0.45695364238410596","-3.8448153535111844"
"Kunkka","Enigma","116","53","63","0.45689655172413796","-2.1053821295830843"
"Snapfire","Abaddon","116","53","63","0.45689655172413796","-2.1096357870517215"
"Death Prophet","Weaver","116","53","63","0.45689655172413796","-2.5335700651407373"
"Slardar","Batrider","116","53","63","0.45689655172413796","-3.3700687248655803"
"Dark Seer","Tidehunter","116","53","63","0.45689655172413796","-3.4372667335119886"
"Marci","Naga Siren","81","37","44","0.4567901234567901","-1.6125665425184856"
"Primal Beast","Dawnbreaker","81","37","44","0.4567901234567901","-2.156057276775646"
"Dragon Knight","Leshrac","162","74","88","0.4567901234567901","-2.355192399302192"
"Alchemist","Windranger","81","37","44","0.4567901234567901","-3.032232632236891"
"Centaur Warrunner","Earthshaker","81","37","44","0.4567901234567901","-3.3965078753138065"
"Silencer","Invoker","81","37","44","0.4567901234567901","-3.9037871006529032"
"Doom","Batrider","254","116","138","0.4566929133858268","-2.251964229967696"
"Primal Beast","Dark Seer","92","42","50","0.45652173913043476","-1.353545004410872"
"Timbersaw","Death Prophet","138","63","75","0.45652173913043476","-1.6057661126471034"
"Crystal Maiden","Dark Seer","92","42","50","0.45652173913043476","-1.6373458815340607"
"Tusk","Medusa","138","63","75","0.45652173913043476","-3.6926900331691663"
"Rubick","Ursa","230","105","125","0.45652173913043476","-3.71119754563337"
"Pangolier","Puck","447","204","243","0.4563758389261745","-3.435308602613722"
"Sven","Snapfire","149","68","81","0.4563758389261745","-3.55454175074627"
"Grimstroke","Centaur Warrunner","103","47","56","0.4563106796116505","-2.2019350515782845"
"Skywrath Mage","Underlord","103","47","56","0.4563106796116505","-2.2343353819330782"
"Keeper of the Light","Underlord","103","47","56","0.4563106796116505","-4.3897025980415485"
"Rubick","Clockwerk","423","193","230","0.4562647754137116","-4.0445419968021845"
"Warlock","Puck","160","73","87","0.45625","-2.1409731216758425"
"Lycan","Pugna","57","26","31","0.45614035087719296","-0.9461994114993357"
"Slardar","Templar Assassin","57","26","31","0.45614035087719296","-1.3730463004053866"
"Ursa","Razor","57","26","31","0.45614035087719296","-1.812956833451968"
"Jakiro","Lion","57","26","31","0.45614035087719296","-1.83482749826677"
"Nyx Assassin","Lion","114","52","62","0.45614035087719296","-2.131055351151851"
"Muerta","Chen","57","26","31","0.45614035087719296","-2.427844063646239"
"Medusa","Gyrocopter","114","52","62","0.45614035087719296","-2.616076810861423"
"Kunkka","Ancient Apparition","57","26","31","0.45614035087719296","-3.0338365046591873"
"Spirit Breaker","Storm Spirit","114","52","62","0.45614035087719296","-3.143197378074263"
"Muerta","Earth Spirit","114","52","62","0.45614035087719296","-3.3368986395505136"
"Mirana","Pudge","57","26","31","0.45614035087719296","-4.177811443134988"
"Dawnbreaker","Axe","57","26","31","0.45614035087719296","-6.212385502636734"
"Gyrocopter","Monkey King","182","83","99","0.45604395604395603","-1.48718949784256"
"Silencer","Lich","68","31","37","0.45588235294117646","-0.7782089436501219"
"Centaur Warrunner","Mirana","136","62","74","0.45588235294117646","-0.8021581959278542"
"Dark Willow","Weaver","136","62","74","0.45588235294117646","-1.333345919788351"
"Nyx Assassin","Ember Spirit","136","62","74","0.45588235294117646","-1.940625068251506"
"Ursa","Grimstroke","68","31","37","0.45588235294117646","-1.9965283709138573"
"Chaos Knight","Kunkka","68","31","37","0.45588235294117646","-2.4763683857075587"
"Shadow Shaman","Invoker","68","31","37","0.45588235294117646","-2.8228933587156435"
"Kunkka","Alchemist","68","31","37","0.45588235294117646","-3.7911116083150955"
"Ember Spirit","Alchemist","147","67","80","0.4557823129251701","-1.4762084235388955"
"Tusk","Grimstroke","147","67","80","0.4557823129251701","-2.2119454715230282"
"Ember Spirit","Lycan","147","67","80","0.4557823129251701","-2.4744090495576714"
"Vengeful Spirit","Gyrocopter","79","36","43","0.45569620253164556","-0.5524306891646265"
"Kunkka","Abaddon","79","36","43","0.45569620253164556","-1.6321497961988383"
"Windranger","Brewmaster","79","36","43","0.45569620253164556","-3.4981851954175456"
"Batrider","Oracle","169","77","92","0.4556213017751479","-1.1709331116195851"
"Ember Spirit","Necrophos","90","41","49","0.45555555555555555","-0.33892557801488793"
"Timbersaw","Abaddon","90","41","49","0.45555555555555555","-1.5292337337229536"
"Tusk","Riki","90","41","49","0.45555555555555555","-1.9167697390501248"
"Doom","Nature's Prophet","180","82","98","0.45555555555555555","-2.2016150619349952"
"Tiny","Lifestealer","270","123","147","0.45555555555555555","-3.144070580620214"
"Ursa","Dark Willow","90","41","49","0.45555555555555555","-3.260867741147771"
"Phoenix","Centaur Warrunner","202","92","110","0.45544554455445546","-2.316905049403929"
"Doom","Vengeful Spirit","101","46","55","0.45544554455445546","-2.4051740535053536"
"Ember Spirit","Beastmaster","415","189","226","0.45542168674698796","-2.3570943689403934"
"Zeus","Rubick","112","51","61","0.45535714285714285","-2.1690181396363752"
"Void Spirit","Undying","112","51","61","0.45535714285714285","-4.494324572307579"
"Razor","Shadow Demon","123","56","67","0.45528455284552843","-2.8436757176157084"
"Doom","Storm Spirit","257","117","140","0.45525291828793774","-3.4238304364882537"
"Kunkka","Batrider","134","61","73","0.4552238805970149","-2.4986344148916437"
"Spirit Breaker","Bane","134","61","73","0.4552238805970149","-2.9217200224143047"
"Enchantress","Crystal Maiden","279","127","152","0.4551971326164875","-3.6021336364571837"
"Undying","Marci","145","66","79","0.45517241379310347","-2.424155454842313"
"Queen of Pain","Tidehunter","156","71","85","0.4551282051282051","-2.716930028166286"
"Muerta","Beastmaster","156","71","85","0.4551282051282051","-3.0552242824761033"
"Disruptor","Weaver","156","71","85","0.4551282051282051","-3.172622362151697"
"Dragon Knight","Primal Beast","189","86","103","0.455026455026455","-4.093044114701194"
"Tidehunter","Disruptor","211","96","115","0.4549763033175355","-3.3867553557209327"
"Slark","Pugna","55","25","30","0.45454545454545453","0.7350325755286664"
"Bane","Slardar","88","40","48","0.45454545454545453","0.503707068863769"
"Venomancer","Techies","55","25","30","0.45454545454545453","0.14315167852840965"
"Void Spirit","Ogre Magi","66","30","36","0.45454545454545453","-0.1281503629251576"
"Dazzle","Dark Willow","55","25","30","0.45454545454545453","-0.72727235317343"
"Centaur Warrunner","Invoker","121","55","66","0.45454545454545453","-1.1051894601998786"
"Skywrath Mage","Kunkka","77","35","42","0.45454545454545453","-1.404829015285562"
"Nyx Assassin","Kunkka","77","35","42","0.45454545454545453","-1.4336827908436185"
"Pugna","Leshrac","66","30","36","0.45454545454545453","-1.511784320786802"
"Viper","Disruptor","77","35","42","0.45454545454545453","-1.5784223271425326"
"Sven","Techies","77","35","42","0.45454545454545453","-1.5788468012751384"
"Doom","Legion Commander","55","25","30","0.45454545454545453","-1.5904892023105213"
"Windranger","Leshrac","77","35","42","0.45454545454545453","-1.6019184563701376"
"Drow Ranger","Undying","99","45","54","0.45454545454545453","-1.7089714422167293"
"Death Prophet","Monkey King","154","70","84","0.45454545454545453","-1.7858177492153895"
"Gyrocopter","Troll Warlord","77","35","42","0.45454545454545453","-1.806682394023369"
"Death Prophet","Primal Beast","121","55","66","0.45454545454545453","-1.8892579408477015"
"Gyrocopter","Lina","110","50","60","0.45454545454545453","-1.9941841951363235"
"Muerta","Mars","99","45","54","0.45454545454545453","-1.996503842113297"
"Grimstroke","Queen of Pain","154","70","84","0.45454545454545453","-2.086369751488826"
"Grimstroke","Crystal Maiden","66","30","36","0.45454545454545453","-2.1335822909984086"
"Primal Beast","Naga Siren","110","50","60","0.45454545454545453","-2.151142181016813"
"Puck","Slardar","165","75","90","0.45454545454545453","-2.1910109581986843"
"Razor","Templar Assassin","132","60","72","0.45454545454545453","-2.1984669537264887"
"Windranger","Disruptor","99","45","54","0.45454545454545453","-2.252993179466797"
"Razor","Hoodwink","165","75","90","0.45454545454545453","-2.3055050084420072"
"Pangolier","Io","165","75","90","0.45454545454545453","-2.3512351616438227"
"Night Stalker","Terrorblade","88","40","48","0.45454545454545453","-2.3717977331402937"
"Dark Willow","Luna","121","55","66","0.45454545454545453","-2.459120914013267"
"Undying","Gyrocopter","88","40","48","0.45454545454545453","-2.493773952371347"
"Luna","Shadow Fiend","77","35","42","0.45454545454545453","-2.5325044171158644"
"Bloodseeker","Shadow Demon","66","30","36","0.45454545454545453","-2.618397563658485"
"Weaver","Beastmaster","187","85","102","0.45454545454545453","-2.6301543796426405"
"Bristleback","Shadow Fiend","77","35","42","0.45454545454545453","-2.643900184828241"
"Zeus","Primal Beast","66","30","36","0.45454545454545453","-2.7113491475690474"
"Dark Willow","Ancient Apparition","55","25","30","0.45454545454545453","-2.7255227751957483"
"Naga Siren","Nature's Prophet","132","60","72","0.45454545454545453","-2.8574290243439364"
"Rubick","Skywrath Mage","187","85","102","0.45454545454545453","-2.9169180753338466"
"Alchemist","Chen","66","30","36","0.45454545454545453","-2.996288395535675"
"Centaur Warrunner","Alchemist","99","45","54","0.45454545454545453","-3.005274932359861"
"Zeus","Dark Willow","55","25","30","0.45454545454545453","-3.114513171036009"
"Shadow Demon","Phantom Assassin","99","45","54","0.45454545454545453","-3.257287807567612"
"Magnus","Luna","55","25","30","0.45454545454545453","-3.5220041195212843"
"Silencer","Alchemist","55","25","30","0.45454545454545453","-3.853573341747225"
"Techies","Nature's Prophet","66","30","36","0.45454545454545453","-3.984800154973624"
"Gyrocopter","Lifestealer","121","55","66","0.45454545454545453","-4.2682201872443475"
"Rubick","Timbersaw","330","150","180","0.45454545454545453","-4.552802656285658"
"Doom","Broodmother","110","50","60","0.45454545454545453","-4.829016824800439"
"Spectre","Rubick","66","30","36","0.45454545454545453","-5.425697552868247"
"Mars","Beastmaster","317","144","173","0.45425867507886436","-2.9045840199232056"
"Puck","Doom","262","119","143","0.4541984732824427","-3.2398781209867873"
"Rubick","Keeper of the Light","251","114","137","0.4541832669322709","-2.3268326601437725"
"Pangolier","Bristleback","207","94","113","0.45410628019323673","-4.176537897079688"
"Pangolier","Shadow Demon","359","163","196","0.45403899721448465","-3.1585043594507174"
"Death Prophet","Morphling","152","69","83","0.45394736842105265","-1.2710748024904859"
"Razor","Queen of Pain","152","69","83","0.45394736842105265","-2.0764909445716584"
"Terrorblade","Primal Beast","130","59","71","0.45384615384615384","-1.5556638129238312"
"Bloodseeker","Beastmaster","130","59","71","0.45384615384615384","-2.820973792495356"
"Ember Spirit","Bloodseeker","130","59","71","0.45384615384615384","-3.459239621319825"
"Morphling","Dark Seer","119","54","65","0.453781512605042","-0.9538634942659016"
"Ember Spirit","Huskar","119","54","65","0.453781512605042","-1.528082309147655"
"Snapfire","Leshrac","238","108","130","0.453781512605042","-2.835474357591768"
"Sand King","Keeper of the Light","119","54","65","0.453781512605042","-3.117064284322796"
"Abaddon","Templar Assassin","108","49","59","0.4537037037037037","-1.3307604198663583"
"Tiny","Pugna","205","93","112","0.45365853658536587","-2.456213876644379"
"Keeper of the Light","Viper","97","44","53","0.4536082474226804","-1.6637457403694604"
"Doom","Lycan","97","44","53","0.4536082474226804","-2.3912232096823085"
"Shadow Demon","Slardar","97","44","53","0.4536082474226804","-4.643062590118354"
"Skywrath Mage","Tiny","183","83","100","0.453551912568306","-1.6662343320899784"
"Clockwerk","Monkey King","269","122","147","0.45353159851301117","-0.3155503882426247"
"Pangolier","Treant Protector","269","122","147","0.45353159851301117","-3.7799774182570425"
"Earth Spirit","Earthshaker","86","39","47","0.45348837209302323","0.45197204638765887"
"Mars","Enchantress","258","117","141","0.45348837209302323","-1.9372201508942608"
"Puck","Treant Protector","172","78","94","0.45348837209302323","-1.9726682805174953"
"Bristleback","Phantom Assassin","86","39","47","0.45348837209302323","-1.9750161603789678"
"Gyrocopter","Nyx Assassin","86","39","47","0.45348837209302323","-3.1266282401371592"
"Chaos Knight","Mirana","86","39","47","0.45348837209302323","-3.3387272792913874"
"Winter Wyvern","Storm Spirit","86","39","47","0.45348837209302323","-7.617450012947299"
"Storm Spirit","Pugna","161","73","88","0.453416149068323","-2.0463230707901046"
"Crystal Maiden","Magnus","75","34","41","0.4533333333333333","-2.152761873856578"
"Zeus","Razor","75","34","41","0.4533333333333333","-2.2612847819289765"
"Medusa","Underlord","75","34","41","0.4533333333333333","-2.3064299212887893"
"Terrorblade","Jakiro","150","68","82","0.4533333333333333","-2.6635008924717516"
"Jakiro","Magnus","75","34","41","0.4533333333333333","-3.6259660391315993"
"Nyx Assassin","Medusa","75","34","41","0.4533333333333333","-4.046973635208871"
"Shadow Shaman","Underlord","75","34","41","0.4533333333333333","-5.979861654048745"
"Rubick","Sven","214","97","117","0.4532710280373832","-2.355035669501673"
"Void Spirit","Batrider","214","97","117","0.4532710280373832","-2.988906833841862"
"Lina","Viper","64","29","35","0.453125","0.08320456107315138"
"Bloodseeker","Storm Spirit","128","58","70","0.453125","-1.2488547684288709"
"Chaos Knight","Dragon Knight","128","58","70","0.453125","-1.4367340426827129"
"Lina","Bristleback","64","29","35","0.453125","-1.5620255201619289"
"Storm Spirit","Faceless Void","128","58","70","0.453125","-2.2451943227657027"
"Timbersaw","Gyrocopter","192","87","105","0.453125","-2.456115883263367"
"Void Spirit","Mirana","128","58","70","0.453125","-2.4932642419678204"
"Tiny","Oracle","64","29","35","0.453125","-2.812132798100313"
"Batrider","Chaos Knight","64","29","35","0.453125","-3.0913045901871854"
"Ember Spirit","Broodmother","128","58","70","0.453125","-3.539974599729934"
"Lina","Zeus","64","29","35","0.453125","-3.780771742514689"
"Snapfire","Phantom Assassin","64","29","35","0.453125","-3.9655239579654555"
"Enchantress","Night Stalker","64","29","35","0.453125","-4.471843235892158"
"Snapfire","Bloodseeker","128","58","70","0.453125","-5.389729619527914"
"Pangolier","Leshrac","245","111","134","0.4530612244897959","-2.524600523988134"
"Death Prophet","Batrider","181","82","99","0.4530386740331492","-0.525559483794218"
"Alchemist","Monkey King","117","53","64","0.452991452991453","-0.5580684617787076"
"Terrorblade","Windranger","117","53","64","0.452991452991453","-2.7578222971153723"
"Enchantress","Enigma","117","53","64","0.452991452991453","-3.9335260488507995"
"Axe","Keeper of the Light","53","24","29","0.4528301886792453","-1.1498669141150184"
"Spirit Breaker","Legion Commander","53","24","29","0.4528301886792453","-1.3740826694907817"
"Tusk","Spectre","53","24","29","0.4528301886792453","-2.1575785958729035"
"Keeper of the Light","Visage","53","24","29","0.4528301886792453","-2.624499796947547"
"Elder Titan","Ember Spirit","106","48","58","0.4528301886792453","-2.717282697708968"
"Sven","Morphling","106","48","58","0.4528301886792453","-3.6757327692962325"
"Tiny","Warlock","265","120","145","0.4528301886792453","-4.489215172236826"
"Bloodseeker","Dark Willow","53","24","29","0.4528301886792453","-4.616657749665445"
"Puck","Clinkz","53","24","29","0.4528301886792453","-4.8933816116398665"
"Oracle","Beastmaster","53","24","29","0.4528301886792453","-6.510881852839526"
"Abaddon","Beastmaster","148","67","81","0.4527027027027027","-2.6784399573000566"
"Jakiro","Tiny","327","148","179","0.4525993883792049","-3.2461176543608303"
"Phoenix","Shadow Fiend","137","62","75","0.45255474452554745","-1.4334711772824271"
"Clockwerk","Leshrac","137","62","75","0.45255474452554745","-1.5147845710886603"
"Queen of Pain","Weaver","179","81","98","0.45251396648044695","-4.809104277435989"
"Dark Seer","Doom","126","57","69","0.4523809523809524","-1.4055408959834788"
"Windranger","Weaver","84","38","46","0.4523809523809524","-1.8626968810454971"
"Dark Willow","Snapfire","168","76","92","0.4523809523809524","-2.1016385848504116"
"Disruptor","Elder Titan","84","38","46","0.4523809523809524","-2.1212061150458226"
"Troll Warlord","Marci","84","38","46","0.4523809523809524","-2.6335974601125893"
"Sven","Jakiro","126","57","69","0.4523809523809524","-3.9105869219240983"
"Rubick","Winter Wyvern","84","38","46","0.4523809523809524","-4.525797386515584"
"Phoenix","Winter Wyvern","84","38","46","0.4523809523809524","-4.7346233180171255"
"Rubick","Disruptor","409","185","224","0.45232273838630804","-3.2487339333466103"
"Terrorblade","Tidehunter","157","71","86","0.45222929936305734","-2.090419632997521"
"Spirit Breaker","Tiny","115","52","63","0.45217391304347826","-2.6389001430102264"
"Windranger","Shadow Demon","115","52","63","0.45217391304347826","-3.3443903206370758"
"Shadow Fiend","Shadow Demon","115","52","63","0.45217391304347826","-6.682924138715772"
"Undying","Weaver","73","33","40","0.4520547945205479","-2.072374538450503"
"Sand King","Earth Spirit","73","33","40","0.4520547945205479","-3.0228276163475583"
"Dark Seer","Oracle","73","33","40","0.4520547945205479","-3.6411399040798718"
"Monkey King","Bane","219","99","120","0.4520547945205479","-4.014902464438907"
"Earth Spirit","Void Spirit","73","33","40","0.4520547945205479","-4.020450797782399"
"Dark Seer","Invoker","73","33","40","0.4520547945205479","-6.597175960330312"
"Rubick","Broodmother","135","61","74","0.45185185185185184","-2.490985915373552"
"Snapfire","Monkey King","301","136","165","0.45182724252491696","-2.5754921608396515"
"Bounty Hunter","Tusk","62","28","34","0.45161290322580644","-0.503772000358452"
"Queen of Pain","Keeper of the Light","124","56","68","0.45161290322580644","-0.8570570162554704"
"Primal Beast","Chen","124","56","68","0.45161290322580644","-0.9187321533662649"
"Phoenix","Bristleback","155","70","85","0.45161290322580644","-2.0850595185726313"
"Disruptor","Jakiro","186","84","102","0.45161290322580644","-2.33039650651653"
"Faceless Void","Io","62","28","34","0.45161290322580644","-2.453175878687465"
"Ogre Magi","Grimstroke","62","28","34","0.45161290322580644","-2.4684088828878266"
"Chaos Knight","Snapfire","124","56","68","0.45161290322580644","-2.6018353200340165"
"Snapfire","Primal Beast","186","84","102","0.45161290322580644","-2.6128484466951334"
"Mars","Monkey King","341","154","187","0.45161290322580644","-2.980934873428869"
"Ember Spirit","Juggernaut","124","56","68","0.45161290322580644","-3.277032986129078"
"Invoker","Terrorblade","124","56","68","0.45161290322580644","-3.3068777934917315"
"Queen of Pain","Earthshaker","93","42","51","0.45161290322580644","-3.7752784534678625"
"Disruptor","Outworld Devourer","62","28","34","0.45161290322580644","-4.228530271028472"
"Crystal Maiden","Death Prophet","93","42","51","0.45161290322580644","-4.299551520314035"
"Ember Spirit","Skywrath Mage","206","93","113","0.45145631067961167","-2.77773732275344"
"Invoker","Templar Assassin","175","79","96","0.4514285714285714","-2.4638764420272827"
"Death Prophet","Enchantress","175","79","96","0.4514285714285714","-3.727001169694292"
"Medusa","Faceless Void","113","51","62","0.45132743362831856","-2.2302447212726597"
"Kunkka","Medusa","113","51","62","0.45132743362831856","-3.752782128669215"
"Centaur Warrunner","Shadow Fiend","82","37","45","0.45121951219512196","-0.5218926733113693"
"Hoodwink","Vengeful Spirit","82","37","45","0.45121951219512196","-0.8067164771289578"
"Dark Seer","Lion","82","37","45","0.45121951219512196","-1.1138567035669247"
"Marci","Kunkka","82","37","45","0.45121951219512196","-1.4884659041531543"
"Skywrath Mage","Puck","164","74","90","0.45121951219512196","-1.6251475315610469"
"Crystal Maiden","Zeus","82","37","45","0.45121951219512196","-1.8538531101502196"
"Jakiro","Luna","82","37","45","0.45121951219512196","-4.051166885454254"
"Ogre Magi","Puck","82","37","45","0.45121951219512196","-4.402741562252575"
"Ember Spirit","Enchantress","297","134","163","0.4511784511784512","-1.357601803215906"
"Snapfire","Batrider","286","129","157","0.45104895104895104","-2.968657185851044"
"Dawnbreaker","Windranger","51","23","28","0.45098039215686275","1.636038214327422"
"Rubick","Brewmaster","153","69","84","0.45098039215686275","-1.5731776646360758"
"Spirit Breaker","Medusa","102","46","56","0.45098039215686275","-2.0908652430497483"
"Timbersaw","Spirit Breaker","102","46","56","0.45098039215686275","-2.5966987376721113"
"Zeus","Tiny","255","115","140","0.45098039215686275","-2.6889009652443514"
"Legion Commander","Enchantress","51","23","28","0.45098039215686275","-2.785034197325454"
"Anti-Mage","Hoodwink","51","23","28","0.45098039215686275","-2.9995715888634735"
"Silencer","Tusk","153","69","84","0.45098039215686275","-3.4617617525931066"
"Night Stalker","Lina","51","23","28","0.45098039215686275","-3.493973965920984"
"Phantom Lancer","Snapfire","51","23","28","0.45098039215686275","-4.1697229544224435"
"Undying","Venomancer","51","23","28","0.45098039215686275","-4.647157673412148"
"Jakiro","Earth Spirit","51","23","28","0.45098039215686275","-4.831133414392083"
"Hoodwink","Monkey King","275","124","151","0.4509090909090909","-2.1379244915685427"
"Jakiro","Snapfire","224","101","123","0.45089285714285715","-3.9822304730692424"
"Tidehunter","Puck","173","78","95","0.4508670520231214","-3.2685272432428203"
"Dawnbreaker","Razor","122","55","67","0.45081967213114754","-1.1369210716069074"
"Dragon Knight","Invoker","122","55","67","0.45081967213114754","-2.0370413015294306"
"Windranger","Keeper of the Light","122","55","67","0.45081967213114754","-2.66648877532088"
"Dawnbreaker","Dark Willow","122","55","67","0.45081967213114754","-3.387902940800082"
"Chaos Knight","Clockwerk","122","55","67","0.45081967213114754","-3.7209857917342917"
"Ember Spirit","Marci","213","96","117","0.4507042253521127","-1.445752399361762"
"Slark","Void Spirit","71","32","39","0.4507042253521127","-1.5196981782666428"
"Skywrath Mage","Primal Beast","71","32","39","0.4507042253521127","-2.141215336971316"
"Brewmaster","Mirana","71","32","39","0.4507042253521127","-2.542230099913397"
"Dawnbreaker","Bloodseeker","71","32","39","0.4507042253521127","-2.6398729279233466"
"Dragon Knight","Juggernaut","71","32","39","0.4507042253521127","-2.8363394144177034"
"Rubick","Centaur Warrunner","213","96","117","0.4507042253521127","-3.856100990170706"
"Void Spirit","Medusa","142","64","78","0.4507042253521127","-4.63825829483166"
"Oracle","Pangolier","91","41","50","0.45054945054945056","-2.4988258628209055"
"Ember Spirit","Winter Wyvern","91","41","50","0.45054945054945056","-3.8715950710027602"
"Snapfire","Visage","111","50","61","0.45045045045045046","-1.6238711799372083"
"Marci","Pangolier","242","109","133","0.45041322314049587","-4.178646976452359"
"Lion","Invoker","131","59","72","0.45038167938931295","-2.9993619101123925"
"Tiny","Bane","302","136","166","0.4503311258278146","-0.6320184943847845"
"Lion","Templar Assassin","151","68","83","0.4503311258278146","-2.3568129097321933"
"Muerta","Shadow Demon","151","68","83","0.4503311258278146","-4.9242045676216915"
"Mars","Keeper of the Light","211","95","116","0.45023696682464454","-2.746535128840525"
"Batrider","Sniper","80","36","44","0.45","0.4519204252017393"
"Slardar","Shadow Fiend","60","27","33","0.45","0.03581666284955641"
"Silencer","Keeper of the Light","100","45","55","0.45","-0.052701422658987924"
"Luna","Slardar","60","27","33","0.45","-0.6418129807587938"
"Primal Beast","Underlord","60","27","33","0.45","-0.7114905251229192"
"Rubick","Night Stalker","80","36","44","0.45","-0.816077563186302"
"Void Spirit","Brewmaster","80","36","44","0.45","-1.5174968595835217"
"Tusk","Razor","140","63","77","0.45","-1.892519245252079"
"Timbersaw","Disruptor","160","72","88","0.45","-1.915464685493756"
"Underlord","Bane","60","27","33","0.45","-2.287170612049962"
"Io","Gyrocopter","60","27","33","0.45","-2.3104857750489334"
"Invoker","Io","100","45","55","0.45","-2.3604068527617486"
"Windranger","Medusa","120","54","66","0.45","-2.412544628034979"
"Bloodseeker","Techies","80","36","44","0.45","-2.5438319898368884"
"Skywrath Mage","Centaur Warrunner","60","27","33","0.45","-2.576143156460015"
"Kunkka","Faceless Void","80","36","44","0.45","-2.991873266394174"
"Tiny","Winter Wyvern","200","90","110","0.45","-3.0560405686778997"
"Medusa","Razor","80","36","44","0.45","-3.5986129214634617"
"Leshrac","Puck","160","72","88","0.45","-3.603963632608821"
"Void Spirit","Clockwerk","200","90","110","0.45","-3.860881336584484"
"Treant Protector","Lifestealer","60","27","33","0.45","-4.814196314646801"
"Chaos Knight","Sven","80","36","44","0.45","-4.958633146343073"
"Enchantress","Mirana","309","139","170","0.44983818770226536","-1.815754178844215"
"Hoodwink","Crystal Maiden","189","85","104","0.4497354497354497","-3.6992860936307936"
"Void Spirit","Templar Assassin","149","67","82","0.44966442953020136","-1.8118442291242762"
"Undying","Techies","129","58","71","0.4496124031007752","-1.6899773259345572"
"Snapfire","Clockwerk","387","174","213","0.4496124031007752","-3.639625323238902"
"Keeper of the Light","Shadow Shaman","109","49","60","0.44954128440366975","0.06389256199685364"
"Centaur Warrunner","Bristleback","109","49","60","0.44954128440366975","-2.7465729564752297"
"Enchantress","Slardar","109","49","60","0.44954128440366975","-4.652394290797901"
"Monkey King","Chen","89","40","49","0.449438202247191","-0.013019505144178491"
"Tidehunter","Pugna","89","40","49","0.449438202247191","-3.950152994431374"
"Juggernaut","Pugna","69","31","38","0.4492753623188406","-2.727410620555094"
"Warlock","Doom","69","31","38","0.4492753623188406","-3.0150619343638367"
"Techies","Vengeful Spirit","69","31","38","0.4492753623188406","-3.3602318516629133"
"Bloodseeker","Queen of Pain","69","31","38","0.4492753623188406","-3.5139047843697786"
"Undying","Ember Spirit","276","124","152","0.4492753623188406","-3.537801216251813"
"Earthshaker","Naga Siren","69","31","38","0.4492753623188406","-3.5677577092173385"
"Dragon Knight","Bloodseeker","69","31","38","0.4492753623188406","-4.14609837630352"
"Ursa","Pugna","69","31","38","0.4492753623188406","-4.542787034077605"
"Crystal Maiden","Bloodseeker","69","31","38","0.4492753623188406","-6.496974022583823"
"Marci","Beastmaster","187","84","103","0.44919786096256686","-2.6074509100393146"
"Snapfire","Dark Seer","118","53","65","0.4491525423728814","-2.2737779254077917"
"Slardar","Dragon Knight","118","53","65","0.4491525423728814","-2.718187252844145"
"Jakiro","Primal Beast","118","53","65","0.4491525423728814","-4.039884538797368"
"Phoenix","Storm Spirit","265","119","146","0.4490566037735849","-1.2719893944900555"
"Ember Spirit","Magnus","196","88","108","0.4489795918367347","-1.3054162909475702"
"Shadow Demon","Lycan","98","44","54","0.4489795918367347","-1.4733254279654238"
"Grimstroke","Hoodwink","196","88","108","0.4489795918367347","-1.7745591460009082"
"Snapfire","Puck","294","132","162","0.4489795918367347","-3.2770774703031025"
"Kunkka","Doom","147","66","81","0.4489795918367347","-3.988653867568554"
"Snapfire","Ursa","196","88","108","0.4489795918367347","-5.242639061165039"
"Abaddon","Storm Spirit","127","57","70","0.44881889763779526","-3.5632573081385184"
"Jakiro","Mars","205","92","113","0.44878048780487806","-1.7153050544687547"
"Rubick","Terrorblade","283","127","156","0.44876325088339225","-3.5361037127737474"
"Troll Warlord","Primal Beast","78","35","43","0.44871794871794873","-2.271419797128968"
"Sven","Invoker","78","35","43","0.44871794871794873","-2.8721546424404676"
"Phoenix","Bloodseeker","78","35","43","0.44871794871794873","-4.715826103253249"
"Storm Spirit","Viper","78","35","43","0.44871794871794873","-5.798165530820314"
"Puck","Disruptor","263","118","145","0.44866920152091255","-3.6724225289837373"
"Timbersaw","Shadow Demon","185","83","102","0.4486486486486487","-4.16371187910773"
"Keeper of the Light","Treant Protector","107","48","59","0.4485981308411215","-4.168636593057691"
"Mars","Ember Spirit","457","205","252","0.4485776805251641","-3.5051113988851146"
"Tusk","Nyx Assassin","136","61","75","0.4485294117647059","-2.5306853461956935"
"Grimstroke","Dragon Knight","136","61","75","0.4485294117647059","-2.5857614739208277"
"Mars","Faceless Void","223","100","123","0.4484304932735426","-2.294649428752058"
"Gyrocopter","Axe","58","26","32","0.4482758620689655","-1.0895529575933312"
"Silencer","Kunkka","87","39","48","0.4482758620689655","-1.3905459109250862"
"Warlock","Kunkka","58","26","32","0.4482758620689655","-1.394008624196466"
"Bane","Naga Siren","58","26","32","0.4482758620689655","-1.4771636409354791"
"Dark Willow","Crystal Maiden","116","52","64","0.4482758620689655","-1.7469824071269058"
"Skywrath Mage","Windranger","58","26","32","0.4482758620689655","-2.148905819046379"
"Phoenix","Kunkka","145","65","80","0.4482758620689655","-2.3279960770133714"
"Naga Siren","Lifestealer","58","26","32","0.4482758620689655","-2.523546280443403"
"Abaddon","Hoodwink","116","52","64","0.4482758620689655","-2.5802093768932437"
"Ursa","Pangolier","174","78","96","0.4482758620689655","-2.9611521431060033"
"Earthshaker","Medusa","87","39","48","0.4482758620689655","-3.227394855593918"
"Snapfire","Outworld Devourer","58","26","32","0.4482758620689655","-3.2783949767671263"
"Lycan","Magnus","58","26","32","0.4482758620689655","-3.3557786303757253"
"Techies","Hoodwink","174","78","96","0.4482758620689655","-3.8703514839461515"
"Juggernaut","Viper","58","26","32","0.4482758620689655","-4.14249949508641"
"Io","Medusa","87","39","48","0.4482758620689655","-4.877203582879268"
"Luna","Silencer","58","26","32","0.4482758620689655","-5.223464784172899"
"Dawnbreaker","Tiny","386","173","213","0.4481865284974093","-1.257961679892567"
"Dragon Knight","Razor","183","82","101","0.44808743169398907","-2.5444185199997795"
"Terrorblade","Abaddon","125","56","69","0.448","-1.278538178210054"
"Pugna","Medusa","125","56","69","0.448","-1.7520237443769993"
"Gyrocopter","Shadow Fiend","125","56","69","0.448","-3.5974644753864284"
"Queen of Pain","Beastmaster","221","99","122","0.4479638009049774","-2.4961405678652473"
"Timbersaw","Shadow Shaman","96","43","53","0.4479166666666667","-1.5547509637561852"
"Terrorblade","Doom","288","129","159","0.4479166666666667","-2.1986764547547457"
"Nature's Prophet","Crystal Maiden","96","43","53","0.4479166666666667","-2.5174275276149793"
"Abaddon","Centaur Warrunner","96","43","53","0.4479166666666667","-3.4463131808856495"
"Timbersaw","Luna","192","86","106","0.4479166666666667","-3.5892129530286954"
"Pangolier","Weaver","230","103","127","0.44782608695652176","-2.655070810168542"
"Queen of Pain","Troll Warlord","67","30","37","0.44776119402985076","-0.8387457504354645"
"Weaver","Chen","67","30","37","0.44776119402985076","-0.8432039439432447"
"Shadow Fiend","Earth Spirit","67","30","37","0.44776119402985076","-1.2202927717528187"
"Skywrath Mage","Weaver","67","30","37","0.44776119402985076","-1.628198660176703"
"Magnus","Treant Protector","67","30","37","0.44776119402985076","-2.5343181049932846"
"Kunkka","Zeus","67","30","37","0.44776119402985076","-2.647470250640273"
"Lion","Bristleback","67","30","37","0.44776119402985076","-3.298828696171433"
"Muerta","Disruptor","67","30","37","0.44776119402985076","-4.537022652166946"
"Drow Ranger","Snapfire","105","47","58","0.44761904761904764","-2.775804456404098"
"Monkey King","Sven","105","47","58","0.44761904761904764","-3.2054397345634507"
"Pangolier","Nature's Prophet","257","115","142","0.4474708171206226","-3.8388588726392916"
"Dawnbreaker","Enchantress","152","68","84","0.4473684210526316","-1.7153677191152255"
"Keeper of the Light","Abaddon","76","34","42","0.4473684210526316","-1.8566423502366034"
"Vengeful Spirit","Kunkka","76","34","42","0.4473684210526316","-1.9084124052796205"
"Doom","Centaur Warrunner","228","102","126","0.4473684210526316","-2.3115265363332065"
"Jakiro","Enigma","76","34","42","0.4473684210526316","-2.7764890131863265"
"Sand King","Brewmaster","76","34","42","0.4473684210526316","-2.802792329513823"
"Nature's Prophet","Abaddon","76","34","42","0.4473684210526316","-3.4393108371514463"
"Queen of Pain","Storm Spirit","266","119","147","0.4473684210526316","-4.021200429178343"
"Primal Beast","Storm Spirit","161","72","89","0.4472049689440994","-3.005052376320869"
"Beastmaster","Warlock","161","72","89","0.4472049689440994","-5.361732708460531"
"Bristleback","Primal Beast","123","55","68","0.44715447154471544","-2.662601151723048"
"Dragon Knight","Alchemist","123","55","68","0.44715447154471544","-2.9112471579061587"
"Queen of Pain","Abaddon","123","55","68","0.44715447154471544","-3.564015090326511"
"Troll Warlord","Beastmaster","85","38","47","0.4470588235294118","-1.836979073694005"
"Marci","Faceless Void","85","38","47","0.4470588235294118","-2.0334852377061106"
"Nature's Prophet","Faceless Void","85","38","47","0.4470588235294118","-2.3690919706508806"
"Magnus","Medusa","85","38","47","0.4470588235294118","-2.642634996870626"
"Dark Willow","Enigma","85","38","47","0.4470588235294118","-3.1725756266547926"
"Centaur Warrunner","Ringmaster","85","38","47","0.4470588235294118","-3.1899550570445356"
"Dark Willow","Abaddon","85","38","47","0.4470588235294118","-3.3308905405749"
"Phoenix","Skywrath Mage","85","38","47","0.4470588235294118","-4.1248462467628615"
"Invoker","Spirit Breaker","85","38","47","0.4470588235294118","-5.197651634876368"
"Skywrath Mage","Clockwerk","132","59","73","0.44696969696969696","-1.5993025425465404"
"Hoodwink","Brewmaster","132","59","73","0.44696969696969696","-2.0541993675598786"
"Tidehunter","Undying","132","59","73","0.44696969696969696","-2.711181069434257"
"Crystal Maiden","Shadow Demon","132","59","73","0.44696969696969696","-2.871899622062018"
"Io","Monkey King","132","59","73","0.44696969696969696","-3.190053856660042"
"Enchantress","Nyx Assassin","132","59","73","0.44696969696969696","-4.370344899780584"
"Phoenix","Clockwerk","273","122","151","0.4468864468864469","-1.9839015457280926"
"Terrorblade","Phantom Lancer","94","42","52","0.44680851063829785","-1.7688542763386434"
"Invoker","Leshrac","94","42","52","0.44680851063829785","-1.8582862690275563"
"Abaddon","Monkey King","94","42","52","0.44680851063829785","-3.005369578369602"
"Underlord","Gyrocopter","94","42","52","0.44680851063829785","-3.4605204718424276"
"Clockwerk","Viper","94","42","52","0.44680851063829785","-4.245900388789544"
"Rubick","Bloodseeker","150","67","83","0.44666666666666666","-4.211101949436882"
"Batrider","Monkey King","253","113","140","0.44664031620553357","-1.7011089463181652"
"Spirit Breaker","Tidehunter","103","46","57","0.44660194174757284","-2.069583250505297"
"Primal Beast","Razor","103","46","57","0.44660194174757284","-2.5795100481345883"
"Nyx Assassin","Doom","103","46","57","0.44660194174757284","-2.6337260421001396"
"Io","Dark Willow","103","46","57","0.44660194174757284","-2.6634706125516825"
"Jakiro","Marci","103","46","57","0.44660194174757284","-3.152130569344574"
"Morphling","Io","103","46","57","0.44660194174757284","-3.370415012037225"
"Gyrocopter","Brewmaster","103","46","57","0.44660194174757284","-3.9494294987975396"
"Nature's Prophet","Slark","56","25","31","0.44642857142857145","-0.6939262506838675"
"Shadow Demon","Naga Siren","112","50","62","0.44642857142857145","-1.0640492835438053"
"Clinkz","Shadow Demon","56","25","31","0.44642857142857145","-1.2579380146190933"
"Sniper","Zeus","56","25","31","0.44642857142857145","-1.3405368159760764"
"Puck","Earthshaker","168","75","93","0.44642857142857145","-1.5104129041680747"
"Sand King","Faceless Void","56","25","31","0.44642857142857145","-1.5266995514789845"
"Doom","Bane","112","50","62","0.44642857142857145","-1.5827399103219568"
"Pugna","Anti-Mage","56","25","31","0.44642857142857145","-2.1731165847901894"
"Puck","Muerta","168","75","93","0.44642857142857145","-2.196972078234026"
"Rubick","Huskar","56","25","31","0.44642857142857145","-2.260484603640675"
"Shadow Fiend","Faceless Void","56","25","31","0.44642857142857145","-2.3403315538746083"
"Marci","Sven","112","50","62","0.44642857142857145","-2.962107622710934"
"Zeus","Brewmaster","56","25","31","0.44642857142857145","-3.0081816345900134"
"Lina","Dragon Knight","168","75","93","0.44642857142857145","-3.364494163707719"
"Underlord","Clockwerk","112","50","62","0.44642857142857145","-3.5817438247594295"
"Pudge","Puck","112","50","62","0.44642857142857145","-4.0668526192406045"
"Earthshaker","Grimstroke","56","25","31","0.44642857142857145","-4.068553926566442"
"Brewmaster","Bloodseeker","56","25","31","0.44642857142857145","-5.034553438517947"
"Keeper of the Light","Beastmaster","177","79","98","0.4463276836158192","-3.3778701311890957"
"Rubick","Nature's Prophet","298","133","165","0.4463087248322148","-3.296846221694912"
"Doom","Enigma","121","54","67","0.4462809917355372","-1.736018996135725"
"Jakiro","Abaddon","121","54","67","0.4462809917355372","-2.8428634489108466"
"Sand King","Timbersaw","121","54","67","0.4462809917355372","-4.621840602104692"
"Mars","Treant Protector","186","83","103","0.44623655913978494","-3.8149262427559925"
"Warlock","Keeper of the Light","65","29","36","0.4461538461538462","-1.3775833050271589"
"Nyx Assassin","Timbersaw","65","29","36","0.4461538461538462","-1.3880328460957017"
"Tiny","Clinkz","65","29","36","0.4461538461538462","-1.8825771820272934"
"Puck","Templar Assassin","325","145","180","0.4461538461538462","-2.66298113417803"
"Dawnbreaker","Abaddon","65","29","36","0.4461538461538462","-2.7692414549708975"
"Io","Underlord","65","29","36","0.4461538461538462","-2.9798365565284284"
"Elder Titan","Magnus","65","29","36","0.4461538461538462","-3.075080415769845"
"Tiny","Lone Druid","65","29","36","0.4461538461538462","-3.1542241122077996"
"Rubick","Treant Protector","325","145","180","0.4461538461538462","-3.509350512720022"
"Earth Spirit","Treant Protector","65","29","36","0.4461538461538462","-3.7717225747874172"
"Luna","Earthshaker","65","29","36","0.4461538461538462","-3.936801656493013"
"Undying","Razor","65","29","36","0.4461538461538462","-4.419329945519369"
"Tiny","Ringmaster","130","58","72","0.4461538461538462","-5.7626430032865015"
"Shadow Fiend","Templar Assassin","139","62","77","0.4460431654676259","-2.1369621619379817"
"Dawnbreaker","Bristleback","139","62","77","0.4460431654676259","-2.738962970761623"
"Tidehunter","Ursa","139","62","77","0.4460431654676259","-3.1115532112495865"
"Death Prophet","Disruptor","139","62","77","0.4460431654676259","-3.571164640652534"
"Techies","Timbersaw","139","62","77","0.4460431654676259","-4.03835790862583"
"Rubick","Queen of Pain","222","99","123","0.44594594594594594","-2.3305452417942782"
"Snapfire","Tidehunter","222","99","123","0.44594594594594594","-2.887294548913377"
"Dark Seer","Shadow Shaman","74","33","41","0.44594594594594594","-3.3419742754478303"
"Chaos Knight","Rubick","148","66","82","0.44594594594594594","-3.408045840910666"
"Ursa","Faceless Void","74","33","41","0.44594594594594594","-3.500749237712799"
"Lion","Doom","157","70","87","0.445859872611465","-1.262931880752456"
"Phoenix","Naga Siren","83","37","46","0.4457831325301205","-1.5491816202923367"
"Dark Seer","Keeper of the Light","83","37","46","0.4457831325301205","-1.9152069044626425"
"Slark","Disruptor","83","37","46","0.4457831325301205","-1.971555665228246"
"Ursa","Nyx Assassin","83","37","46","0.4457831325301205","-2.060400242524935"
"Death Prophet","Lycan","83","37","46","0.4457831325301205","-2.3857372345100263"
"Pugna","Sven","83","37","46","0.4457831325301205","-3.9976549097780008"
"Dragon Knight","Skywrath Mage","83","37","46","0.4457831325301205","-4.587959813986651"
"Silencer","Death Prophet","83","37","46","0.4457831325301205","-4.96461960004436"
"Alchemist","Snapfire","92","41","51","0.44565217391304346","-2.917517750176139"
"Primal Beast","Earthshaker","92","41","51","0.44565217391304346","-3.6685315478468716"
"Troll Warlord","Templar Assassin","92","41","51","0.44565217391304346","-3.9998910830793544"
"Nyx Assassin","Bane","101","45","56","0.44554455445544555","0.9194125146838816"
"Spirit Breaker","Enchantress","101","45","56","0.44554455445544555","-3.105404460776225"
"Zeus","Marci","101","45","56","0.44554455445544555","-3.6858735717804034"
"Phoenix","Io","110","49","61","0.44545454545454544","-1.6619954827030308"
"Doom","Earthshaker","110","49","61","0.44545454545454544","-2.420210298159492"
"Batrider","Lycan","110","49","61","0.44545454545454544","-2.4930223957883277"
"Invoker","Treant Protector","110","49","61","0.44545454545454544","-2.951611226464902"
"Tidehunter","Sand King","110","49","61","0.44545454545454544","-4.612390380191649"
"Marci","Nature's Prophet","155","69","86","0.44516129032258067","-3.258533245689244"
"Sniper","Beastmaster","155","69","86","0.44516129032258067","-3.2918276502784"
"Storm Spirit","Invoker","164","73","91","0.4451219512195122","-0.8367616392472478"
"Jakiro","Centaur Warrunner","164","73","91","0.4451219512195122","-3.535636668151892"
"Snapfire","Beastmaster","346","154","192","0.44508670520231214","-3.298026650981346"
"Clockwerk","Shadow Demon","200","89","111","0.445","-2.0818562618256213"
"Void Spirit","Beastmaster","200","89","111","0.445","-2.9709305366359597"
"Rubick","Shadow Demon","236","105","131","0.4449152542372881","-3.8107279949396977"
"Troll Warlord","Chen","54","24","30","0.4444444444444444","0.0746530547300788"
"Phoenix","Axe","54","24","30","0.4444444444444444","-0.2287704256558488"
"Shadow Fiend","Lion","81","36","45","0.4444444444444444","-0.8325872028107989"
"Tidehunter","Earth Spirit","63","28","35","0.4444444444444444","-1.8841406245317187"
"Phantom Assassin","Queen of Pain","90","40","50","0.4444444444444444","-1.8983228020647176"
"Timbersaw","Sven","63","28","35","0.4444444444444444","-2.271464051728274"
"Crystal Maiden","Weaver","90","40","50","0.4444444444444444","-2.2756166889668528"
"Tidehunter","Crystal Maiden","63","28","35","0.4444444444444444","-2.467956205617521"
"Windranger","Sniper","54","24","30","0.4444444444444444","-2.5042669249642"
"Medusa","Shadow Demon","153","68","85","0.4444444444444444","-2.592896344664694"
"Sven","Doom","99","44","55","0.4444444444444444","-2.6008527627439446"
"Ursa","Crystal Maiden","108","48","60","0.4444444444444444","-2.643247967283541"
"Lich","Lina","63","28","35","0.4444444444444444","-2.6830616922958703"
"Ancient Apparition","Morphling","63","28","35","0.4444444444444444","-2.847599584150394"
"Lifestealer","Ursa","54","24","30","0.4444444444444444","-2.9045310862350537"
"Void Spirit","Treant Protector","81","36","45","0.4444444444444444","-3.107195272977477"
"Medusa","Alchemist","54","24","30","0.4444444444444444","-3.136897669860131"
"Phantom Assassin","Gyrocopter","99","44","55","0.4444444444444444","-3.3196888615214424"
"Morphling","Puck","207","92","115","0.4444444444444444","-3.371512908216411"
"Drow Ranger","Lion","63","28","35","0.4444444444444444","-3.546099869860294"
"Beastmaster","Clinkz","126","56","70","0.4444444444444444","-3.8595121429702943"
"Nature's Prophet","Alchemist","81","36","45","0.4444444444444444","-3.872587218444001"
"Rubick","Muerta","135","60","75","0.4444444444444444","-4.098588494679158"
"Shadow Demon","Nature's Prophet","108","48","60","0.4444444444444444","-4.156833884478841"
"Juggernaut","Queen of Pain","63","28","35","0.4444444444444444","-4.202180438200664"
"Dazzle","Puck","117","52","65","0.4444444444444444","-4.291711053242109"
"Pugna","Enigma","63","28","35","0.4444444444444444","-4.4368805502874435"
"Disruptor","Ursa","135","60","75","0.4444444444444444","-4.630794161560411"
"Invoker","Earthshaker","81","36","45","0.4444444444444444","-4.640175810261911"
"Rubick","Shadow Shaman","99","44","55","0.4444444444444444","-4.678062038764051"
"Zeus","Pangolier","90","40","50","0.4444444444444444","-4.954743028528298"
"Ancient Apparition","Templar Assassin","81","36","45","0.4444444444444444","-5.681250796732661"
"Dark Seer","Troll Warlord","72","32","40","0.4444444444444444","-6.09532904803678"
"Techies","Clockwerk","117","52","65","0.4444444444444444","-6.804128291325144"
"Tiny","Shadow Shaman","304","135","169","0.4440789473684211","-3.880404679066448"
"Beastmaster","Bristleback","232","103","129","0.44396551724137934","-4.0770770110955254"
"Tiny","Earth Spirit","205","91","114","0.44390243902439025","-2.9067074051601707"
"Centaur Warrunner","Kunkka","160","71","89","0.44375","-2.5794556945360956"
"Lina","Beastmaster","142","63","79","0.44366197183098594","-1.882956417808538"
"Phoenix","Luna","142","63","79","0.44366197183098594","-2.5096428805630895"
"Brewmaster","Clockwerk","142","63","79","0.44366197183098594","-3.5230290040036247"
"Ursa","Beastmaster","133","59","74","0.44360902255639095","-2.984271630784322"
"Snapfire","Nyx Assassin","133","59","74","0.44360902255639095","-3.1622053383531465"
"Muerta","Monkey King","124","55","69","0.4435483870967742","-2.2486620345040644"
"Rubick","Batrider","363","161","202","0.44352617079889806","-3.4037924634730046"
"Tusk","Templar Assassin","230","102","128","0.4434782608695652","-3.6261381740736685"
"Techies","Medusa","115","51","64","0.4434782608695652","-4.561958183427805"
"Leshrac","Templar Assassin","106","47","59","0.44339622641509435","-2.074218762797505"
"Grimstroke","Lion","106","47","59","0.44339622641509435","-2.7490831917712906"
"Crystal Maiden","Faceless Void","97","43","54","0.44329896907216493","-4.638475308942131"
"Tidehunter","Pangolier","282","125","157","0.4432624113475177","-3.42224416970646"
"Underlord","Windranger","88","39","49","0.4431818181818182","-0.3834239949220527"
"Muerta","Nature's Prophet","88","39","49","0.4431818181818182","-1.8081345539337645"
"Snapfire","Io","176","78","98","0.4431818181818182","-1.9970853948149347"
"Warlock","Shadow Fiend","88","39","49","0.4431818181818182","-2.3754398584516414"
"Luna","Keeper of the Light","88","39","49","0.4431818181818182","-2.9088236000247525"
"Disruptor","Magnus","88","39","49","0.4431818181818182","-3.891287088066802"
"Warlock","Slardar","88","39","49","0.4431818181818182","-5.658685153062618"
"Tiny","Naga Siren","167","74","93","0.4431137724550898","-4.948542360110022"
"Phoenix","Nature's Prophet","158","70","88","0.4430379746835443","-2.9483923848072298"
"Phantom Assassin","Bloodseeker","79","35","44","0.4430379746835443","-6.0908927823074865"
"Storm Spirit","Beastmaster","386","171","215","0.4430051813471503","-2.6141364276977805"
"Phoenix","Kez","70","31","39","0.44285714285714284","0.18251595709973936"
"Undying","Alchemist","70","31","39","0.44285714285714284","-0.5277166285070712"
"Magnus","Shadow Shaman","70","31","39","0.44285714285714284","-0.6261875106225153"
"Silencer","Puck","140","62","78","0.44285714285714284","-2.5539746268852612"
"Ember Spirit","Lifestealer","140","62","78","0.44285714285714284","-2.6520656435625987"
"Undying","Batrider","210","93","117","0.44285714285714284","-2.890034869349567"
"Centaur Warrunner","Faceless Void","70","31","39","0.44285714285714284","-2.92402162871167"
"Beastmaster","Brewmaster","140","62","78","0.44285714285714284","-3.4719514918446808"
"Shadow Fiend","Medusa","70","31","39","0.44285714285714284","-3.515581546291486"
"Juggernaut","Medusa","70","31","39","0.44285714285714284","-3.7341424942438812"
"Invoker","Lich","70","31","39","0.44285714285714284","-3.7804616609179154"
"Faceless Void","Naga Siren","70","31","39","0.44285714285714284","-3.7922280311390493"
"Dark Seer","Death Prophet","70","31","39","0.44285714285714284","-4.950431013544843"
"Dark Willow","Doom","131","58","73","0.44274809160305345","-1.7176144646647131"
"Pangolier","Alchemist","192","85","107","0.4427083333333333","-2.6705932245681665"
"Viper","Abaddon","61","27","34","0.4426229508196721","-0.7983698261422177"
"Silencer","Bristleback","61","27","34","0.4426229508196721","-1.537308819295302"
"Medusa","Treant Protector","61","27","34","0.4426229508196721","-1.662953822841556"
"Abaddon","Marci","61","27","34","0.4426229508196721","-1.9076873448902263"
"Earth Spirit","Skywrath Mage","61","27","34","0.4426229508196721","-2.046761477547006"
"Lina","Magnus","122","54","68","0.4426229508196721","-2.7898186520957995"
"Invoker","Chen","61","27","34","0.4426229508196721","-3.1430395975296324"
"Dazzle","Tusk","61","27","34","0.4426229508196721","-3.6296745527875256"
"Pangolier","Dazzle","61","27","34","0.4426229508196721","-4.5018742817064625"
"Marci","Monkey King","174","77","97","0.4425287356321839","-1.3210494254130143"
"Templar Assassin","Treant Protector","113","50","63","0.4424778761061947","-2.8310477418935727"
"Earthshaker","Enchantress","113","50","63","0.4424778761061947","-2.8487887120007485"
"Drow Ranger","Tusk","113","50","63","0.4424778761061947","-3.2517345973867524"
"Undying","Disruptor","226","100","126","0.4424778761061947","-3.3805243430928265"
"Tusk","Windranger","217","96","121","0.4423963133640553","-4.460201414764907"
"Chaos Knight","Bane","104","46","58","0.4423076923076923","-3.185672477642383"
"Dazzle","Beastmaster","52","23","29","0.4423076923076923","-3.2195795022229916"
"Bounty Hunter","Bristleback","52","23","29","0.4423076923076923","-3.476596706707996"
"Dawnbreaker","Queen of Pain","104","46","58","0.4423076923076923","-3.5538366895813467"
"Lifestealer","Pugna","52","23","29","0.4423076923076923","-3.935179497618222"
"Huskar","Hoodwink","52","23","29","0.4423076923076923","-4.4845460502106596"
"Mirana","Bane","147","65","82","0.4421768707482993","-3.3266186030212106"
"Brewmaster","Monkey King","95","42","53","0.4421052631578947","-1.4756469425541834"
"Crystal Maiden","Templar Assassin","95","42","53","0.4421052631578947","-3.8823104642785053"
"Medusa","Shadow Shaman","95","42","53","0.4421052631578947","-4.367353502473471"
"Sniper","Snapfire","95","42","53","0.4421052631578947","-5.313787226885143"
"Tidehunter","Hoodwink","181","80","101","0.4419889502762431","-3.3467753766701214"
"Dawnbreaker","Nature's Prophet","172","76","96","0.4418604651162791","-1.3014759533229274"
"Warlock","Chen","86","38","48","0.4418604651162791","-1.4171883533994218"
"Underlord","Centaur Warrunner","86","38","48","0.4418604651162791","-2.8706196902557233"
"Clockwerk","Enigma","172","76","96","0.4418604651162791","-3.737422498905351"
"Luna","Lion","129","57","72","0.4418604651162791","-4.3945329559980575"
"Faceless Void","Mirana","86","38","48","0.4418604651162791","-4.479193841752507"
"Terrorblade","Earth Spirit","86","38","48","0.4418604651162791","-4.985647435797954"
"Bristleback","Razor","77","34","43","0.44155844155844154","-0.45867824305059285"
"Bristleback","Monkey King","154","68","86","0.44155844155844154","-1.5483281495182992"
"Shadow Fiend","Enigma","77","34","43","0.44155844155844154","-3.261591269992549"
"Queen of Pain","Muerta","77","34","43","0.44155844155844154","-4.172310653057446"
"Dark Seer","Enigma","77","34","43","0.44155844155844154","-6.076873797904412"
"Mars","Visage","111","49","62","0.44144144144144143","-2.153227488480426"
"Marci","Doom","145","64","81","0.4413793103448276","-2.2380240338823776"
"Terrorblade","Dark Seer","145","64","81","0.4413793103448276","-2.795439995784073"
"Silencer","Beastmaster","179","79","100","0.441340782122905","-4.2920115520222195"
"Morphling","Sand King","102","45","57","0.4411764705882353","-1.5196822293610261"
"Muerta","Faceless Void","68","30","38","0.4411764705882353","-2.140929673266136"
"Medusa","Chen","68","30","38","0.4411764705882353","-2.5225702915739046"
"Slark","Primal Beast","68","30","38","0.4411764705882353","-2.7862381250770927"
"Keeper of the Light","Enigma","68","30","38","0.4411764705882353","-2.908950485970214"
"Vengeful Spirit","Tusk","68","30","38","0.4411764705882353","-3.50194612972994"
"Void Spirit","Luna","102","45","57","0.4411764705882353","-3.564302880577909"
"Queen of Pain","Bristleback","68","30","38","0.4411764705882353","-3.8823353187371863"
"Silencer","Gyrocopter","68","30","38","0.4411764705882353","-4.890265592242741"
"Muerta","Snapfire","68","30","38","0.4411764705882353","-5.110897219803302"
"Luna","Templar Assassin","127","56","71","0.4409448818897638","-3.9574921747299983"
"Gyrocopter","Grimstroke","127","56","71","0.4409448818897638","-4.0963166996203775"
"Undying","Doom","220","97","123","0.4409090909090909","-3.6472507474779814"
"Vengeful Spirit","Pangolier","152","67","85","0.4407894736842105","-1.8596063420204734"
"Nyx Assassin","Io","59","26","33","0.4406779661016949","-0.7176691873325549"
"Vengeful Spirit","Crystal Maiden","59","26","33","0.4406779661016949","-1.970100574153542"
"Ancient Apparition","Gyrocopter","59","26","33","0.4406779661016949","-2.771799530357291"
"Ancient Apparition","Shadow Shaman","59","26","33","0.4406779661016949","-2.911689279257492"
"Windranger","Earth Spirit","59","26","33","0.4406779661016949","-3.3800376298907953"
"Juggernaut","Clockwerk","59","26","33","0.4406779661016949","-3.7936624682697455"
"Skywrath Mage","Leshrac","59","26","33","0.4406779661016949","-3.939790776960433"
"Bristleback","Lycan","59","26","33","0.4406779661016949","-4.137066118044273"
"Grimstroke","Techies","59","26","33","0.4406779661016949","-4.777549348084709"
"Axe","Treant Protector","59","26","33","0.4406779661016949","-5.3914023045443855"
"Void Spirit","Hoodwink","202","89","113","0.4405940594059406","-3.0542380786024013"
"Leshrac","Bane","143","63","80","0.4405594405594406","-1.8388029193895268"
"Drow Ranger","Rubick","143","63","80","0.4405594405594406","-1.9960320858044567"
"Luna","Alchemist","84","37","47","0.44047619047619047","-1.5766604154324573"
"Lion","Elder Titan","84","37","47","0.44047619047619047","-4.73133653770978"
"Dark Seer","Timbersaw","109","48","61","0.44036697247706424","-4.170848080525606"
"Spirit Breaker","Clockwerk","134","59","75","0.44029850746268656","-3.0826332989635183"
"Luna","Mirana","134","59","75","0.44029850746268656","-3.4138283393316753"
"Drow Ranger","Invoker","50","22","28","0.44","0.24966282916122892"
"Marci","Sand King","50","22","28","0.44","-1.0125305673649965"
"Phantom Assassin","Ember Spirit","125","55","70","0.44","-2.036693691263188"
"Rubick","Axe","100","44","56","0.44","-2.304511726983143"
"Mars","Doom","225","99","126","0.44","-2.4522993454742337"
"Earthshaker","Ursa","75","33","42","0.44","-2.653829892513945"
"Juggernaut","Rubick","75","33","42","0.44","-3.265126241287534"
"Night Stalker","Timbersaw","50","22","28","0.44","-3.593366486802315"
"Alchemist","Magnus","75","33","42","0.44","-3.8499994064326057"
"Silencer","Spirit Breaker","75","33","42","0.44","-3.9313783710898047"
"Dawnbreaker","Luna","75","33","42","0.44","-4.408364358871715"
"Ursa","Troll Warlord","100","44","56","0.44","-4.488798592186564"
"Chen","Spirit Breaker","50","22","28","0.44","-4.553673486661739"
"Abaddon","Tiny","150","66","84","0.44","-4.654673183917211"
"Dark Seer","Slardar","75","33","42","0.44","-6.234279625536384"
"Jakiro","Batrider","141","62","79","0.4397163120567376","-4.014085392639268"
"Tidehunter","Tiny","298","131","167","0.4395973154362416","-3.3675528359858005"
"Undying","Io","91","40","51","0.43956043956043955","-2.7944035820146262"
"Razor","Bane","157","69","88","0.4394904458598726","-4.205682525453495"
"Sniper","Disruptor","66","29","37","0.4393939393939394","-1.985772053405366"
"Winter Wyvern","Templar Assassin","66","29","37","0.4393939393939394","-2.678050668937077"
"Windranger","Nyx Assassin","66","29","37","0.4393939393939394","-3.2734553393591095"
"Bloodseeker","Windranger","66","29","37","0.4393939393939394","-3.751860690859262"
"Rubick","Nyx Assassin","132","58","74","0.4393939393939394","-4.183833359306341"
"Sniper","Nature's Prophet","66","29","37","0.4393939393939394","-4.536499353802782"
"Primal Beast","Nyx Assassin","66","29","37","0.4393939393939394","-4.808178311116208"
"Jakiro","Naga Siren","66","29","37","0.4393939393939394","-4.941234591263266"
"Phantom Assassin","Death Prophet","66","29","37","0.4393939393939394","-5.926511077793662"
"Muerta","Clockwerk","173","76","97","0.4393063583815029","-3.2665631795889833"
"Marci","Razor","107","47","60","0.4392523364485981","-1.7789694246460581"
"Broodmother","Puck","82","36","46","0.43902439024390244","-4.003389287664436"
"Grimstroke","Faceless Void","82","36","46","0.43902439024390244","-4.2659436289445365"
"Earthshaker","Shadow Demon","82","36","46","0.43902439024390244","-4.375572147920523"
"Dragon Knight","Faceless Void","82","36","46","0.43902439024390244","-6.064005955311101"
"Crystal Maiden","Pangolier","262","115","147","0.4389312977099237","-4.08194813343928"
"Hoodwink","Leshrac","180","79","101","0.4388888888888889","-2.586107571336684"
"Windranger","Pangolier","278","122","156","0.43884892086330934","-3.4873274349663195"
"Morphling","Treant Protector","98","43","55","0.4387755102040816","-3.9442633188158625"
"Keeper of the Light","Nature's Prophet","98","43","55","0.4387755102040816","-4.017857262050533"
"Templar Assassin","Primal Beast","98","43","55","0.4387755102040816","-4.859324945415381"
"Skywrath Mage","Disruptor","98","43","55","0.4387755102040816","-5.167870248682906"
"Ember Spirit","Bane","253","111","142","0.43873517786561267","-4.1864509101443685"
"Terrorblade","Timbersaw","155","68","87","0.43870967741935485","-3.5189729327449837"
"Dark Willow","Lich","57","25","32","0.43859649122807015","1.4849393253289311"
"Techies","Bane","57","25","32","0.43859649122807015","-0.07557195019737399"
"Skywrath Mage","Warlock","57","25","32","0.43859649122807015","-1.6465369835053196"
"Razor","Sven","57","25","32","0.43859649122807015","-2.812025846972979"
"Lycan","Bloodseeker","57","25","32","0.43859649122807015","-3.1390594849684104"
"Warlock","Magnus","57","25","32","0.43859649122807015","-3.2037766461993606"
"Drow Ranger","Dark Willow","57","25","32","0.43859649122807015","-3.5742064628024455"
"Void Spirit","Oracle","57","25","32","0.43859649122807015","-3.663729130318886"
"Slardar","Mirana","57","25","32","0.43859649122807015","-3.72798732508414"
"Alchemist","Faceless Void","57","25","32","0.43859649122807015","-4.082499213804308"
"Rubick","Templar Assassin","228","100","128","0.43859649122807015","-4.534795623211757"
"Sniper","Ember Spirit","57","25","32","0.43859649122807015","-4.808292569899127"
"Bloodseeker","Naga Siren","57","25","32","0.43859649122807015","-4.923881208619278"
"Weaver","Outworld Devourer","57","25","32","0.43859649122807015","-4.939595712907513"
"Zeus","Bristleback","57","25","32","0.43859649122807015","-6.064580259424581"
"Naga Siren","Shadow Shaman","57","25","32","0.43859649122807015","-6.104234327476798"
"Leshrac","Visage","57","25","32","0.43859649122807015","-6.554989743238876"
"Gyrocopter","Chen","130","57","73","0.43846153846153846","-0.9392634457550603"
"Phoenix","Magnus","130","57","73","0.43846153846153846","-4.773800864733071"
"Troll Warlord","Clockwerk","73","32","41","0.4383561643835616","-1.4510334782532464"
"Void Spirit","Lifestealer","73","32","41","0.4383561643835616","-1.5735936119370657"
"Underlord","Invoker","73","32","41","0.4383561643835616","-2.130985817485733"
"Dawnbreaker","Naga Siren","73","32","41","0.4383561643835616","-2.6670869850065606"
"Magnus","Naga Siren","73","32","41","0.4383561643835616","-2.6816829495994736"
"Shadow Shaman","Lion","73","32","41","0.4383561643835616","-3.2523044388596363"
"Dragon Knight","Slark","73","32","41","0.4383561643835616","-4.039915536069775"
"Mars","Omniknight","73","32","41","0.4383561643835616","-4.289997532774252"
"Centaur Warrunner","Disruptor","162","71","91","0.4382716049382716","-1.7226344041043091"
"Ember Spirit","Mirana","324","142","182","0.4382716049382716","-2.6527606934389936"
"Rubick","Faceless Void","178","78","100","0.43820224719101125","-4.356926655783413"
"Death Prophet","Storm Spirit","194","85","109","0.4381443298969072","-3.144138041171994"
"Batrider","Earthshaker","105","46","59","0.4380952380952381","-4.634394592408513"
"Timbersaw","Medusa","121","53","68","0.4380165289256198","-3.5160307479409294"
"Skywrath Mage","Doom","121","53","68","0.4380165289256198","-5.440954031860943"
"Chaos Knight","Ember Spirit","137","60","77","0.43795620437956206","-2.7071484785118836"
"Keeper of the Light","Tusk","153","67","86","0.43790849673202614","-2.4405089003510096"
"Undying","Timbersaw","153","67","86","0.43790849673202614","-5.187234089125526"
"Morphling","Disruptor","169","74","95","0.4378698224852071","-4.246416409266847"
"Puck","Keeper of the Light","185","81","104","0.43783783783783786","-3.886387965237801"
"Keeper of the Light","Chen","80","35","45","0.4375","-1.7316612378597058"
"Pangolier","Visage","112","49","63","0.4375","-1.8640390032377225"
"Lina","Faceless Void","80","35","45","0.4375","-1.911787752221508"
"Crystal Maiden","Treant Protector","96","42","54","0.4375","-2.206027447658299"
"Ringmaster","Monkey King","64","28","36","0.4375","-2.663600708653944"
"Lion","Night Stalker","64","28","36","0.4375","-2.7480304782289324"
"Weaver","Lifestealer","80","35","45","0.4375","-2.8006707420555252"
"Queen of Pain","Jakiro","144","63","81","0.4375","-2.8292602115660697"
"Timbersaw","Queen of Pain","176","77","99","0.4375","-3.191362183667684"
"Tusk","Ursa","176","77","99","0.4375","-3.341284282428219"
"Clockwerk","Grimstroke","128","56","72","0.4375","-4.631380305324785"
"Timbersaw","Visage","64","28","36","0.4375","-4.795922003768897"
"Batrider","Elder Titan","64","28","36","0.4375","-5.814758314390474"
"Night Stalker","Clockwerk","96","42","54","0.4375","-6.097038333004803"
"Timbersaw","Beastmaster","263","115","148","0.4372623574144487","-2.7376535892241294"
"Storm Spirit","Mirana","247","108","139","0.43724696356275305","-3.4960325206441305"
"Ursa","Ember Spirit","215","94","121","0.4372093023255814","-3.55557318148223"
"Death Prophet","Leshrac","167","73","94","0.437125748502994","-3.7822529114908123"
"Snapfire","Doom","302","132","170","0.4370860927152318","-3.7925353218193463"
"Ursa","Monkey King","135","59","76","0.43703703703703706","-1.8751605231346562"
"Jakiro","Underlord","119","52","67","0.4369747899159664","-2.7368593144341755"
"Techies","Leshrac","87","38","49","0.4367816091954023","-3.1907260167153106"
"Mars","Disruptor","261","114","147","0.4367816091954023","-3.812067460157553"
"Phoenix","Doom","245","107","138","0.43673469387755104","-2.40810092374182"
"Weaver","Shadow Fiend","71","31","40","0.43661971830985913","-2.5475233852569397"
"Oracle","Disruptor","71","31","40","0.43661971830985913","-2.696455437294572"
"Phoenix","Slark","71","31","40","0.43661971830985913","-2.868357318695148"
"Primal Beast","Grimstroke","71","31","40","0.43661971830985913","-3.580305622456141"
"Void Spirit","Legion Commander","71","31","40","0.43661971830985913","-3.854424108167452"
"Outworld Devourer","Ember Spirit","71","31","40","0.43661971830985913","-4.507848584044192"
"Keeper of the Light","Vengeful Spirit","71","31","40","0.43661971830985913","-4.815826013928852"
"Enchantress","Alchemist","142","62","80","0.43661971830985913","-4.891860063668555"
"Rubick","Warlock","71","31","40","0.43661971830985913","-5.83325642958667"
"Skywrath Mage","Beastmaster","126","55","71","0.4365079365079365","-3.2703481776097387"
"Templar Assassin","Bristleback","126","55","71","0.4365079365079365","-3.8037930143010548"
"Zeus","Puck","126","55","71","0.4365079365079365","-3.91957297322745"
"Gyrocopter","Invoker","126","55","71","0.4365079365079365","-4.400732057524594"
"Lich","Treant Protector","55","24","31","0.43636363636363634","3.349710478300835"
"Jakiro","Huskar","55","24","31","0.43636363636363634","-0.9860562195642302"
"Earth Spirit","Sniper","55","24","31","0.43636363636363634","-2.4625025436216146"
"Skywrath Mage","Luna","55","24","31","0.43636363636363634","-2.635812009136532"
"Terrorblade","Undying","165","72","93","0.43636363636363634","-2.755699560015478"
"Invoker","Elder Titan","55","24","31","0.43636363636363634","-3.09787914071269"
"Troll Warlord","Warlock","55","24","31","0.43636363636363634","-3.212924123412026"
"Invoker","Beastmaster","165","72","93","0.43636363636363634","-3.872590238791343"
"Zeus","Lycan","55","24","31","0.43636363636363634","-4.087791020730952"
"Bounty Hunter","Storm Spirit","55","24","31","0.43636363636363634","-4.635245843731053"
"Lich","Tidehunter","55","24","31","0.43636363636363634","-5.411986080654496"
"Troll Warlord","Faceless Void","55","24","31","0.43636363636363634","-5.450756287212655"
"Axe","Warlock","55","24","31","0.43636363636363634","-6.286894993339489"
"Visage","Primal Beast","55","24","31","0.43636363636363634","-6.335930626147695"
"Batrider","Mirana","259","113","146","0.4362934362934363","-3.5947641233709176"
"Invoker","Monkey King","204","89","115","0.4362745098039216","-3.509725580638309"
"Windranger","Puck","204","89","115","0.4362745098039216","-5.014507116509548"
"Clockwerk","Lycan","149","65","84","0.436241610738255","-2.970219824556392"
"Timbersaw","Leshrac","149","65","84","0.436241610738255","-3.3293402113728017"
"Sven","Disruptor","149","65","84","0.436241610738255","-4.57005035615017"
"Queen of Pain","Marci","94","41","53","0.43617021276595747","-3.651986528989004"
"Grimstroke","Beastmaster","133","58","75","0.43609022556390975","-1.9868781324166063"
"Terrorblade","Pugna","133","58","75","0.43609022556390975","-2.337504145696453"
"Hoodwink","Lina","133","58","75","0.43609022556390975","-3.318015936667116"
"Snapfire","Faceless Void","133","58","75","0.43609022556390975","-3.6238947052919466"
"Hoodwink","Io","117","51","66","0.4358974358974359","-2.1027069926114352"
"Batrider","Bane","156","68","88","0.4358974358974359","-2.9343582897589457"
"Dragon Knight","Viper","117","51","66","0.4358974358974359","-3.6111060594403908"
"Weaver","Nature's Prophet","78","34","44","0.4358974358974359","-3.6138386766904045"
"Muerta","Sand King","78","34","44","0.4358974358974359","-4.063982306221966"
"Dawnbreaker","Ember Spirit","234","102","132","0.4358974358974359","-4.138401141169884"
"Marci","Magnus","78","34","44","0.4358974358974359","-4.576100129707343"
"Lifestealer","Leshrac","78","34","44","0.4358974358974359","-5.2960128532925586"
"Hoodwink","Dawnbreaker","156","68","88","0.4358974358974359","-5.921453250007979"
"Lich","Timbersaw","78","34","44","0.4358974358974359","-6.725222439057963"
"Invoker","Enigma","78","34","44","0.4358974358974359","-7.359764114485143"
"Tidehunter","Bane","179","78","101","0.43575418994413406","-3.8403186761514507"
"Tiny","Visage","140","61","79","0.4357142857142857","-1.9392371546812566"
"Terrorblade","Lycan","101","44","57","0.43564356435643564","-2.6710119205363387"
"Terrorblade","Beastmaster","326","142","184","0.43558282208588955","-3.392684553231878"
"Phantom Assassin","Earthshaker","62","27","35","0.43548387096774194","-1.1142101575734933"
"Lich","Templar Assassin","62","27","35","0.43548387096774194","-1.3656070134351308"
"Invoker","Night Stalker","62","27","35","0.43548387096774194","-1.4241439526467625"
"Magnus","Chen","62","27","35","0.43548387096774194","-1.5895783955898044"
"Techies","Lion","124","54","70","0.43548387096774194","-2.251185634600965"
"Grimstroke","Dark Seer","62","27","35","0.43548387096774194","-2.5258854013842416"
"Undying","Bane","124","54","70","0.43548387096774194","-2.668928411548189"
"Rubick","Necrophos","62","27","35","0.43548387096774194","-2.9165172048001415"
"Slark","Faceless Void","62","27","35","0.43548387096774194","-3.6279986430846027"
"Pangolier","Phantom Lancer","62","27","35","0.43548387096774194","-3.696755979151722"
"Chaos Knight","Bloodseeker","62","27","35","0.43548387096774194","-3.9600604184464587"
"Sniper","Enigma","62","27","35","0.43548387096774194","-4.415104696374062"
"Juggernaut","Templar Assassin","62","27","35","0.43548387096774194","-4.662143571147975"
"Alchemist","Queen of Pain","62","27","35","0.43548387096774194","-7.021330495773443"
"Jakiro","Templar Assassin","147","64","83","0.43537414965986393","-4.323020027655169"
"Centaur Warrunner","Naga Siren","85","37","48","0.43529411764705883","-2.090869949671484"
"Earthshaker","Monkey King","85","37","48","0.43529411764705883","-2.784749429033252"
"Primal Beast","Warlock","85","37","48","0.43529411764705883","-3.363749270145399"
"Invoker","Faceless Void","85","37","48","0.43529411764705883","-3.8077789797645027"
"Slark","Puck","85","37","48","0.43529411764705883","-4.5192953877924"
"Death Prophet","Shadow Shaman","85","37","48","0.43529411764705883","-5.853962225262735"
"Tiny","Bounty Hunter","85","37","48","0.43529411764705883","-6.030962066976016"
"Enigma","Alchemist","85","37","48","0.43529411764705883","-6.672031263876936"
"Keeper of the Light","Centaur Warrunner","108","47","61","0.4351851851851852","-4.931626944933323"
"Rubick","Puck","377","164","213","0.4350132625994695","-5.127350773452949"
"Earth Spirit","Pangolier","200","87","113","0.435","-3.8597921988700024"
"Mars","Bane","361","157","204","0.43490304709141275","-3.651473986526326"
"Marci","Earth Spirit","69","30","39","0.43478260869565216","-1.9246284820179524"
"Ursa","Lycan","69","30","39","0.43478260869565216","-2.390497120608975"
"Viper","Mirana","69","30","39","0.43478260869565216","-2.5240845254913093"
"Medusa","Mirana","138","60","78","0.43478260869565216","-2.9089961882826683"
"Terrorblade","Leshrac","161","70","91","0.43478260869565216","-3.1450666637375937"
"Snapfire","Naga Siren","161","70","91","0.43478260869565216","-3.3382192686603647"
"Weaver","Nyx Assassin","92","40","52","0.43478260869565216","-3.42653863273251"
"Dark Seer","Leshrac","69","30","39","0.43478260869565216","-3.4783560512770526"
"Storm Spirit","Enigma","115","50","65","0.43478260869565216","-3.760239208884319"
"Sniper","Dragon Knight","92","40","52","0.43478260869565216","-4.862153672523501"
"Morphling","Abaddon","69","30","39","0.43478260869565216","-5.466326482564542"
"Queen of Pain","Slardar","115","50","65","0.43478260869565216","-6.234410464297287"
"Grimstroke","Storm Spirit","214","93","121","0.43457943925233644","-4.281302916812568"
"Phoenix","Shadow Shaman","122","53","69","0.4344262295081967","-2.8548873168016495"
"Muerta","Windranger","99","43","56","0.43434343434343436","-3.7829494964910606"
"Snapfire","Lina","175","76","99","0.4342857142857143","-5.027645141344537"
"Timbersaw","Slark","76","33","43","0.4342105263157895","-1.925462061957426"
"Razor","Winter Wyvern","76","33","43","0.4342105263157895","-3.9618737876013226"
"Rubick","Omniknight","76","33","43","0.4342105263157895","-5.320437023500832"
"Razor","Morphling","152","66","86","0.4342105263157895","-6.280418097825823"
"Dragon Knight","Terrorblade","281","122","159","0.43416370106761565","-4.71679050827139"
"Ember Spirit","Treant Protector","205","89","116","0.43414634146341463","-2.7047747900575665"
"Grimstroke","Razor","129","56","73","0.43410852713178294","-2.209406052222169"
"Phoenix","Crystal Maiden","129","56","73","0.43410852713178294","-3.02768199553247"
"Razor","Faceless Void","129","56","73","0.43410852713178294","-3.2363856732315988"
"Io","Rubick","129","56","73","0.43410852713178294","-4.384820358892482"
"Earth Spirit","Pugna","106","46","60","0.4339622641509434","-2.333807693578152"
"Viper","Enigma","53","23","30","0.4339622641509434","-3.145555506814362"
"Riki","Puck","53","23","30","0.4339622641509434","-3.160924031536896"
"Skywrath Mage","Lycan","53","23","30","0.4339622641509434","-3.753589317986438"
"Phantom Assassin","Shadow Shaman","53","23","30","0.4339622641509434","-5.33976337334044"
"Monkey King","Winter Wyvern","53","23","30","0.4339622641509434","-6.477565249127579"
"Hoodwink","Puck","295","128","167","0.43389830508474575","-3.000295966016365"
"Terrorblade","Skywrath Mage","136","59","77","0.4338235294117647","-1.17749633595697"
"Centaur Warrunner","Monkey King","136","59","77","0.4338235294117647","-3.969699975187422"
"Ursa","Silencer","83","36","47","0.43373493975903615","-2.835766327925804"
"Spirit Breaker","Templar Assassin","83","36","47","0.43373493975903615","-3.1310833058578216"
"Terrorblade","Ancient Apparition","83","36","47","0.43373493975903615","-4.522490646898999"
"Terrorblade","Nature's Prophet","196","85","111","0.4336734693877551","-4.066643774893909"
"Clockwerk","Lion","196","85","111","0.4336734693877551","-4.157199536861011"
"Lion","Weaver","113","49","64","0.4336283185840708","-1.9209978328343138"
"Terrorblade","Brewmaster","113","49","64","0.4336283185840708","-2.3740223145822372"
"Lion","Magnus","143","62","81","0.43356643356643354","-3.9664399138482462"
"Weaver","Ember Spirit","203","88","115","0.43349753694581283","-4.622883550676505"
"Troll Warlord","Monkey King","120","52","68","0.43333333333333335","-1.866714732676111"
"Dark Willow","Dark Seer","120","52","68","0.43333333333333335","-2.119430243358036"
"Zeus","Undying","60","26","34","0.43333333333333335","-2.9121838132192033"
"Nature's Prophet","Spirit Breaker","60","26","34","0.43333333333333335","-3.163142557192953"
"Lifestealer","Marci","60","26","34","0.43333333333333335","-3.312165773064656"
"Troll Warlord","Mars","90","39","51","0.43333333333333335","-3.652226083022652"
"Gyrocopter","Tidehunter","120","52","68","0.43333333333333335","-3.8060065482173804"
"Dragon Knight","Magnus","120","52","68","0.43333333333333335","-4.2575137279255095"
"Medusa","Crystal Maiden","90","39","51","0.43333333333333335","-4.261734456585016"
"Windranger","Slark","60","26","34","0.43333333333333335","-4.455582504351667"
"Warlock","Centaur Warrunner","120","52","68","0.43333333333333335","-4.718883994667359"
"Medusa","Primal Beast","60","26","34","0.43333333333333335","-4.8476315159903445"
"Dragon Knight","Clinkz","60","26","34","0.43333333333333335","-4.944380538894591"
"Sniper","Timbersaw","60","26","34","0.43333333333333335","-5.284477129617447"
"Sven","Nyx Assassin","60","26","34","0.43333333333333335","-5.304390306735852"
"Slardar","Ember Spirit","157","68","89","0.43312101910828027","-4.121364871796239"
"Morphling","Ursa","127","55","72","0.4330708661417323","-3.637149791843146"
"Lycan","Disruptor","97","42","55","0.4329896907216495","-3.6092513251833025"
"Lifestealer","Lina","67","29","38","0.43283582089552236","-1.9140621104946882"
"Tusk","Dark Seer","134","58","76","0.43283582089552236","-2.887307743285353"
"Weaver","Warlock","67","29","38","0.43283582089552236","-3.8858585067494618"
"Timbersaw","Chen","134","58","76","0.43283582089552236","-4.312705657946726"
"Weaver","Puck","201","87","114","0.43283582089552236","-5.198389596844808"
"Tidehunter","Medusa","104","45","59","0.4326923076923077","-4.204637723507054"
"Muerta","Enchantress","104","45","59","0.4326923076923077","-4.421505343166589"
"Lycan","Tusk","104","45","59","0.4326923076923077","-5.065158989887169"
"Jakiro","Dark Willow","104","45","59","0.4326923076923077","-5.151398510526224"
"Brewmaster","Kunkka","104","45","59","0.4326923076923077","-6.668438802827365"
"Death Prophet","Shadow Demon","141","61","80","0.4326241134751773","-5.361449340509243"
"Mars","Lina","178","77","101","0.43258426966292135","-4.5160682850830804"
"Lich","Snapfire","74","32","42","0.43243243243243246","-1.7939374800912244"
"Skywrath Mage","Bloodseeker","74","32","42","0.43243243243243246","-2.6000928485523493"
"Underlord","Sand King","74","32","42","0.43243243243243246","-2.7153401900016894"
"Dawnbreaker","Shadow Fiend","111","48","63","0.43243243243243246","-3.0471935904788667"
"Enchantress","Warlock","74","32","42","0.43243243243243246","-3.062146940751373"
"Ringmaster","Bristleback","74","32","42","0.43243243243243246","-3.4810371303306105"
"Windranger","Vengeful Spirit","74","32","42","0.43243243243243246","-3.5089003659299127"
"Lich","Techies","111","48","63","0.43243243243243246","-3.8877493043902445"
"Luna","Invoker","111","48","63","0.43243243243243246","-3.9344266859446515"
"Storm Spirit","Visage","74","32","42","0.43243243243243246","-4.722391034577213"
"Lich","Mars","74","32","42","0.43243243243243246","-5.787124994265886"
"Puck","Drow Ranger","74","32","42","0.43243243243243246","-6.25440667133843"
"Marci","Lycan","74","32","42","0.43243243243243246","-6.271063074226496"
"Pangolier","Clinkz","74","32","42","0.43243243243243246","-7.5426799997066585"
"Skywrath Mage","Templar Assassin","118","51","67","0.4322033898305085","-2.4044327607578"
"Pugna","Chaos Knight","81","35","46","0.43209876543209874","-3.6550262942959924"
"Void Spirit","Leshrac","81","35","46","0.43209876543209874","-5.209850562502557"
"Timbersaw","Bristleback","125","54","71","0.432","-2.214913877766692"
"Anti-Mage","Storm Spirit","125","54","71","0.432","-3.337227704872937"
"Puck","Monkey King","294","127","167","0.43197278911564624","-3.2250163775166456"
"Puck","Death Prophet","169","73","96","0.4319526627218935","-5.266920114967818"
"Queen of Pain","Sven","88","38","50","0.4318181818181818","-3.1004113440807246"
"Morphling","Visage","88","38","50","0.4318181818181818","-4.117804571006771"
"Techies","Tusk","95","41","54","0.43157894736842106","-2.226115646330306"
"Vengeful Spirit","Shadow Demon","95","41","54","0.43157894736842106","-3.7719374436423694"
"Timbersaw","Lion","146","63","83","0.4315068493150685","-3.079938189940449"
"Razor","Monkey King","146","63","83","0.4315068493150685","-4.200428200400732"
"Lina","Brewmaster","51","22","29","0.43137254901960786","-0.8499822988108992"
"Bloodseeker","Ursa","51","22","29","0.43137254901960786","-2.8348770742667497"
"Primal Beast","Mirana","153","66","87","0.43137254901960786","-2.9733960299212425"
"Clockwerk","Anti-Mage","51","22","29","0.43137254901960786","-3.204985629774668"
"Dawnbreaker","Lina","102","44","58","0.43137254901960786","-3.2506548598886456"
"Doom","Faceless Void","102","44","58","0.43137254901960786","-3.868463700736048"
"Earth Spirit","Leshrac","51","22","29","0.43137254901960786","-4.253872534021017"
"Windranger","Gyrocopter","102","44","58","0.43137254901960786","-4.387956350393512"
"Dark Willow","Slark","51","22","29","0.43137254901960786","-4.434581679391074"
"Windranger","Abaddon","51","22","29","0.43137254901960786","-4.463364256190309"
"Wraith King","Timbersaw","51","22","29","0.43137254901960786","-7.277810292023189"
"Disruptor","Sand King","109","47","62","0.43119266055045874","-2.2305307337118943"
"Tusk","Zeus","109","47","62","0.43119266055045874","-3.380417845729535"
"Primal Beast","Magnus","109","47","62","0.43119266055045874","-3.841019083147648"
"Storm Spirit","Naga Siren","109","47","62","0.43119266055045874","-4.240688347002071"
"Chaos Knight","Doom","109","47","62","0.43119266055045874","-5.524890060470896"
"Phoenix","Leshrac","116","50","66","0.43103448275862066","-3.4543577169387403"
"Marci","Luna","58","25","33","0.43103448275862066","-3.4564104211913835"
"Windranger","Techies","174","75","99","0.43103448275862066","-3.832319363258946"
"Broodmother","Naga Siren","116","50","66","0.43103448275862066","-3.9502647682953183"
"Jakiro","Ember Spirit","290","125","165","0.43103448275862066","-4.247338917787642"
"Puck","Venomancer","58","25","33","0.43103448275862066","-4.650084062005251"
"Queen of Pain","Slark","58","25","33","0.43103448275862066","-5.440082914266558"
"Zeus","Nature's Prophet","58","25","33","0.43103448275862066","-6.648100196634833"
"Phoenix","Treant Protector","188","81","107","0.4308510638297872","-3.970533902355589"
"Luna","Underlord","65","28","37","0.4307692307692308","-1.3998712768506982"
"Slark","Monkey King","65","28","37","0.4307692307692308","-1.988685819497984"
"Ringmaster","Gyrocopter","65","28","37","0.4307692307692308","-4.514584111119471"
"Tidehunter","Lifestealer","65","28","37","0.4307692307692308","-6.2508901440066245"
"Winter Wyvern","Doom","72","31","41","0.4305555555555556","-4.73523868171411"
"Dawnbreaker","Brewmaster","72","31","41","0.4305555555555556","-4.871696910566587"
"Tusk","Bane","151","65","86","0.4304635761589404","-5.195776611172075"
"Muerta","Earthshaker","79","34","45","0.43037974683544306","-1.414844979144953"
"Hoodwink","Spirit Breaker","79","34","45","0.43037974683544306","-1.9157025096169846"
"Terrorblade","Lion","158","68","90","0.43037974683544306","-2.485767134844741"
"Drow Ranger","Treant Protector","79","34","45","0.43037974683544306","-3.1638040491241326"
"Sand King","Slardar","79","34","45","0.43037974683544306","-3.452006935904944"
"Doom","Abaddon","79","34","45","0.43037974683544306","-3.681781200180822"
"Razor","Lifestealer","79","34","45","0.43037974683544306","-3.905799107639761"
"Jakiro","Pugna","79","34","45","0.43037974683544306","-4.588879063572974"
"Ember Spirit","Clinkz","79","34","45","0.43037974683544306","-4.703648586981331"
"Vengeful Spirit","Puck","79","34","45","0.43037974683544306","-4.776243192379493"
"Luna","Pugna","79","34","45","0.43037974683544306","-5.42226010182564"
"Dark Seer","Bane","79","34","45","0.43037974683544306","-6.763875489051604"
"Batrider","Faceless Void","244","105","139","0.430327868852459","-3.598361345318878"
"Void Spirit","Abaddon","86","37","49","0.43023255813953487","-2.6365947570393593"
"Undying","Earthshaker","86","37","49","0.43023255813953487","-3.134740630072545"
"Death Prophet","Dark Willow","86","37","49","0.43023255813953487","-3.405084251354232"
"Grimstroke","Puck","172","74","98","0.43023255813953487","-3.7058787698494373"
"Leshrac","Disruptor","179","77","102","0.4301675977653631","-4.926050239428105"
"Magnus","Keeper of the Light","93","40","53","0.43010752688172044","-3.083860160081958"
"Ogre Magi","Shadow Demon","93","40","53","0.43010752688172044","-5.073220276639398"
"Silencer","Leshrac","100","43","57","0.43","-2.063034195230143"
"Slardar","Muerta","100","43","57","0.43","-3.041343270676307"
"Queen of Pain","Ursa","100","43","57","0.43","-5.219968760789215"
"Sand King","Mirana","107","46","61","0.42990654205607476","-4.110887791225112"
"Void Spirit","Razor","114","49","65","0.4298245614035088","-4.660961915719513"
"Underlord","Ursa","114","49","65","0.4298245614035088","-4.691865841542699"
"Tidehunter","Slardar","114","49","65","0.4298245614035088","-5.670582325950659"
"Windranger","Razor","121","52","69","0.4297520661157025","-3.190218028850392"
"Lich","Ember Spirit","121","52","69","0.4297520661157025","-4.322116045578653"
"Drow Ranger","Tiny","121","52","69","0.4297520661157025","-5.548820352729317"
"Rubick","Leshrac","249","107","142","0.42971887550200805","-3.750373881657948"
"Enchantress","Underlord","128","55","73","0.4296875","-2.3749220358703447"
"Dawnbreaker","Beastmaster","256","110","146","0.4296875","-2.8745576494678264"
"Phoenix","Disruptor","156","67","89","0.42948717948717946","-3.9884733283812737"
"Phoenix","Primal Beast","156","67","89","0.42948717948717946","-4.826605003382785"
"Tusk","Earth Spirit","170","73","97","0.4294117647058823","-4.454088945102655"
"Tiny","Phantom Assassin","177","76","101","0.4293785310734463","-5.212369232755905"
"Dragon Knight","Nature's Prophet","219","94","125","0.4292237442922374","-3.766249354528199"
"Techies","Axe","56","24","32","0.42857142857142855","-0.761700723901167"
"Bloodseeker","Leshrac","56","24","32","0.42857142857142855","-2.815678633388821"
"Undying","Naga Siren","112","48","64","0.42857142857142855","-2.9738664502209677"
"Chaos Knight","Crystal Maiden","70","30","40","0.42857142857142855","-3.17525159353293"
"Chaos Knight","Sand King","84","36","48","0.42857142857142855","-3.210021206864318"
"Doom","Monkey King","252","108","144","0.42857142857142855","-3.2336046459985863"
"Rubick","Medusa","168","72","96","0.42857142857142855","-3.257290145442746"
"Queen of Pain","Invoker","175","75","100","0.42857142857142855","-3.2625140546463705"
"Brewmaster","Nyx Assassin","56","24","32","0.42857142857142855","-3.47798485179826"
"Ember Spirit","Oracle","63","27","36","0.42857142857142855","-3.5027196628639934"
"Chaos Knight","Monkey King","112","48","64","0.42857142857142855","-3.5944049158212548"
"Axe","Muerta","63","27","36","0.42857142857142855","-3.673619530778654"
"Tusk","Slark","91","39","52","0.42857142857142855","-3.725968101046542"
"Grimstroke","Wraith King","112","48","64","0.42857142857142855","-3.7824520379201867"
"Luna","Shadow Shaman","56","24","32","0.42857142857142855","-3.85702334378922"
"Timbersaw","Nature's Prophet","182","78","104","0.42857142857142855","-3.866497334061275"
"Tusk","Wraith King","56","24","32","0.42857142857142855","-3.95535542841671"
"Void Spirit","Earthshaker","56","24","32","0.42857142857142855","-4.017435962261435"
"Void Spirit","Jakiro","126","54","72","0.42857142857142855","-4.018738997874846"
"Morphling","Queen of Pain","126","54","72","0.42857142857142855","-4.019316709647565"
"Silencer","Morphling","119","51","68","0.42857142857142855","-4.054522532896886"
"Weaver","Io","119","51","68","0.42857142857142855","-4.054540217913903"
"Pudge","Nature's Prophet","63","27","36","0.42857142857142855","-4.248228390460426"
"Jakiro","Medusa","77","33","44","0.42857142857142855","-4.267053158543501"
"Zeus","Leshrac","70","30","40","0.42857142857142855","-4.281457660280406"
"Chaos Knight","Medusa","56","24","32","0.42857142857142855","-4.368471218224604"
"Weaver","Bristleback","63","27","36","0.42857142857142855","-4.427550197257929"
"Batrider","Phantom Assassin","84","36","48","0.42857142857142855","-4.474510326309838"
"Hoodwink","Magnus","91","39","52","0.42857142857142855","-4.492100241316687"
"Phantom Assassin","Medusa","56","24","32","0.42857142857142855","-4.625106013318161"
"Viper","Centaur Warrunner","56","24","32","0.42857142857142855","-4.6673524002067435"
"Techies","Lifestealer","77","33","44","0.42857142857142855","-4.68268468344918"
"Vengeful Spirit","Undying","63","27","36","0.42857142857142855","-4.731062531587636"
"Storm Spirit","Zeus","56","24","32","0.42857142857142855","-4.78026149764872"
"Underlord","Crystal Maiden","70","30","40","0.42857142857142855","-4.8680375968815355"
"Snapfire","Anti-Mage","56","24","32","0.42857142857142855","-4.901780180449178"
"Slark","Silencer","70","30","40","0.42857142857142855","-5.013812897745764"
"Dragon Knight","Doom","238","102","136","0.42857142857142855","-5.253486981240388"
"Tiny","Venomancer","105","45","60","0.42857142857142855","-5.3341294509993515"
"Sven","Clockwerk","119","51","68","0.42857142857142855","-5.540527004428632"
"Weaver","Clockwerk","168","72","96","0.42857142857142855","-5.541417300584884"
"Techies","Queen of Pain","84","36","48","0.42857142857142855","-5.862585877326746"
"Windranger","Batrider","222","95","127","0.42792792792792794","-4.043091664197614"
"Hoodwink","Death Prophet","201","86","115","0.42786069651741293","-3.985098449732906"
"Kunkka","Monkey King","180","77","103","0.42777777777777776","-4.157849788283424"
"Jakiro","Bristleback","152","65","87","0.4276315789473684","-3.9120991236610396"
"Storm Spirit","Treant Protector","145","62","83","0.42758620689655175","-4.2616962776129785"
"Dawnbreaker","Templar Assassin","138","59","79","0.427536231884058","-5.779727847014636"
"Lich","Clockwerk","131","56","75","0.42748091603053434","-4.827631215358552"
"Queen of Pain","Medusa","131","56","75","0.42748091603053434","-6.9091166185836"
"Pangolier","Axe","124","53","71","0.4274193548387097","-5.973485299030948"
"Dark Willow","Lion","117","50","67","0.42735042735042733","-3.138568067041211"
"Jakiro","Crystal Maiden","117","50","67","0.42735042735042733","-5.304192417978484"
"Gyrocopter","Magnus","110","47","63","0.42727272727272725","-4.965414400345027"
"Snapfire","Storm Spirit","330","141","189","0.42727272727272725","-5.080486608028024"
"Jakiro","Kunkka","103","44","59","0.42718446601941745","-3.8780456836907966"
"Mars","Alchemist","103","44","59","0.42718446601941745","-4.12080935172237"
"Storm Spirit","Bane","302","129","173","0.4271523178807947","-4.903579571927914"
"Dark Willow","Magnus","96","41","55","0.4270833333333333","-3.687489402251428"
"Drow Ranger","Disruptor","96","41","55","0.4270833333333333","-3.93237345232365"
"Zeus","Dragon Knight","96","41","55","0.4270833333333333","-4.109976387350307"
"Razor","Enigma","96","41","55","0.4270833333333333","-5.157270401267263"
"Lion","Keeper of the Light","96","41","55","0.4270833333333333","-7.4663672219731705"
"Undying","Mirana","185","79","106","0.42702702702702705","-5.021584613881539"
"Leshrac","Sven","89","38","51","0.42696629213483145","-1.2955287229565522"
"Venomancer","Void Spirit","89","38","51","0.42696629213483145","-2.681311180970963"
"Lion","Faceless Void","89","38","51","0.42696629213483145","-5.642763970053237"
"Pangolier","Naga Siren","171","73","98","0.4269005847953216","-4.492288571161307"
"Silencer","Shadow Fiend","82","35","47","0.4268292682926829","-3.736246880425394"
"Beastmaster","Chen","164","70","94","0.4268292682926829","-3.8441233224569533"
"Treant Protector","Naga Siren","82","35","47","0.4268292682926829","-4.24713017150975"
"Keeper of the Light","Faceless Void","164","70","94","0.4268292682926829","-4.925153239306575"
"Ringmaster","Puck","82","35","47","0.4268292682926829","-6.734356140253762"
"Axe","Dragon Knight","75","32","43","0.4266666666666667","-3.936764469452916"
"Windranger","Chen","75","32","43","0.4266666666666667","-4.056456190241884"
"Brewmaster","Enigma","68","29","39","0.4264705882352941","-2.991966281527667"
"Invoker","Lycan","68","29","39","0.4264705882352941","-3.4295083610817105"
"Phantom Lancer","Undying","68","29","39","0.4264705882352941","-4.423701723494938"
"Keeper of the Light","Earth Spirit","68","29","39","0.4264705882352941","-4.46576438763256"
"Legion Commander","Monkey King","61","26","35","0.4262295081967213","-2.180365452337151"
"Viper","Kunkka","61","26","35","0.4262295081967213","-2.7502012495842716"
"Zeus","Keeper of the Light","61","26","35","0.4262295081967213","-3.9066939222473263"
"Io","Mirana","122","52","70","0.4262295081967213","-5.478289604171496"
"Phantom Lancer","Tiny","61","26","35","0.4262295081967213","-5.7589868294243844"
"Spirit Breaker","Lina","61","26","35","0.4262295081967213","-8.063289912658611"
"Pangolier","Monkey King","345","147","198","0.4260869565217391","-2.4313699324912568"
"Ringmaster","Sand King","54","23","31","0.42592592592592593","-1.9056357402593898"
"Nature's Prophet","Lina","108","46","62","0.42592592592592593","-2.1132736191959167"
"Terrorblade","Riki","54","23","31","0.42592592592592593","-2.5006012399044084"
"Sven","Crystal Maiden","108","46","62","0.42592592592592593","-3.7608330489924375"
"Slardar","Treant Protector","54","23","31","0.42592592592592593","-4.831121850569077"
"Hoodwink","Lone Druid","54","23","31","0.42592592592592593","-5.239128717502116"
"Dragon Knight","Beastmaster","256","109","147","0.42578125","-4.310913289654517"
"Queen of Pain","Nyx Assassin","101","43","58","0.42574257425742573","-5.968161602581415"
"Terrorblade","Puck","249","106","143","0.42570281124497994","-4.1098216731127115"
"Hoodwink","Chen","141","60","81","0.425531914893617","-2.6610045263308435"
"Centaur Warrunner","Death Prophet","94","40","54","0.425531914893617","-3.0571508813249597"
"Tusk","Mirana","282","120","162","0.425531914893617","-3.3339592950136203"
"Alchemist","Keeper of the Light","87","37","50","0.42528735632183906","-3.3183888250749045"
"Mars","Bristleback","127","54","73","0.4251968503937008","-3.7068588263418127"
"Timbersaw","Marci","127","54","73","0.4251968503937008","-4.3675764639233785"
"Timbersaw","Mirana","167","71","96","0.4251497005988024","-4.064783619817777"
"Bristleback","Puck","167","71","96","0.4251497005988024","-5.176025312927181"
"Night Stalker","Monkey King","80","34","46","0.425","-2.8302729522392314"
"Dark Seer","Templar Assassin","120","51","69","0.425","-2.9456751587474623"
"Snapfire","Lifestealer","120","51","69","0.425","-3.9837796909098726"
"Dark Willow","Shadow Demon","160","68","92","0.425","-4.04008253597564"
"Hoodwink","Shadow Demon","306","130","176","0.42483660130718953","-4.850597398132562"
"Legion Commander","Ember Spirit","113","48","65","0.4247787610619469","-3.5793520702219714"
"Disruptor","Chen","73","31","42","0.4246575342465753","-2.246966606620961"
"Sand King","Primal Beast","73","31","42","0.4246575342465753","-3.081777463721186"
"Tidehunter","Bristleback","73","31","42","0.4246575342465753","-3.374890722687008"
"Lycan","Mirana","73","31","42","0.4246575342465753","-3.378387294334351"
"Phoenix","Elder Titan","73","31","42","0.4246575342465753","-4.410649319475764"
"Phoenix","Venomancer","73","31","42","0.4246575342465753","-5.323595239554683"
"Luna","Primal Beast","106","45","61","0.42452830188679247","-4.869779010676654"
"Slardar","Timbersaw","106","45","61","0.42452830188679247","-5.9695320544420785"
"Nature's Prophet","Batrider","205","87","118","0.424390243902439","-2.901627534162156"
"Snapfire","Invoker","205","87","118","0.424390243902439","-4.277154092444869"
"Kunkka","Naga Siren","99","42","57","0.42424242424242425","-2.862964789918816"
"Io","Sand King","99","42","57","0.42424242424242425","-4.618913692619999"
"Hoodwink","Nyx Assassin","99","42","57","0.42424242424242425","-4.873147386073571"
"Pugna","Earthshaker","66","28","38","0.42424242424242425","-4.9879405551213"
"Broodmother","Dragon Knight","66","28","38","0.42424242424242425","-5.180846922392204"
"Warlock","Nature's Prophet","99","42","57","0.42424242424242425","-5.687099578449631"
"Shadow Fiend","Clockwerk","165","70","95","0.42424242424242425","-6.150054353973254"
"Io","Ursa","66","28","38","0.42424242424242425","-7.442045320201547"
"Puck","Enigma","158","67","91","0.4240506329113924","-4.043597364798545"
"Grimstroke","Treant Protector","125","53","72","0.424","-4.4577154679375735"
"Pugna","Mirana","125","53","72","0.424","-4.576821058014745"
"Gyrocopter","Mirana","125","53","72","0.424","-5.0045515442211155"
"Phantom Assassin","Tidehunter","92","39","53","0.42391304347826086","-3.000464036122354"
"Pangolier","Slardar","184","78","106","0.42391304347826086","-6.8314512987429765"
"Lich","Puck","92","39","53","0.42391304347826086","-9.786456217201444"
"Tidehunter","Clockwerk","151","64","87","0.423841059602649","-5.258396563319726"
"Tiny","Disruptor","328","139","189","0.42378048780487804","-5.8058312561116185"
"Lina","Dark Seer","59","25","34","0.423728813559322","-2.4863440569864825"
"Dark Seer","Treant Protector","59","25","34","0.423728813559322","-3.6278354693908543"
"Lich","Bristleback","59","25","34","0.423728813559322","-4.061615394652843"
"Lina","Bloodseeker","59","25","34","0.423728813559322","-4.232841157416748"
"Pugna","Warlock","59","25","34","0.423728813559322","-4.56560542654166"
"Sniper","Bristleback","59","25","34","0.423728813559322","-5.202081532588615"
"Dragon Knight","Puck","380","161","219","0.4236842105263158","-5.347733481931664"
"Queen of Pain","Chen","85","36","49","0.4235294117647059","-1.361052856572012"
"Dawnbreaker","Sven","85","36","49","0.4235294117647059","-2.1597424740568476"
"Juggernaut","Phoenix","85","36","49","0.4235294117647059","-3.3968674785665227"
"Enchantress","Io","85","36","49","0.4235294117647059","-4.391737751070034"
"Centaur Warrunner","Magnus","111","47","64","0.42342342342342343","-3.514223295146598"
"Nature's Prophet","Magnus","111","47","64","0.42342342342342343","-3.6412689726120977"
"Crystal Maiden","Beastmaster","222","94","128","0.42342342342342343","-4.183790315421916"
"Void Spirit","Enchantress","163","69","94","0.4233128834355828","-3.0302814431696223"
"Ursa","Hoodwink","163","69","94","0.4233128834355828","-3.7601595290069203"
"Ember Spirit","Kez","52","22","30","0.4230769230769231","-1.0642344069775949"
"Zeus","Shadow Demon","78","33","45","0.4230769230769231","-2.6536051714776456"
"Chaos Knight","Disruptor","78","33","45","0.4230769230769231","-3.0974605893856832"
"Skywrath Mage","Dark Willow","78","33","45","0.4230769230769231","-3.2296922220828304"
"Vengeful Spirit","Monkey King","78","33","45","0.4230769230769231","-3.4869520788574286"
"Skywrath Mage","Batrider","130","55","75","0.4230769230769231","-4.121686912872015"
"Doom","Pudge","52","22","30","0.4230769230769231","-4.759328147209266"
"Silencer","Muerta","52","22","30","0.4230769230769231","-4.946962936213385"
"Treant Protector","Disruptor","156","66","90","0.4230769230769231","-4.952456746131957"
"Morphling","Beastmaster","208","88","120","0.4230769230769231","-5.263183197824479"
"Hoodwink","Skywrath Mage","130","55","75","0.4230769230769231","-5.345463073292086"
"Undying","Sand King","52","22","30","0.4230769230769231","-5.430105691041334"
"Pugna","Night Stalker","52","22","30","0.4230769230769231","-6.358677714994531"
"Mars","Pugna","227","96","131","0.42290748898678415","-4.265529934538836"
"Tusk","Chen","149","63","86","0.4228187919463087","-3.9164029283994655"
"Terrorblade","Shadow Demon","149","63","86","0.4228187919463087","-4.332077192868897"
"Mars","Sand King","298","126","172","0.4228187919463087","-4.602259170281371"
"Mars","Slardar","123","52","71","0.42276422764227645","-5.610436030753632"
"Templar Assassin","Medusa","168","71","97","0.4226190476190476","-2.906927779796677"
"Storm Spirit","Centaur Warrunner","213","90","123","0.4225352112676056","-3.8086220699955615"
"Invoker","Naga Siren","71","30","41","0.4225352112676056","-4.580252911691811"
"Morphling","Chen","71","30","41","0.4225352112676056","-4.751592075347132"
"Lion","Earthshaker","71","30","41","0.4225352112676056","-4.767157696586501"
"Sven","Bane","71","30","41","0.4225352112676056","-5.358413302109979"
"Batrider","Naga Siren","142","60","82","0.4225352112676056","-6.174140430886027"
"Drow Ranger","Bane","71","30","41","0.4225352112676056","-8.068634561230473"
"Snapfire","Magnus","116","49","67","0.4224137931034483","-5.016953454675358"
"Dragon Knight","Nyx Assassin","116","49","67","0.4224137931034483","-5.253160602167014"
"Jakiro","Sand King","161","68","93","0.422360248447205","-6.056196553947548"
"Phoenix","Brewmaster","135","57","78","0.4222222222222222","-2.076840307038791"
"Grimstroke","Medusa","135","57","78","0.4222222222222222","-3.6288331967094174"
"Clockwerk","Io","90","38","52","0.4222222222222222","-4.039451720499708"
"Doom","Treant Protector","135","57","78","0.4222222222222222","-6.353251036521056"
"Ogre Magi","Bane","109","46","63","0.42201834862385323","-5.1986252474214645"
"Templar Assassin","Elder Titan","64","27","37","0.421875","-5.2951828379968635"
"Medusa","Naga Siren","64","27","37","0.421875","-5.896018171971027"
"Morphling","Tidehunter","147","62","85","0.4217687074829932","-4.041694264008251"
"Snapfire","Shadow Demon","230","97","133","0.4217391304347826","-4.645140472531211"
"Luna","Lina","83","35","48","0.42168674698795183","-3.226073177107481"
"Tusk","Lion","166","70","96","0.42168674698795183","-4.14272949112716"
"Techies","Alchemist","83","35","48","0.42168674698795183","-4.769325232408839"
"Mars","Nature's Prophet","166","70","96","0.42168674698795183","-5.731139964414908"
"Batrider","Lion","204","86","118","0.4215686274509804","-4.118217220587384"
"Jakiro","Razor","102","43","59","0.4215686274509804","-4.405367958292395"
"Phantom Assassin","Storm Spirit","102","43","59","0.4215686274509804","-5.238103989447781"
"Underlord","Timbersaw","102","43","59","0.4215686274509804","-6.098341152300039"
"Warlock","Templar Assassin","121","51","70","0.4214876033057851","-4.834625147528474"
"Queen of Pain","Clockwerk","178","75","103","0.42134831460674155","-4.920272215962371"
"Lion","Alchemist","76","32","44","0.42105263157894735","-3.861599298892056"
"Death Prophet","Medusa","114","48","66","0.42105263157894735","-4.614244547727783"
"Puck","Nyx Assassin","171","72","99","0.42105263157894735","-4.979841235050884"
"Dawnbreaker","Leshrac","76","32","44","0.42105263157894735","-5.226554388809872"
"Faceless Void","Leshrac","95","40","55","0.42105263157894735","-5.274853294612746"
"Sniper","Viper","57","24","33","0.42105263157894735","-5.396423186458327"
"Muerta","Doom","114","48","66","0.42105263157894735","-5.513712107003105"
"Phoenix","Death Prophet","114","48","66","0.42105263157894735","-5.546554728502873"
"Zeus","Naga Siren","57","24","33","0.42105263157894735","-5.63185584788322"
"Sand King","Nyx Assassin","76","32","44","0.42105263157894735","-5.9764005832908556"
"Abaddon","Skywrath Mage","76","32","44","0.42105263157894735","-6.21952283998788"
"Windranger","Beastmaster","183","77","106","0.4207650273224044","-5.041836466045059"
"Queen of Pain","Windranger","126","53","73","0.42063492063492064","-6.232088438736878"
"Silencer","Nature's Prophet","107","45","62","0.4205607476635514","-3.949094027087832"
"Axe","Beastmaster","88","37","51","0.42045454545454547","-6.189537609089136"
"Tiny","Enigma","226","95","131","0.42035398230088494","-3.7196461761178963"
"Warlock","Ursa","69","29","40","0.42028985507246375","-1.1338139499465845"
"Medusa","Ogre Magi","69","29","40","0.42028985507246375","-4.011712484923941"
"Dazzle","Nature's Prophet","69","29","40","0.42028985507246375","-5.89951463218474"
"Razor","Underlord","69","29","40","0.42028985507246375","-5.923007367858149"
"Techies","Storm Spirit","169","71","98","0.42011834319526625","-5.763790080363553"
"Bloodseeker","Underlord","50","21","29","0.42","-3.6295579449143793"
"Disruptor","Night Stalker","50","21","29","0.42","-3.6639865752795133"
"Ursa","Luna","50","21","29","0.42","-3.866966159832069"
"Underlord","Ringmaster","50","21","29","0.42","-3.974634607905216"
"Pugna","Viper","50","21","29","0.42","-4.215835340788069"
"Axe","Centaur Warrunner","100","42","58","0.42","-4.356709274818235"
"Bounty Hunter","Monkey King","50","21","29","0.42","-4.399268295831618"
"Juggernaut","Nyx Assassin","50","21","29","0.42","-4.509298878322989"
"Timbersaw","Alchemist","100","42","58","0.42","-5.167714778260379"
"Terrorblade","Axe","50","21","29","0.42","-5.212852920416216"
"Dark Seer","Ursa","100","42","58","0.42","-5.2916545016884005"
"Skywrath Mage","Nature's Prophet","50","21","29","0.42","-5.390953642082529"
"Wraith King","Queen of Pain","100","42","58","0.42","-5.4814094425913105"
"Sniper","Weaver","50","21","29","0.42","-5.613300909038869"
"Oracle","Templar Assassin","50","21","29","0.42","-6.094956381878571"
"Warlock","Leshrac","50","21","29","0.42","-8.25231328470852"
"Tidehunter","Vengeful Spirit","50","21","29","0.42","-8.951232487312563"
"Windranger","Mirana","131","55","76","0.4198473282442748","-3.546156464478311"
"Dark Willow","Centaur Warrunner","131","55","76","0.4198473282442748","-5.047944887266587"
"Venomancer","Enchantress","81","34","47","0.41975308641975306","-3.7640478098970553"
"Jakiro","Lina","81","34","47","0.41975308641975306","-3.9356656933986516"
"Nyx Assassin","Templar Assassin","112","47","65","0.41964285714285715","-4.93997239969322"
"Primal Beast","Clockwerk","255","107","148","0.4196078431372549","-4.4605513587556915"
"Grimstroke","Kunkka","174","73","101","0.41954022988505746","-2.866202347422052"
"Dark Willow","Puck","174","73","101","0.41954022988505746","-4.282361770442125"
"Drow Ranger","Nature's Prophet","62","26","36","0.41935483870967744","-3.273327361776685"
"Grimstroke","Sand King","93","39","54","0.41935483870967744","-4.68875568111441"
"Tusk","Treant Protector","279","117","162","0.41935483870967744","-5.411903986968583"
"Clinkz","Enchantress","93","39","54","0.41935483870967744","-5.503654587704314"
"Razor","Treant Protector","93","39","54","0.41935483870967744","-6.405137982155941"
"Beastmaster","Dark Seer","167","70","97","0.41916167664670656","-4.632858104621267"
"Bristleback","Chen","105","44","61","0.41904761904761906","-2.86122199221701"
"Earth Spirit","Lina","74","31","43","0.4189189189189189","-4.531804912777137"
"Sand King","Lina","74","31","43","0.4189189189189189","-5.386199368063817"
"Sand King","Bane","160","67","93","0.41875","-4.775714695753647"
"Ember Spirit","Monkey King","332","139","193","0.4186746987951807","-4.027469413292078"
"Doom","Visage","86","36","50","0.4186046511627907","-4.837052439605996"
"Luna","Dark Seer","86","36","50","0.4186046511627907","-4.837561040674995"
"Invoker","Mirana","129","54","75","0.4186046511627907","-5.386582979964492"
"Death Prophet","Io","129","54","75","0.4186046511627907","-5.6390708281471325"
"Clockwerk","Earthshaker","141","59","82","0.41843971631205673","-4.263989111896897"
"Lifestealer","Mirana","98","41","57","0.41836734693877553","-3.2247201867545274"
"Snapfire","Ember Spirit","404","169","235","0.4183168316831683","-5.329347163836128"
"Mars","Shadow Demon","306","128","178","0.41830065359477125","-5.3792653189795026"
"Lifestealer","Shadow Shaman","55","23","32","0.41818181818181815","-3.042742696801321"
"Skywrath Mage","Dark Seer","55","23","32","0.41818181818181815","-4.084790834977083"
"Muerta","Primal Beast","110","46","64","0.41818181818181815","-4.197947976627717"
"Ringmaster","Tidehunter","55","23","32","0.41818181818181815","-4.4168648202537035"
"Pangolier","Anti-Mage","55","23","32","0.41818181818181815","-5.353967628950291"
"Tinker","Mars","55","23","32","0.41818181818181815","-5.453234483512932"
"Drow Ranger","Dragon Knight","55","23","32","0.41818181818181815","-5.584663526024054"
"Jakiro","Slark","55","23","32","0.41818181818181815","-5.781441472661695"
"Phantom Lancer","Storm Spirit","55","23","32","0.41818181818181815","-6.459538519933206"
"Alchemist","Tidehunter","55","23","32","0.41818181818181815","-7.024118709138118"
"Lina","Doom","122","51","71","0.4180327868852459","-6.09002812925025"
"Jakiro","Troll Warlord","67","28","39","0.417910447761194","-4.077391437675331"
"Slardar","Chen","67","28","39","0.417910447761194","-4.451026503050975"
"Luna","Wraith King","67","28","39","0.417910447761194","-4.621494490380967"
"Shadow Demon","Wraith King","67","28","39","0.417910447761194","-4.631673361484408"
"Batrider","Venomancer","134","56","78","0.417910447761194","-4.783506023298973"
"Void Spirit","Muerta","79","33","46","0.4177215189873418","-2.8912436147709126"
"Centaur Warrunner","Lifestealer","158","66","92","0.4177215189873418","-4.896885592803221"
"Lifestealer","Bane","79","33","46","0.4177215189873418","-5.957558673483058"
"Queen of Pain","Skywrath Mage","79","33","46","0.4177215189873418","-7.388771527069941"
"Gyrocopter","Bane","170","71","99","0.4176470588235294","-3.1810246670638342"
"Void Spirit","Bane","170","71","99","0.4176470588235294","-3.829353712281146"
"Morphling","Lycan","91","38","53","0.4175824175824176","-3.5112287172125907"
"Tidehunter","Viper","91","38","53","0.4175824175824176","-8.047630956011453"
"Bloodseeker","Puck","103","43","60","0.4174757281553398","-4.12750883679331"
"Snapfire","Bristleback","103","43","60","0.4174757281553398","-4.698133627188089"
"Undying","Faceless Void","103","43","60","0.4174757281553398","-5.811480052721963"
"Tiny","Riki","115","48","67","0.41739130434782606","-3.8701625791819056"
"Vengeful Spirit","Ember Spirit","115","48","67","0.41739130434782606","-4.476385748489482"
"Weaver","Dark Seer","115","48","67","0.41739130434782606","-5.110271204293556"
"Crystal Maiden","Chen","115","48","67","0.41739130434782606","-5.265776083833254"
"Shadow Fiend","Invoker","127","53","74","0.41732283464566927","-2.8023656178588054"
"Monkey King","Enigma","139","58","81","0.4172661870503597","-6.42397218271239"
"Slardar","Storm Spirit","139","58","81","0.4172661870503597","-7.09702846476353"
"Tusk","Batrider","314","131","183","0.4171974522292994","-3.9372438545977073"
"Windranger","Bane","96","40","56","0.4166666666666667","-0.5847366024623852"
"Centaur Warrunner","Lycan","72","30","42","0.4166666666666667","-3.1898751627889568"
"Void Spirit","Shadow Fiend","72","30","42","0.4166666666666667","-3.5799242771430078"
"Puck","Visage","84","35","49","0.4166666666666667","-3.7765246800022005"
"Razor","Chen","72","30","42","0.4166666666666667","-3.9700041588186696"
"Treant Protector","Chaos Knight","60","25","35","0.4166666666666667","-4.1410449553408135"
"Storm Spirit","Chen","96","40","56","0.4166666666666667","-4.32944716284589"
"Void Spirit","Chaos Knight","60","25","35","0.4166666666666667","-4.887290725140014"
"Clockwerk","Lifestealer","108","45","63","0.4166666666666667","-4.976528767762096"
"Treant Protector","Broodmother","60","25","35","0.4166666666666667","-4.9890270765941676"
"Shadow Fiend","Monkey King","132","55","77","0.4166666666666667","-5.192795814618559"
"Naga Siren","Lion","84","35","49","0.4166666666666667","-5.496489206968303"
"Lycan","Monkey King","96","40","56","0.4166666666666667","-5.685715529087984"
"Dark Willow","Invoker","132","55","77","0.4166666666666667","-5.769371073485756"
"Dragon Knight","Bristleback","132","55","77","0.4166666666666667","-6.123127565493174"
"Rubick","Primal Beast","300","125","175","0.4166666666666667","-6.168872704985092"
"Timbersaw","Brewmaster","84","35","49","0.4166666666666667","-6.2562494109192395"
"Muerta","Leshrac","60","25","35","0.4166666666666667","-6.340430341414861"
"Medusa","Anti-Mage","132","55","77","0.4166666666666667","-6.604724133981198"
"Hoodwink","Venomancer","60","25","35","0.4166666666666667","-6.720170534854688"
"Rubick","Anti-Mage","72","30","42","0.4166666666666667","-7.904689349582236"
"Hoodwink","Timbersaw","233","97","136","0.41630901287553645","-3.6861320962644113"
"Ember Spirit","Underlord","221","92","129","0.416289592760181","-3.117926781488799"
"Morphling","Monkey King","185","77","108","0.41621621621621624","-4.541875555033376"
"Batrider","Chen","137","57","80","0.41605839416058393","-3.034206149502182"
"Dawnbreaker","Gyrocopter","125","52","73","0.416","-3.1766673736598716"
"Dragon Knight","Marci","125","52","73","0.416","-6.334367508710172"
"Dawnbreaker","Nyx Assassin","113","47","66","0.415929203539823","-5.476925634894849"
"Void Spirit","Crystal Maiden","101","42","59","0.4158415841584158","-5.254757375007788"
"Luna","Brewmaster","89","37","52","0.4157303370786517","-3.713514628826099"
"Weaver","Slardar","89","37","52","0.4157303370786517","-4.2141939400603805"
"Warlock","Muerta","89","37","52","0.4157303370786517","-5.326638286350663"
"Hoodwink","Juggernaut","77","32","45","0.4155844155844156","-3.7037193919131353"
"Dazzle","Ember Spirit","77","32","45","0.4155844155844156","-4.241301400193214"
"Primal Beast","Faceless Void","154","64","90","0.4155844155844156","-4.782604887875161"
"Razor","Nyx Assassin","77","32","45","0.4155844155844156","-8.408685271163629"
"Riki","Beastmaster","65","27","38","0.4153846153846154","-4.111195388265293"
"Viper","Shadow Demon","65","27","38","0.4153846153846154","-4.435762492906146"
"Dawnbreaker","Morphling","118","49","69","0.4152542372881356","-4.468490994430067"
"Tidehunter","Leshrac","118","49","69","0.4152542372881356","-4.659529498035783"
"Silencer","Axe","53","22","31","0.41509433962264153","-2.755106182808488"
"Weaver","Elder Titan","53","22","31","0.41509433962264153","-4.309353516783904"
"Dazzle","Shadow Demon","53","22","31","0.41509433962264153","-4.385002025532943"
"Lion","Enchantress","159","66","93","0.41509433962264153","-5.003609207110058"
"Beastmaster","Kez","53","22","31","0.41509433962264153","-5.81102320322886"
"Dawnbreaker","Batrider","200","83","117","0.415","-3.2764724997943184"
"Weaver","Treant Protector","94","39","55","0.4148936170212766","-3.3779941736159493"
"Jakiro","Timbersaw","135","56","79","0.4148148148148148","-4.260859982783971"
"Pangolier","Bounty Hunter","82","34","48","0.4146341463414634","-3.9450910424168435"
"Snapfire","Shadow Shaman","82","34","48","0.4146341463414634","-4.390416060336191"
"Dawnbreaker","Terrorblade","123","51","72","0.4146341463414634","-4.820306844447634"
"Tiny","Lycan","193","80","113","0.41450777202072536","-5.352757681587929"
"Warlock","Tidehunter","111","46","65","0.4144144144144144","-3.975637098451693"
"Marci","Chen","70","29","41","0.4142857142857143","-2.1834156144486605"
"Abaddon","Medusa","70","29","41","0.4142857142857143","-5.37524734800382"
"Spectre","Pangolier","70","29","41","0.4142857142857143","-5.842695109732131"
"Doom","Elder Titan","70","29","41","0.4142857142857143","-6.58657235402891"
"Dark Willow","Pugna","99","41","58","0.41414141414141414","-3.6874146846866087"
"Ogre Magi","Death Prophet","58","24","34","0.41379310344827586","-3.3328206716497073"
"Crystal Maiden","Bane","58","24","34","0.41379310344827586","-3.3728362556074116"
"Terrorblade","Elder Titan","87","36","51","0.41379310344827586","-4.376267347792991"
"Alchemist","Naga Siren","58","24","34","0.41379310344827586","-4.640392912312026"
"Pudge","Timbersaw","58","24","34","0.41379310344827586","-4.659511531103543"
"Gyrocopter","Ursa","116","48","68","0.41379310344827586","-4.6805769576189045"
"Lich","Mirana","58","24","34","0.41379310344827586","-4.868586586111894"
"Queen of Pain","Kunkka","203","84","119","0.41379310344827586","-5.437195947851709"
"Enigma","Nyx Assassin","58","24","34","0.41379310344827586","-5.673283259939133"
"Silencer","Sven","87","36","51","0.41379310344827586","-6.361102210963032"
"Keeper of the Light","Shadow Fiend","58","24","34","0.41379310344827586","-6.467559605195849"
"Kunkka","Invoker","162","67","95","0.41358024691358025","-4.594149452185941"
"Silencer","Clockwerk","162","67","95","0.41358024691358025","-4.641713057702138"
"Phoenix","Dark Willow","162","67","95","0.41358024691358025","-4.657691233839064"
"Weaver","Spirit Breaker","133","55","78","0.41353383458646614","-4.341485671366315"
"Snapfire","Earthshaker","133","55","78","0.41353383458646614","-5.471018657393534"
"Timbersaw","Treant Protector","133","55","78","0.41353383458646614","-6.048705545385719"
"Dark Willow","Nyx Assassin","75","31","44","0.41333333333333333","-3.650605386845127"
"Dawnbreaker","Skywrath Mage","75","31","44","0.41333333333333333","-5.608314556092378"
"Queen of Pain","Shadow Shaman","92","38","54","0.41304347826086957","-4.352479484241026"
"Rubick","Lycan","138","57","81","0.41304347826086957","-4.356843710019122"
"Puck","Chen","138","57","81","0.41304347826086957","-4.952858913231846"
"Dark Willow","Warlock","92","38","54","0.41304347826086957","-7.458822587923808"
"Jakiro","Treant Protector","109","45","64","0.41284403669724773","-7.194408736627496"
"Tusk","Monkey King","235","97","138","0.4127659574468085","-4.237136284400079"
"Tiny","Anti-Mage","63","26","37","0.4126984126984127","-4.164696340247625"
"Dawnbreaker","Snapfire","189","78","111","0.4126984126984127","-4.607709354440739"
"Bristleback","Bane","63","26","37","0.4126984126984127","-4.9176519429497"
"Rubick","Bounty Hunter","63","26","37","0.4126984126984127","-4.930418840040881"
"Lina","Spectre","63","26","37","0.4126984126984127","-5.071330646638389"
"Phantom Assassin","Mirana","63","26","37","0.4126984126984127","-5.4055883793004025"
"Drow Ranger","Monkey King","63","26","37","0.4126984126984127","-5.650078540443642"
"Earth Spirit","Nyx Assassin","63","26","37","0.4126984126984127","-9.037626805995902"
"Dark Willow","Naga Siren","80","33","47","0.4125","-3.2461644772052667"
"Jakiro","Nature's Prophet","160","66","94","0.4125","-4.013790746730332"
"Invoker","Brewmaster","80","33","47","0.4125","-4.857267573318281"
"Morphling","Elder Titan","80","33","47","0.4125","-6.784581693376447"
"Slark","Clockwerk","80","33","47","0.4125","-8.197343267841113"
"Dark Willow","Lifestealer","97","40","57","0.41237113402061853","-4.681626646319586"
"Invoker","Bristleback","97","40","57","0.41237113402061853","-4.994666885914274"
"Zeus","Enchantress","114","47","67","0.41228070175438597","-5.278546727818785"
"Shadow Demon","Bane","165","68","97","0.4121212121212121","-4.368706577398457"
"Windranger","Dark Seer","102","42","60","0.4117647058823529","-2.28516319551569"
"Razor","Brewmaster","85","35","50","0.4117647058823529","-2.8513708119233536"
"Queen of Pain","Bane","221","91","130","0.4117647058823529","-3.617086672056499"
"Drow Ranger","Enchantress","68","28","40","0.4117647058823529","-3.719594988442249"
"Sven","Magnus","68","28","40","0.4117647058823529","-4.01461106218603"
"Viper","Luna","51","21","30","0.4117647058823529","-4.11407157275937"
"Zeus","Viper","51","21","30","0.4117647058823529","-4.307820663210515"
"Troll Warlord","Weaver","68","28","40","0.4117647058823529","-5.317705968354936"
"Timbersaw","Bounty Hunter","51","21","30","0.4117647058823529","-5.324472334032014"
"Shadow Demon","Io","85","35","50","0.4117647058823529","-5.8478619259036755"
"Pugna","Bristleback","85","35","50","0.4117647058823529","-5.923378680639151"
"Gyrocopter","Crystal Maiden","102","42","60","0.4117647058823529","-6.8241024684193725"
"Phoenix","Ogre Magi","102","42","60","0.4117647058823529","-7.555959337607528"
"Enchantress","Anti-Mage","51","21","30","0.4117647058823529","-7.9711722953228"
"Dawnbreaker","Magnus","124","51","73","0.4112903225806452","-6.20508272818164"
"Gyrocopter","Death Prophet","90","37","53","0.4111111111111111","-4.336494117405082"
"Luna","Leshrac","73","30","43","0.410958904109589","-5.646931965445936"
"Earth Spirit","Mirana","73","30","43","0.410958904109589","-5.977823649055427"
"Zeus","Winter Wyvern","73","30","43","0.410958904109589","-6.006472632745006"
"Techies","Kunkka","73","30","43","0.410958904109589","-6.268131791474521"
"Dragon Knight","Ringmaster","73","30","43","0.410958904109589","-6.637664459000822"
"Muerta","Night Stalker","56","23","33","0.4107142857142857","-4.028294705114659"
"Leshrac","Marci","112","46","66","0.4107142857142857","-5.416759479000708"
"Vengeful Spirit","Bane","56","23","33","0.4107142857142857","-5.501968425342271"
"Weaver","Naga Siren","56","23","33","0.4107142857142857","-5.612566165948484"
"Sniper","Medusa","56","23","33","0.4107142857142857","-5.658841544174898"
"Shadow Fiend","Alchemist","56","23","33","0.4107142857142857","-6.89826618737155"
"Disruptor","Brewmaster","95","39","56","0.4105263157894737","-4.366206020990041"
"Marci","Enigma","117","48","69","0.41025641025641024","-4.804626405161612"
"Void Spirit","Enigma","78","32","46","0.41025641025641024","-4.879843472153243"
"Underlord","Treant Protector","78","32","46","0.41025641025641024","-5.560909691654563"
"Snapfire","Razor","178","73","105","0.4101123595505618","-4.810406337467393"
"Slardar","Doom","100","41","59","0.41","-2.55942119713912"
"Ember Spirit","Crystal Maiden","261","107","154","0.4099616858237548","-4.950853553221507"
"Shadow Shaman","Enigma","61","25","36","0.4098360655737705","-4.759357005634424"
"Jakiro","Doom","122","50","72","0.4098360655737705","-5.924435901797049"
"Snapfire","Medusa","183","75","108","0.4098360655737705","-6.3306797323795765"
"Axe","Ursa","61","25","36","0.4098360655737705","-7.973552334205924"
"Gyrocopter","Centaur Warrunner","205","84","121","0.4097560975609756","-4.8858639793745775"
"Warlock","Invoker","83","34","49","0.40963855421686746","-3.285511868671973"
"Phantom Assassin","Puck","83","34","49","0.40963855421686746","-5.826819152442953"
"Hoodwink","Earth Spirit","105","43","62","0.4095238095238095","-6.67181777180332"
"Earthshaker","Chen","66","27","39","0.4090909090909091","-2.042713534297739"
"Dragon Knight","Spirit Breaker","66","27","39","0.4090909090909091","-4.069356223173103"
"Pudge","Pangolier","88","36","52","0.4090909090909091","-4.497143562757469"
"Alchemist","Mirana","66","27","39","0.4090909090909091","-4.718915257328688"
"Earthshaker","Nature's Prophet","88","36","52","0.4090909090909091","-5.177374447248168"
"Keeper of the Light","Dark Willow","88","36","52","0.4090909090909091","-5.282109219062717"
"Underlord","Shadow Demon","110","45","65","0.4090909090909091","-5.724625643269889"
"Undying","Monkey King","154","63","91","0.4090909090909091","-5.921215761061834"
"Night Stalker","Templar Assassin","66","27","39","0.4090909090909091","-7.309013413755125"
"Jakiro","Rubick","203","83","120","0.4088669950738916","-4.931859363831248"
"Warlock","Monkey King","115","47","68","0.40869565217391307","-3.535914723712773"
"Drow Ranger","Ember Spirit","115","47","68","0.40869565217391307","-6.404637341366818"
"Hoodwink","Earthshaker","93","38","55","0.40860215053763443","-4.028950302618682"
"Rubick","Bristleback","93","38","55","0.40860215053763443","-7.044219974926867"
"Underlord","Warlock","71","29","42","0.4084507042253521","-4.958461066986693"
"Chaos Knight","Razor","71","29","42","0.4084507042253521","-5.382777830144528"
"Rubick","Enigma","245","100","145","0.40816326530612246","-5.649970787220419"
"Lion","Monkey King","174","71","103","0.40804597701149425","-3.670105794088619"
"Tiny","Chen","174","71","103","0.40804597701149425","-4.048592032320064"
"Hoodwink","Largo","76","31","45","0.40789473684210525","-5.011517043243827"
"Chaos Knight","Timbersaw","76","31","45","0.40789473684210525","-6.267253892680713"
"Snapfire","Disruptor","319","130","189","0.40752351097178685","-5.309478543841551"
"Phoenix","Nyx Assassin","108","44","64","0.4074074074074074","-3.2935318672974665"
"Medusa","Night Stalker","54","22","32","0.4074074074074074","-3.699470590798003"
"Ogre Magi","Templar Assassin","81","33","48","0.4074074074074074","-3.887873116696814"
"Hoodwink","Faceless Void","135","55","80","0.4074074074074074","-5.050736593759809"
"Dawnbreaker","Silencer","54","22","32","0.4074074074074074","-5.06863124788073"
"Sniper","Shadow Demon","81","33","48","0.4074074074074074","-5.90930446980701"
"Bristleback","Disruptor","81","33","48","0.4074074074074074","-6.25769077286967"
"Broodmother","Beastmaster","81","33","48","0.4074074074074074","-6.822825944169811"
"Shadow Fiend","Naga Siren","81","33","48","0.4074074074074074","-7.056128427762736"
"Disruptor","Clinkz","54","22","32","0.4074074074074074","-7.427054456681941"
"Sven","Treant Protector","54","22","32","0.4074074074074074","-8.13748265517817"
"Phantom Assassin","Morphling","86","35","51","0.4069767441860465","-3.4978705458304056"
"Death Prophet","Clockwerk","172","70","102","0.4069767441860465","-3.5573117947788617"
"Dawnbreaker","Lifestealer","86","35","51","0.4069767441860465","-4.555962744243662"
"Hoodwink","Sniper","86","35","51","0.4069767441860465","-5.410372172944196"
"Medusa","Dark Seer","86","35","51","0.4069767441860465","-7.000207357835168"
"Phantom Lancer","Batrider","86","35","51","0.4069767441860465","-8.193867836892164"
"Phantom Assassin","Beastmaster","231","94","137","0.4069264069264069","-4.285582206378138"
"Ogre Magi","Pugna","59","24","35","0.4067796610169492","-3.5594485823800306"
"Grimstroke","Enchantress","118","48","70","0.4067796610169492","-4.597930702826792"
"Pugna","Vengeful Spirit","59","24","35","0.4067796610169492","-5.597126592550537"
"Death Prophet","Beastmaster","209","85","124","0.40669856459330145","-4.483638886354205"
"Timbersaw","Doom","214","87","127","0.40654205607476634","-5.34458094247759"
"Phoenix","Windranger","155","63","92","0.4064516129032258","-6.001536332481245"
"Chaos Knight","Shadow Shaman","64","26","38","0.40625","-3.745610575137044"
"Phoenix","Queen of Pain","160","65","95","0.40625","-4.749285582717738"
"Crystal Maiden","Leshrac","128","52","76","0.40625","-5.25606926685056"
"Pudge","Broodmother","64","26","38","0.40625","-5.436121765667764"
"Axe","Disruptor","64","26","38","0.40625","-7.837051394401312"
"Undying","Shadow Fiend","101","41","60","0.40594059405940597","-3.872971079440203"
"Grimstroke","Chaos Knight","101","41","60","0.40594059405940597","-4.36629827370187"
"Queen of Pain","Pugna","101","41","60","0.40594059405940597","-6.916255764102772"
"Dawnbreaker","Monkey King","170","69","101","0.40588235294117647","-4.561624159293586"
"Bloodseeker","Gyrocopter","69","28","41","0.4057971014492754","-5.838376451181838"
"Phoenix","Keeper of the Light","138","56","82","0.4057971014492754","-5.952896952980665"
"Dawnbreaker","Ursa","69","28","41","0.4057971014492754","-7.095574905739994"
"Invoker","Puck","175","71","104","0.4057142857142857","-6.112575934688404"
"Queen of Pain","Templar Assassin","143","58","85","0.40559440559440557","-5.785920177831405"
"Morphling","Bane","111","45","66","0.40540540540540543","-4.402661675067989"
"Earth Spirit","Bane","74","30","44","0.40540540540540543","-5.186459234752224"
"Weaver","Wraith King","74","30","44","0.40540540540540543","-5.346388601530898"
"Tusk","Enigma","148","60","88","0.40540540540540543","-5.603342514637014"
"Undying","Visage","74","30","44","0.40540540540540543","-5.891836710694567"
"Rubick","Venomancer","111","45","66","0.40540540540540543","-7.694580028270858"
"Ancient Apparition","Jakiro","84","34","50","0.40476190476190477","-4.647139487214595"
"Puck","Lycan","126","51","75","0.40476190476190477","-5.598671720475168"
"Pangolier","Chen","173","70","103","0.4046242774566474","-5.224002550042954"
"Night Stalker","Tiny","131","53","78","0.40458015267175573","-4.786689530084982"
"Jakiro","Lifestealer","89","36","53","0.4044943820224719","-6.2783965102842805"
"Dawnbreaker","Mars","183","74","109","0.40437158469945356","-4.513626478821073"
"Snapfire","Enigma","141","57","84","0.40425531914893614","-6.775130571570655"
"Dawnbreaker","Puck","240","97","143","0.4041666666666667","-5.286560499824501"
"Enchantress","Bane","193","78","115","0.40414507772020725","-6.851064774654657"
"Primal Beast","Leshrac","146","59","87","0.4041095890410959","-4.981946640188192"
"Clockwerk","Elder Titan","99","40","59","0.40404040404040403","-4.921696813598919"
"Queen of Pain","Centaur Warrunner","99","40","59","0.40404040404040403","-5.123864114486434"
"Muerta","Enigma","52","21","31","0.40384615384615385","-3.6467043747642656"
"Axe","Primal Beast","52","21","31","0.40384615384615385","-4.115229325906683"
"Phoenix","Legion Commander","52","21","31","0.40384615384615385","-4.775895869638408"
"Mars","Oracle","52","21","31","0.40384615384615385","-5.147940163183502"
"Nyx Assassin","Warlock","52","21","31","0.40384615384615385","-5.183834470836102"
"Abaddon","Phantom Assassin","52","21","31","0.40384615384615385","-7.061527168880911"
"Nature's Prophet","Elder Titan","52","21","31","0.40384615384615385","-7.773714515812508"
"Lich","Storm Spirit","109","44","65","0.4036697247706422","-6.911653633719157"
"Vengeful Spirit","Dark Seer","57","23","34","0.40350877192982454","-4.309450623534674"
"Drow Ranger","Batrider","57","23","34","0.40350877192982454","-4.918576052983062"
"Clinkz","Doom","57","23","34","0.40350877192982454","-6.389960230167435"
"Drow Ranger","Timbersaw","57","23","34","0.40350877192982454","-8.318473223457033"
"Jakiro","Invoker","119","48","71","0.40336134453781514","-6.499003159383382"
"Axe","Chen","62","25","37","0.4032258064516129","-4.181923045407339"
"Lion","Enigma","62","25","37","0.4032258064516129","-6.133031568073357"
"Brewmaster","Shadow Shaman","62","25","37","0.4032258064516129","-7.828150401899508"
"Puck","Naga Siren","129","52","77","0.40310077519379844","-3.3739516591809813"
"Rubick","Earthshaker","129","52","77","0.40310077519379844","-7.717762089253968"
"Primal Beast","Alchemist","67","27","40","0.40298507462686567","-5.344650690460924"
"Pugna","Faceless Void","67","27","40","0.40298507462686567","-6.799235745171223"
"Bloodseeker","Bane","72","29","43","0.4027777777777778","-4.215342568662545"
"Underlord","Lion","72","29","43","0.4027777777777778","-5.351929591004205"
"Pangolier","Bane","360","145","215","0.4027777777777778","-5.377255538568884"
"Axe","Dark Willow","72","29","43","0.4027777777777778","-5.409881379115042"
"Earth Spirit","Templar Assassin","72","29","43","0.4027777777777778","-5.938865826828792"
"Ember Spirit","Naga Siren","149","60","89","0.40268456375838924","-5.220688559463165"
"Disruptor","Shadow Shaman","77","31","46","0.4025974025974026","-2.6603354237486543"
"Void Spirit","Alchemist","82","33","49","0.4024390243902439","-5.705490525424568"
"Undying","Jakiro","87","35","52","0.40229885057471265","-7.12094388551921"
"Tidehunter","Chen","92","37","55","0.40217391304347827","-3.9856056259698165"
"Disruptor","Legion Commander","92","37","55","0.40217391304347827","-7.122964582947774"
"Silencer","Shadow Demon","97","39","58","0.4020618556701031","-6.831798434326282"
"Terrorblade","Earthshaker","102","41","61","0.4019607843137255","-4.220189383233636"
"Death Prophet","Mirana","219","88","131","0.4018264840182648","-4.291748960946214"
"Hoodwink","Lifestealer","117","47","70","0.4017094017094017","-6.938965190712142"
"Terrorblade","Keeper of the Light","122","49","73","0.4016393442622951","-6.491987420009498"
"Mars","Crystal Maiden","132","53","79","0.4015151515151515","-4.852824975538184"
"Ursa","Doom","132","53","79","0.4015151515151515","-4.8549979720181895"
"Morphling","Pugna","147","59","88","0.4013605442176871","-5.419735558785854"
"Luna","Bane","172","69","103","0.4011627906976744","-4.0013474998980705"
"Grimstroke","Bane","237","95","142","0.4008438818565401","-3.796419839792607"
"Silencer","Tiny","252","101","151","0.4007936507936508","-5.429356135533884"
"Dawnbreaker","Io","55","22","33","0.4","-2.1280791023634857"
"Dark Willow","Alchemist","75","30","45","0.4","-3.934235134409801"
"Techies","Faceless Void","100","40","60","0.4","-3.9381089639127627"
"Skywrath Mage","Invoker","65","26","39","0.4","-3.972595602801467"
"Techies","Dragon Knight","85","34","51","0.4","-4.537928942006694"
"Spirit Breaker","Grimstroke","90","36","54","0.4","-4.954920842478555"
"Brewmaster","Storm Spirit","120","48","72","0.4","-5.151680544629778"
"Bloodseeker","Monkey King","115","46","69","0.4","-5.398252867496225"
"Ancient Apparition","Nature's Prophet","60","24","36","0.4","-5.440805307099159"
"Marci","Treant Protector","105","42","63","0.4","-5.453153620859987"
"Broodmother","Kunkka","50","20","30","0.4","-5.484003739796078"
"Sniper","Magnus","55","22","33","0.4","-5.776010349064158"
"Skywrath Mage","Treant Protector","75","30","45","0.4","-5.790081236293317"
"Mars","Drow Ranger","60","24","36","0.4","-5.8317135741034365"
"Sven","Slark","70","28","42","0.4","-5.933466393830462"
"Lion","Mirana","125","50","75","0.4","-6.00509613751913"
"Alchemist","Lifestealer","50","20","30","0.4","-6.225406771587996"
"Mars","Chaos Knight","155","62","93","0.4","-6.379927257210503"
"Pugna","Io","60","24","36","0.4","-6.38998059546131"
"Morphling","Viper","55","22","33","0.4","-6.552390047855965"
"Void Spirit","Naga Siren","75","30","45","0.4","-6.600105925581256"
"Phantom Lancer","Beastmaster","60","24","36","0.4","-6.780524562493567"
"Juggernaut","Timbersaw","70","28","42","0.4","-6.887483992612545"
"Sven","Templar Assassin","115","46","69","0.4","-6.944222924847906"
"Morphling","Enigma","110","44","66","0.4","-6.9635347889054815"
"Io","Marci","60","24","36","0.4","-6.9845597494084055"
"Hoodwink","Treant Protector","205","82","123","0.4","-7.020611293672048"
"Faceless Void","Bane","100","40","60","0.4","-7.074073196067442"
"Rubick","Elder Titan","135","54","81","0.4","-7.498297178260092"
"Phantom Lancer","Monkey King","50","20","30","0.4","-8.007780324796322"
"Earthshaker","Gyrocopter","95","38","57","0.4","-8.11039527647822"
"Void Spirit","Storm Spirit","283","113","170","0.3992932862190813","-5.027603035819291"
"Snapfire","Tiny","476","190","286","0.39915966386554624","-6.1129634181140675"
"Pangolier","Enigma","223","89","134","0.3991031390134529","-5.122740950337869"
"Clockwerk","Alchemist","138","55","83","0.39855072463768115","-6.690080080621683"
"Phoenix","Chen","133","53","80","0.39849624060150374","-3.729503599360144"
"Gyrocopter","Shadow Demon","231","92","139","0.39826839826839827","-6.65672522032647"
"Enchantress","Viper","113","45","68","0.39823008849557523","-7.722562216006531"
"Drow Ranger","Beastmaster","98","39","59","0.3979591836734694","-4.721719423670949"
"Magnus","Faceless Void","98","39","59","0.3979591836734694","-5.612672015304652"
"Ember Spirit","Slark","166","66","100","0.39759036144578314","-5.037981519300144"
"Nyx Assassin","Shadow Demon","78","31","47","0.3974358974358974","-5.537511852596535"
"Sven","Weaver","78","31","47","0.3974358974358974","-7.007921071485103"
"Lion","Treant Protector","78","31","47","0.3974358974358974","-8.069997967409359"
"Jakiro","Enchantress","146","58","88","0.3972602739726027","-5.418275493115559"
"Windranger","Lich","73","29","44","0.3972602739726027","-10.766008687725941"
"Kunkka","Bane","209","83","126","0.39712918660287083","-6.867134560473279"
"Spirit Breaker","Broodmother","68","27","41","0.39705882352941174","-5.308474609461817"
"Io","Elder Titan","68","27","41","0.39705882352941174","-6.417657149003847"
"Luna","Nyx Assassin","63","25","38","0.3968253968253968","-5.237811118281019"
"Razor","Slardar","63","25","38","0.3968253968253968","-5.294338358596432"
"Spirit Breaker","Naga Siren","63","25","38","0.3968253968253968","-5.93531152098981"
"Zeus","Lifestealer","63","25","38","0.3968253968253968","-5.979613743012758"
"Earthshaker","Enigma","63","25","38","0.3968253968253968","-6.367973578672403"
"Void Spirit","Nyx Assassin","63","25","38","0.3968253968253968","-7.364758382112795"
"Silencer","Batrider","184","73","111","0.3967391304347826","-4.6782359746225195"
"Bloodseeker","Treant Protector","58","23","35","0.39655172413793105","-3.953873468693371"
"Spirit Breaker","Void Spirit","116","46","70","0.39655172413793105","-4.153183512612624"
"Phantom Assassin","Lion","58","23","35","0.39655172413793105","-4.721618661524621"
"Razor","Spirit Breaker","58","23","35","0.39655172413793105","-6.635445351881611"
"Elder Titan","Primal Beast","53","21","32","0.39622641509433965","-4.825184366210367"
"Troll Warlord","Io","53","21","32","0.39622641509433965","-4.940327749305787"
"Dark Willow","Mirana","106","42","64","0.39622641509433965","-5.666665933235187"
"Outworld Devourer","Bane","53","21","32","0.39622641509433965","-7.549341486731014"
"Kunkka","Mirana","154","61","93","0.3961038961038961","-5.798075178825841"
"Lina","Templar Assassin","154","61","93","0.3961038961038961","-6.026147258500892"
"Terrorblade","Warlock","101","40","61","0.39603960396039606","-6.082355999872578"
"Dawnbreaker","Death Prophet","96","38","58","0.3958333333333333","-4.445295113626738"
"Grimstroke","Disruptor","96","38","58","0.3958333333333333","-5.289201591910292"
"Zeus","Doom","96","38","58","0.3958333333333333","-5.972531088312579"
"Morphling","Kunkka","134","53","81","0.39552238805970147","-6.445557634063691"
"Dawnbreaker","Dragon Knight","124","49","75","0.3951612903225806","-6.134059955015227"
"Techies","Death Prophet","81","32","49","0.3950617283950617","-6.979954783281414"
"Tusk","Broodmother","119","47","72","0.3949579831932773","-6.586966498334649"
"Brewmaster","Weaver","119","47","72","0.3949579831932773","-6.927779675174486"
"Shadow Shaman","Monkey King","119","47","72","0.3949579831932773","-6.954402150239187"
"Viper","Windranger","114","45","69","0.39473684210526316","-4.717815989872937"
"Slark","Mirana","114","45","69","0.39473684210526316","-5.313122909575678"
"Brewmaster","Pugna","76","30","46","0.39473684210526316","-5.653818111464272"
"Morphling","Nyx Assassin","76","30","46","0.39473684210526316","-6.131071266691329"
"Queen of Pain","Dark Seer","71","28","43","0.39436619718309857","-3.1468628745427476"
"Void Spirit","Chen","71","28","43","0.39436619718309857","-4.054190402570606"
"Kunkka","Chen","71","28","43","0.39436619718309857","-6.469453496658818"
"Legion Commander","Mirana","71","28","43","0.39436619718309857","-6.549400186106057"
"Dawnbreaker","Faceless Void","142","56","86","0.39436619718309857","-6.570159267322151"
"Leshrac","Viper","71","28","43","0.39436619718309857","-8.76628273946188"
"Dawnbreaker","Invoker","104","41","63","0.3942307692307692","-5.429740887876382"
"Phoenix","Bane","99","39","60","0.3939393939393939","-2.7851151401872842"
"Tiny","Legion Commander","66","26","40","0.3939393939393939","-7.216227803203443"
"Puck","Abaddon","127","50","77","0.3937007874015748","-6.6285793918535285"
"Treant Protector","Pugna","61","24","37","0.39344262295081966","-4.4819649498122"
"Lina","Wraith King","61","24","37","0.39344262295081966","-6.107313452988011"
"Razor","Visage","61","24","37","0.39344262295081966","-6.207192566270225"
"Puck","Bane","244","96","148","0.39344262295081966","-6.427991618197137"
"Pugna","Bane","150","59","91","0.3933333333333333","-6.963430911296925"
"Queen of Pain","Naga Siren","89","35","54","0.39325842696629215","-6.466320486467753"
"Bloodseeker","Batrider","112","44","68","0.39285714285714285","-3.412636563777529"
"Grimstroke","Magnus","56","22","34","0.39285714285714285","-4.344765710419262"
"Windranger","Enigma","84","33","51","0.39285714285714285","-4.570435887306227"
"Chaos Knight","Undying","56","22","34","0.39285714285714285","-4.713323253686467"
"Axe","Shadow Shaman","56","22","34","0.39285714285714285","-5.234928059546795"
"Ursa","Alchemist","56","22","34","0.39285714285714285","-5.4083457053564885"
"Magnus","Bane","56","22","34","0.39285714285714285","-5.677687345306791"
"Zeus","Terrorblade","84","33","51","0.39285714285714285","-6.4154899677934445"
"Hoodwink","Naga Siren","112","44","68","0.39285714285714285","-7.000758128980798"
"Pangolier","Kez","56","22","34","0.39285714285714285","-8.115744294194457"
"Slark","Treant Protector","84","33","51","0.39285714285714285","-8.824185161741955"
"Beastmaster","Medusa","191","75","116","0.39267015706806285","-6.876651941043393"
"Razor","Pugna","79","31","48","0.3924050632911392","-6.584607279583103"
"Tusk","Magnus","158","62","96","0.3924050632911392","-6.82714207583983"
"Dragon Knight","Enigma","130","51","79","0.3923076923076923","-6.217195254852553"
"Undying","Pugna","130","51","79","0.3923076923076923","-6.836738844478801"
"Ogre Magi","Nyx Assassin","51","20","31","0.39215686274509803","-3.4117919254854714"
"Snapfire","Juggernaut","102","40","62","0.39215686274509803","-4.816615822766476"
"Nyx Assassin","Keeper of the Light","102","40","62","0.39215686274509803","-4.8640453585315875"
"Razor","Mirana","102","40","62","0.39215686274509803","-5.0602727568668"
"Ogre Magi","Undying","51","20","31","0.39215686274509803","-9.22042840742509"
"Mars","Mirana","273","107","166","0.39194139194139194","-6.431706592270035"
"Lycan","Naga Siren","74","29","45","0.3918918918918919","-4.787197529025454"
"Troll Warlord","Batrider","97","38","59","0.3917525773195876","-6.90877137859596"
"Gyrocopter","Keeper of the Light","97","38","59","0.3917525773195876","-8.495856437586962"
"Snapfire","Luna","166","65","101","0.39156626506024095","-5.596475090712894"
"Templar Assassin","Naga Siren","69","27","42","0.391304347826087","-5.870068834781548"
"Queen of Pain","Shadow Fiend","138","54","84","0.391304347826087","-6.10666849954459"
"Night Stalker","Weaver","69","27","42","0.391304347826087","-7.20000474080564"
"Lycan","Leshrac","69","27","42","0.391304347826087","-7.756247386301502"
"Grimstroke","Death Prophet","133","52","81","0.39097744360902253","-5.362475930015718"
"Lich","Monkey King","110","43","67","0.39090909090909093","-3.1516519635421005"
"Winter Wyvern","Pangolier","110","43","67","0.39090909090909093","-6.765311523025195"
"Void Spirit","Slardar","87","34","53","0.39080459770114945","-6.317786141562647"
"Mars","Phantom Lancer","87","34","53","0.39080459770114945","-6.630208408608102"
"Dawnbreaker","Doom","151","59","92","0.39072847682119205","-5.622918923520059"
"Sand King","Alchemist","64","25","39","0.390625","-4.898440176253034"
"Mars","Outworld Devourer","64","25","39","0.390625","-4.95474716735008"
"Brewmaster","Bane","64","25","39","0.390625","-5.200496916955787"
"Earth Spirit","Alchemist","64","25","39","0.390625","-6.295467266834714"
"Earthshaker","Sven","64","25","39","0.390625","-6.442010937162907"
"Mars","Kez","64","25","39","0.390625","-6.655391700512279"
"Void Spirit","Troll Warlord","64","25","39","0.390625","-7.199863822323291"
"Faceless Void","Dark Willow","64","25","39","0.390625","-9.165203106697303"
"Tusk","Pugna","169","66","103","0.3905325443786982","-7.213921815989625"
"Shadow Fiend","Dark Seer","105","41","64","0.3904761904761905","-6.379630538342067"
"Dawnbreaker","Lycan","82","32","50","0.3902439024390244","-5.762263724982148"
"Crystal Maiden","Puck","141","55","86","0.3900709219858156","-7.077374350982442"
"Slardar","Marci","59","23","36","0.3898305084745763","-4.26076859913732"
"Bloodseeker","Enigma","59","23","36","0.3898305084745763","-5.724825364777836"
"Drow Ranger","Enigma","59","23","36","0.3898305084745763","-6.009441063263844"
"Dragon Knight","Lich","59","23","36","0.3898305084745763","-8.261103090066"
"Tusk","Weaver","195","76","119","0.38974358974358975","-7.424421378648229"
"Viper","Weaver","95","37","58","0.3894736842105263","-6.1574061549712225"
"Lifestealer","Batrider","113","44","69","0.3893805309734513","-5.55282703626324"
"Phoenix","Huskar","54","21","33","0.3888888888888889","-3.2727536417532597"
"Ogre Magi","Ursa","54","21","33","0.3888888888888889","-4.178770836506067"
"Zeus","Ursa","54","21","33","0.3888888888888889","-4.862143845109721"
"Batrider","Bounty Hunter","72","28","44","0.3888888888888889","-5.237569485446164"
"Phoenix","Medusa","108","42","66","0.3888888888888889","-6.165544244500129"
"Void Spirit","Nature's Prophet","72","28","44","0.3888888888888889","-6.451703455211948"
"Doom","Leshrac","144","56","88","0.3888888888888889","-7.025752952471263"
"Queen of Pain","Mirana","108","42","66","0.3888888888888889","-8.097068371707927"
"Templar Assassin","Huskar","54","21","33","0.3888888888888889","-8.111428683289976"
"Shadow Fiend","Viper","54","21","33","0.3888888888888889","-10.608095626520328"
"Kunkka","Elder Titan","54","21","33","0.3888888888888889","-11.908913261847935"
"Axe","Snapfire","85","33","52","0.38823529411764707","-4.882622155315564"
"Hoodwink","Mirana","255","99","156","0.38823529411764707","-6.66110993872727"
"Snapfire","Keeper of the Light","152","59","93","0.3881578947368421","-7.685030005419982"
"Dark Willow","Undying","67","26","41","0.3880597014925373","-5.957560696555881"
"Tidehunter","Shadow Fiend","67","26","41","0.3880597014925373","-7.052969054036124"
"Tidehunter","Shadow Demon","165","64","101","0.3878787878787879","-7.188151674353521"
"Kunkka","Lifestealer","147","57","90","0.3877551020408163","-6.068595528166816"
"Vengeful Spirit","Enchantress","80","31","49","0.3875","-4.6066214083110015"
"Lich","Gyrocopter","62","24","38","0.3870967741935484","-5.427939465255925"
"Phoenix","Dazzle","62","24","38","0.3870967741935484","-6.498383982118965"
"Void Spirit","Keeper of the Light","155","60","95","0.3870967741935484","-6.750494729253557"
"Broodmother","Disruptor","106","41","65","0.3867924528301887","-8.362914031174862"
"Phantom Assassin","Templar Assassin","75","29","46","0.38666666666666666","-3.7387539502432885"
"Shadow Fiend","Sand King","75","29","46","0.38666666666666666","-6.03402350557363"
"Rubick","Monkey King","329","127","202","0.3860182370820669","-7.276759551850151"
"Jakiro","Lycan","57","22","35","0.38596491228070173","-4.878578527410319"
"Void Spirit","Tidehunter","171","66","105","0.38596491228070173","-7.177240780912565"
"Bloodseeker","Juggernaut","70","27","43","0.38571428571428573","-5.271925177864205"
"Visage","Monkey King","70","27","43","0.38571428571428573","-5.59884978410184"
"Grimstroke","Mirana","140","54","86","0.38571428571428573","-5.939058325440037"
"Phantom Assassin","Muerta","70","27","43","0.38571428571428573","-7.230907934632798"
"Tidehunter","Mirana","153","59","94","0.38562091503267976","-6.356463820547406"
"Phantom Assassin","Weaver","83","32","51","0.3855421686746988","-4.485641294174787"
"Dawnbreaker","Winter Wyvern","109","42","67","0.3853211009174312","-6.202768570954864"
"Lion","Centaur Warrunner","109","42","67","0.3853211009174312","-8.144188113934678"
"Gyrocopter","Bristleback","135","52","83","0.3851851851851852","-5.8983142021675565"
"Windranger","Treant Protector","78","30","48","0.38461538461538464","-2.7240816996503616"
"Templar Assassin","Phantom Lancer","65","25","40","0.38461538461538464","-6.773412189062709"
"Luna","Naga Siren","78","30","48","0.38461538461538464","-6.885289448338124"
"Dark Willow","Elder Titan","52","20","32","0.38461538461538464","-7.4553485589111395"
"Techies","Slardar","52","20","32","0.38461538461538464","-7.850940328153252"
"Ursa","Abaddon","65","25","40","0.38461538461538464","-7.852296119347383"
"Ember Spirit","Chen","151","58","93","0.3841059602649007","-4.457062912793326"
"Terrorblade","Faceless Void","125","48","77","0.384","-6.774832176082595"
"Primal Beast","Enigma","112","43","69","0.38392857142857145","-8.182801547132243"
"Luna","Medusa","86","33","53","0.38372093023255816","-7.326996749503345"
"Phoenix","Mirana","146","56","90","0.3835616438356164","-6.268683368576618"
"Phantom Assassin","Invoker","73","28","45","0.3835616438356164","-8.446357625289275"
"Spirit Breaker","Faceless Void","60","23","37","0.38333333333333336","-6.11063348942811"
"Lina","Shadow Demon","120","46","74","0.38333333333333336","-6.415738437528898"
"Crystal Maiden","Elder Titan","60","23","37","0.38333333333333336","-9.52333606897589"
"Centaur Warrunner","Chen","107","41","66","0.38317757009345793","-5.147734540203021"
"Underlord","Monkey King","94","36","58","0.3829787234042553","-6.385070698605492"
"Warlock","Treant Protector","81","31","50","0.38271604938271603","-6.337346704915555"
"Leshrac","Slardar","81","31","50","0.38271604938271603","-7.2652772729622646"
"Void Spirit","Io","102","39","63","0.38235294117647056","-5.454965830118661"
"Silencer","Lina","68","26","42","0.38235294117647056","-7.2009139938571325"
"Sand King","Anti-Mage","68","26","42","0.38235294117647056","-7.916002182793992"
"Muerta","Dark Seer","68","26","42","0.38235294117647056","-8.367057460170448"
"Broodmother","Batrider","89","34","55","0.38202247191011235","-7.762975764919025"
"Mars","Chen","110","42","68","0.38181818181818183","-5.558348981819859"
"Mars","Naga Siren","110","42","68","0.38181818181818183","-6.279845893608564"
"Techies","Pugna","165","63","102","0.38181818181818183","-7.584943062250756"
"Terrorblade","Bloodseeker","97","37","60","0.38144329896907214","-6.252472167888333"
"Tusk","Muerta","202","77","125","0.3811881188118812","-8.83409897150574"
"Bloodseeker","Io","63","24","39","0.38095238095238093","-5.042386104151143"
"Ursa","Bane","84","32","52","0.38095238095238093","-5.947026230254303"
"Axe","Templar Assassin","63","24","39","0.38095238095238093","-7.386336697756488"
"Lifestealer","Doom","63","24","39","0.38095238095238093","-8.235114964402378"
"Lion","Windranger","105","40","65","0.38095238095238093","-8.266653497736923"
"Dawnbreaker","Night Stalker","63","24","39","0.38095238095238093","-8.504097455324835"
"Timbersaw","Clinkz","63","24","39","0.38095238095238093","-8.991397477296875"
"Pangolier","Elder Titan","126","48","78","0.38095238095238093","-9.11602998795251"
"Mirana","Naga Siren","113","43","70","0.3805309734513274","-8.431062641463713"
"Shadow Demon","Elder Titan","92","35","57","0.3804347826086957","-6.388227728007952"
"Windranger","Nature's Prophet","92","35","57","0.3804347826086957","-6.726697968189333"
"Windranger","Faceless Void","92","35","57","0.3804347826086957","-6.96084169273859"
"Brewmaster","Tidehunter","92","35","57","0.3804347826086957","-6.972187613887279"
"Underlord","Mirana","92","35","57","0.3804347826086957","-7.93393046801153"
"Void Spirit","Ember Spirit","255","97","158","0.3803921568627451","-8.076144816241397"
"Ursa","Naga Siren","71","27","44","0.38028169014084506","-6.8068168210485345"
"Axe","Undying","71","27","44","0.38028169014084506","-7.55051601233866"
"Lion","Medusa","71","27","44","0.38028169014084506","-7.9587680313826725"
"Winter Wyvern","Keeper of the Light","71","27","44","0.38028169014084506","-8.603153130502097"
"Tiny","Kez","71","27","44","0.38028169014084506","-10.831987906346082"
"Sand King","Night Stalker","50","19","31","0.38","-6.694219953010537"
"Ringmaster","Shadow Shaman","100","38","62","0.38","-6.731029275980385"
"Dragon Knight","Monkey King","200","76","124","0.38","-7.11953819972432"
"Ursa","Mirana","108","41","67","0.37962962962962965","-7.043511487559905"
"Spirit Breaker","Mirana","87","33","54","0.3793103448275862","-5.2570297934774715"
"Bloodseeker","Medusa","87","33","54","0.3793103448275862","-5.389235720044002"
"Terrorblade","Lifestealer","87","33","54","0.3793103448275862","-6.09867318833229"
"Jakiro","Faceless Void","58","22","36","0.3793103448275862","-6.373713252608395"
"Terrorblade","Naga Siren","116","44","72","0.3793103448275862","-6.757475685381617"
"Dawnbreaker","Enigma","145","55","90","0.3793103448275862","-7.070457454026212"
"Skywrath Mage","Medusa","116","44","72","0.3793103448275862","-7.695282077678564"
"Phoenix","Alchemist","124","47","77","0.3790322580645161","-2.62794204561033"
"Techies","Tidehunter","95","36","59","0.37894736842105264","-7.449707105769204"
"Spirit Breaker","Wraith King","66","25","41","0.3787878787878788","-4.389296627065309"
"Viper","Marci","66","25","41","0.3787878787878788","-4.981171611563822"
"Ursa","Sand King","66","25","41","0.3787878787878788","-6.6949967437702735"
"Primal Beast","Lifestealer","103","39","64","0.3786407766990291","-6.093025091416504"
"Rubick","Bane","185","70","115","0.3783783783783784","-8.086504369837066"
"Templar Assassin","Mirana","156","59","97","0.3782051282051282","-7.691568483486131"
"Wraith King","Bane","135","51","84","0.37777777777777777","-8.074184898821915"
"Queen of Pain","Chaos Knight","53","20","33","0.37735849056603776","-7.384264891076824"
"Zeus","Mirana","61","23","38","0.3770491803278688","-7.380448297411488"
"Dragon Knight","Visage","69","26","43","0.37681159420289856","-4.513406440006994"
"Ursa","Chen","69","26","43","0.37681159420289856","-5.018736658475958"
"Crystal Maiden","Skywrath Mage","69","26","43","0.37681159420289856","-7.451860338336293"
"Sven","Alchemist","69","26","43","0.37681159420289856","-9.06498716619749"
"Muerta","Ancient Apparition","77","29","48","0.37662337662337664","-7.506962057164823"
"Grimstroke","Templar Assassin","170","64","106","0.3764705882352941","-6.374278762326563"
"Undying","Lycan","93","35","58","0.3763440860215054","-7.589876130658365"
"Dragon Knight","Bane","186","70","116","0.3763440860215054","-7.919235751153486"
"Phoenix","Faceless Void","101","38","63","0.37623762376237624","-5.508685194904368"
"Dawnbreaker","Muerta","109","41","68","0.3761467889908257","-6.409740282537329"
"Queen of Pain","Nature's Prophet","117","44","73","0.37606837606837606","-7.665235776807371"
"Lina","Shadow Shaman","72","27","45","0.375","-5.431163949959011"
"Brewmaster","Bristleback","72","27","45","0.375","-5.521112405970156"
"Skywrath Mage","Marci","64","24","40","0.375","-5.601204772724623"
"Dawnbreaker","Warlock","104","39","65","0.375","-6.132268603071684"
"Sand King","Naga Siren","64","24","40","0.375","-6.2449027579263685"
"Sand King","Bristleback","96","36","60","0.375","-7.246198931331437"
"Techies","Muerta","56","21","35","0.375","-7.262003351821406"
"Warlock","Sven","56","21","35","0.375","-7.61461451470367"
"Sniper","Crystal Maiden","64","24","40","0.375","-7.684236757626007"
"Night Stalker","Void Spirit","56","21","35","0.375","-7.707503586560109"
"Lina","Centaur Warrunner","96","36","60","0.375","-7.738403131842625"
"Invoker","Alchemist","72","27","45","0.375","-8.110588733058794"
"Jakiro","Mirana","112","42","70","0.375","-8.138172975936671"
"Puck","Huskar","56","21","35","0.375","-8.372945888882864"
"Dawnbreaker","Mirana","96","36","60","0.375","-8.423067305254508"
"Clinkz","Storm Spirit","56","21","35","0.375","-9.027344388029457"
"Sven","Enigma","72","27","45","0.375","-9.193433218818296"
"Earthshaker","Abaddon","64","24","40","0.375","-9.7436568470055"
"Ringmaster","Bane","64","24","40","0.375","-14.235081952490862"
"Dawnbreaker","Clockwerk","195","73","122","0.37435897435897436","-6.93022940373459"
"Morphling","Leshrac","107","40","67","0.37383177570093457","-6.678252379802645"
"Dawnbreaker","Weaver","91","34","57","0.37362637362637363","-7.553912070423802"
"Lifestealer","Sven","91","34","57","0.37362637362637363","-9.255941250182104"
"Gyrocopter","Naga Siren","83","31","52","0.37349397590361444","-7.587176593400215"
"Winter Wyvern","Hoodwink","83","31","52","0.37349397590361444","-8.069484894263113"
"Legion Commander","Storm Spirit","75","28","47","0.37333333333333335","-8.146103441094162"
"Skywrath Mage","Alchemist","67","25","42","0.373134328358209","-6.9480336724643985"
"Phoenix","Chaos Knight","67","25","42","0.373134328358209","-8.500114291213576"
"Magnus","Brewmaster","51","19","32","0.37254901960784315","-8.810924881841084"
"Silencer","Ringmaster","51","19","32","0.37254901960784315","-10.690764233635496"
"Pugna","Naga Siren","78","29","49","0.3717948717948718","-7.2837602989985495"
"Chaos Knight","Beastmaster","113","42","71","0.37168141592920356","-8.53634138885013"
"Grimstroke","Pugna","148","55","93","0.3716216216216216","-7.3894750507104545"
"Phantom Assassin","Doom","70","26","44","0.37142857142857144","-8.073807010368522"
"Silencer","Abaddon","70","26","44","0.37142857142857144","-9.5717425775065"
"Axe","Shadow Fiend","70","26","44","0.37142857142857144","-10.713296562799577"
"Enchantress","Chen","124","46","78","0.3709677419354839","-5.983085897531546"
"Jakiro","Bane","124","46","78","0.3709677419354839","-7.3071163646123525"
"Earth Spirit","Enigma","62","23","39","0.3709677419354839","-8.405127502688883"
"Legion Commander","Beastmaster","62","23","39","0.3709677419354839","-8.917389914672933"
"Dark Willow","Shadow Fiend","89","33","56","0.3707865168539326","-6.7163739042140245"
"Timbersaw","Io","116","43","73","0.3706896551724138","-6.381606213245934"
"Phoenix","Visage","54","20","34","0.37037037037037035","-4.3185615907784225"
"Hoodwink","Slark","81","30","51","0.37037037037037035","-6.900204382980382"
"Sven","Skywrath Mage","54","20","34","0.37037037037037035","-6.907567863524694"
"Rubick","Clinkz","54","20","34","0.37037037037037035","-11.085976568434052"
"Tiny","Omniknight","65","24","41","0.36923076923076925","-11.988484696729563"
"Magnus","Mirana","84","31","53","0.36904761904761907","-9.215719542201471"
"Rubick","Naga Siren","171","63","108","0.3684210526315789","-7.149517616126674"
"Jakiro","Monkey King","171","63","108","0.3684210526315789","-7.780030743150216"
"Clockwerk","Huskar","57","21","36","0.3684210526315789","-8.812214128222834"
"Underlord","Dark Seer","87","32","55","0.367816091954023","-7.125633233123096"
"Rubick","Alchemist","174","64","110","0.367816091954023","-7.89333622925055"
"Lion","Ursa","68","25","43","0.36764705882352944","-8.188617437803934"
"Void Spirit","Faceless Void","117","43","74","0.36752136752136755","-6.886018374701594"
"Silencer","Enigma","98","36","62","0.3673469387755102","-7.476188753876606"
"Gyrocopter","Chaos Knight","60","22","38","0.36666666666666664","-7.150962065762175"
"Terrorblade","Enigma","90","33","57","0.36666666666666664","-8.132484372753167"
"Snapfire","Mirana","303","111","192","0.36633663366336633","-7.254568885435698"
"Tidehunter","Razor","101","37","64","0.36633663366336633","-7.930615754439653"
"Undying","Chen","71","26","45","0.36619718309859156","-7.764466117565587"
"Vengeful Spirit","Templar Assassin","71","26","45","0.36619718309859156","-8.180849733151367"
"Undying","Medusa","112","41","71","0.36607142857142855","-7.923258559069124"
"Dark Willow","Sand King","82","30","52","0.36585365853658536","-7.974893383984871"
"Ursa","Enigma","52","19","33","0.36538461538461536","-6.0907949143141495"
"Pugna","Broodmother","52","19","33","0.36538461538461536","-6.146111206219372"
"Magnus","Venomancer","52","19","33","0.36538461538461536","-6.950746266655287"
"Abaddon","Naga Siren","52","19","33","0.36538461538461536","-8.930110743470582"
"Silencer","Tidehunter","115","42","73","0.3652173913043478","-8.014664787032673"
"Zeus","Disruptor","63","23","40","0.36507936507936506","-7.974200186376328"
"Winter Wyvern","Chen","63","23","40","0.36507936507936506","-8.88420186088462"
"Warlock","Enigma","74","27","47","0.36486486486486486","-8.45743194948783"
"Hoodwink","Bane","233","85","148","0.3648068669527897","-7.859809199650986"
"Timbersaw","Bane","143","52","91","0.36363636363636365","-4.3593989859560605"
"Earth Spirit","Nature's Prophet","77","28","49","0.36363636363636365","-6.704834859602151"
"Terrorblade","Sand King","99","36","63","0.36363636363636365","-7.554443410596773"
"Phoenix","Largo","55","20","35","0.36363636363636365","-7.744914508956356"
"Mars","Ancient Apparition","66","24","42","0.36363636363636365","-9.23229549563981"
"Jakiro","Largo","55","20","35","0.36363636363636365","-10.095165970040139"
"Phoenix","Drow Ranger","55","20","35","0.36363636363636365","-10.352603297610955"
"Muerta","Grimstroke","91","33","58","0.3626373626373626","-6.885574533086284"
"Muerta","Keeper of the Light","80","29","51","0.3625","-6.7911009771098545"
"Dawnbreaker","Centaur Warrunner","69","25","44","0.36231884057971014","-9.05479087421081"
"Gyrocopter","Storm Spirit","185","67","118","0.3621621621621622","-8.32315445042151"
"Elder Titan","Bane","58","21","37","0.3620689655172414","-5.489233493807077"
"Chaos Knight","Ursa","58","21","37","0.3620689655172414","-8.597394149887496"
"Abaddon","Muerta","58","21","37","0.3620689655172414","-8.919864493042686"
"Tusk","Elder Titan","58","21","37","0.3620689655172414","-9.06051245584305"
"Nyx Assassin","Mirana","58","21","37","0.3620689655172414","-10.278571471150702"
"Death Prophet","Enigma","105","38","67","0.3619047619047619","-7.661808462674606"
"Skywrath Mage","Bane","94","34","60","0.3617021276595745","-9.402470029843629"
"Abaddon","Dark Seer","72","26","46","0.3611111111111111","-7.606258266502923"
"Enchantress","Naga Siren","108","39","69","0.3611111111111111","-9.857641774105225"
"Chaos Knight","Nature's Prophet","61","22","39","0.36065573770491804","-8.695773037610557"
"Lion","Bane","136","49","87","0.3602941176470588","-8.6253273863915"
"Venomancer","Windranger","50","18","32","0.36","-7.522201402855781"
"Phantom Assassin","Primal Beast","50","18","32","0.36","-7.798560249484536"
"Alchemist","Lina","50","18","32","0.36","-10.158871605760528"
"Warlock","Earthshaker","64","23","41","0.359375","-6.510740777275293"
"Death Prophet","Chen","64","23","41","0.359375","-6.539085584532115"
"Troll Warlord","Leshrac","64","23","41","0.359375","-8.36206103959798"
"Alchemist","Winter Wyvern","53","19","34","0.3584905660377358","-7.312042744257908"
"Sand King","Wraith King","53","19","34","0.3584905660377358","-9.74011707365054"
"Morphling","Slardar","53","19","34","0.3584905660377358","-11.1859438048183"
"Underlord","Alchemist","67","24","43","0.3582089552238806","-6.584066741452203"
"Morphling","Mirana","176","63","113","0.35795454545454547","-7.4611335007364605"
"Ember Spirit","Riki","70","25","45","0.35714285714285715","-6.747634339510266"
"Shadow Shaman","Mirana","56","20","36","0.35714285714285715","-7.762296287807099"
"Jakiro","Chaos Knight","56","20","36","0.35714285714285715","-9.723921007563787"
"Crystal Maiden","Pugna","84","30","54","0.35714285714285715","-9.992494984935442"
"Batrider","Io","87","31","56","0.3563218390804598","-6.126032143009048"
"Grimstroke","Abaddon","73","26","47","0.3561643835616438","-7.769897172722612"
"Morphling","Naga Siren","135","48","87","0.35555555555555557","-7.82440553783172"
"Dawnbreaker","Treant Protector","90","32","58","0.35555555555555557","-8.351017833968937"
"Lich","Pugna","76","27","49","0.35526315789473684","-6.01479740386385"
"Gyrocopter","Treant Protector","79","28","51","0.35443037974683544","-8.812386821744768"
"Dawnbreaker","Keeper of the Light","113","40","73","0.35398230088495575","-7.856035334830768"
"Brewmaster","Puck","147","52","95","0.35374149659863946","-9.548742173637377"
"Windranger","Naga Siren","68","24","44","0.35294117647058826","-5.999217178190697"
"Primal Beast","Io","51","18","33","0.35294117647058826","-6.076670354915428"
"Lion","Abaddon","51","18","33","0.35294117647058826","-6.338333397042336"
"Dragon Knight","Dark Seer","119","42","77","0.35294117647058826","-8.193116799983116"
"Silencer","Naga Siren","68","24","44","0.35294117647058826","-8.345421437711167"
"Luna","Enigma","51","18","33","0.35294117647058826","-8.461639801924544"
"Weaver","Magnus","68","24","44","0.35294117647058826","-8.736212429858947"
"Muerta","Alchemist","68","24","44","0.35294117647058826","-9.318819024608201"
"Tiny","Largo","68","24","44","0.35294117647058826","-10.176738592350704"
"Silencer","Ancient Apparition","51","18","33","0.35294117647058826","-11.015541853367331"
"Dawnbreaker","Bane","139","49","90","0.35251798561151076","-6.444755550942018"
"Monkey King","Treant Protector","142","50","92","0.352112676056338","-6.608650948717186"
"Phantom Assassin","Io","54","19","35","0.35185185185185186","-8.45565229357058"
"Hoodwink","Lycan","91","32","59","0.3516483516483517","-8.210993681373989"
"Lina","Bane","128","45","83","0.3515625","-8.204626927196443"
"Underlord","Slardar","74","26","48","0.35135135135135137","-7.768037927084904"
"Primal Beast","Chaos Knight","57","20","37","0.3508771929824561","-6.918647806073646"
"Timbersaw","Elder Titan","57","20","37","0.3508771929824561","-8.838109895933425"
"Hoodwink","Wraith King","57","20","37","0.3508771929824561","-9.434109635717217"
"Ember Spirit","Shadow Fiend","174","61","113","0.3505747126436782","-6.435425284125832"
"Shadow Shaman","Shadow Fiend","60","21","39","0.35","-10.028278564434395"
"Dragon Knight","Treant Protector","112","39","73","0.3482142857142857","-9.143961130949034"
"Grimstroke","Bloodseeker","75","26","49","0.3466666666666667","-6.739959378894681"
"Pugna","Chen","75","26","49","0.3466666666666667","-8.16715131186085"
"Ogre Magi","Beastmaster","75","26","49","0.3466666666666667","-9.124165506123925"
"Keeper of the Light","Templar Assassin","153","53","100","0.3464052287581699","-9.43055774460459"
"Drow Ranger","Lycan","52","18","34","0.34615384615384615","-5.447200994353427"
"Dark Willow","Chen","78","27","51","0.34615384615384615","-9.415885983168396"
"Drow Ranger","Medusa","52","18","34","0.34615384615384615","-9.461017722668162"
"Tidehunter","Treant Protector","104","36","68","0.34615384615384615","-10.496470456548936"
"Snapfire","Slark","81","28","53","0.345679012345679","-8.505552530495928"
"Undying","Underlord","55","19","36","0.34545454545454546","-8.98005245979174"
"Spirit Breaker","Dark Seer","55","19","36","0.34545454545454546","-9.24799020116262"
"Grimstroke","Windranger","84","29","55","0.34523809523809523","-10.471407066692446"
"Lich","Bane","58","20","38","0.3448275862068966","-8.597713689893704"
"Terrorblade","Chen","87","30","57","0.3448275862068966","-9.159203405627593"
"Luna","Chen","61","21","40","0.3442622950819672","-8.825754875869945"
"Underlord","Rubick","93","32","61","0.34408602150537637","-8.981819841164487"
"Shadow Fiend","Spirit Breaker","64","22","42","0.34375","-8.250363559938503"
"Broodmother","Timbersaw","67","23","44","0.34328358208955223","-12.214637104770803"
"Zeus","Monkey King","76","26","50","0.34210526315789475","-8.233136706670544"
"Phantom Assassin","Bane","82","28","54","0.34146341463414637","-8.304644855888393"
"Zeus","Beastmaster","97","33","64","0.3402061855670103","-10.815282153936675"
"Underlord","Lycan","50","17","33","0.34","-6.852370508420106"
"Drow Ranger","Shadow Demon","50","17","33","0.34","-8.616531571389494"
"Silencer","Elder Titan","50","17","33","0.34","-8.824918359691788"
"Earth Spirit","Death Prophet","50","17","33","0.34","-10.349351902006749"
"Slark","Bloodseeker","50","17","33","0.34","-10.897891480747598"
"Templar Assassin","Chen","103","35","68","0.33980582524271846","-6.251071550005396"
"Drow Ranger","Silencer","53","18","35","0.33962264150943394","-6.202514695962843"
"Dark Willow","Lycan","53","18","35","0.33962264150943394","-9.145356963770539"
"Venomancer","Mars","56","19","37","0.3392857142857143","-8.588572142849907"
"Void Spirit","Lycan","59","20","39","0.3389830508474576","-6.787529923733238"
"Skywrath Mage","Razor","68","23","45","0.3382352941176471","-5.926420365063118"
"Dawnbreaker","Medusa","83","28","55","0.3373493975903614","-8.594515142292138"
"Drow Ranger","Clockwerk","107","36","71","0.3364485981308411","-7.1695258206820975"
"Dragon Knight","Underlord","119","40","79","0.33613445378151263","-10.351555023099062"
"Snapfire","Bane","265","89","176","0.33584905660377357","-11.308930963466793"
"Vengeful Spirit","Mirana","54","18","36","0.3333333333333333","-8.384887249416156"
"Clockwerk","Chen","105","35","70","0.3333333333333333","-8.454270274479617"
"Bloodseeker","Faceless Void","54","18","36","0.3333333333333333","-9.241234734219788"
"Zeus","Enigma","93","31","62","0.3333333333333333","-9.445938294875189"
"Dawnbreaker","Dark Seer","60","20","40","0.3333333333333333","-9.819777227597857"
"Legion Commander","Bane","66","22","44","0.3333333333333333","-10.468137566845959"
"Tidehunter","Bloodseeker","57","19","38","0.3333333333333333","-11.497956261644859"
"Clockwerk","Venomancer","69","23","46","0.3333333333333333","-14.424912345367632"
"Dawnbreaker","Chen","94","31","63","0.32978723404255317","-7.906623643540951"
"Silencer","Treant Protector","94","31","63","0.32978723404255317","-9.524462897878733"
"Queen of Pain","Crystal Maiden","76","25","51","0.32894736842105265","-9.46047166180541"
"Bane","Enigma","64","21","43","0.328125","-10.71867695729947"
"Luna","Io","61","20","41","0.32786885245901637","-8.01926645149558"
"Undying","Lifestealer","58","19","39","0.3275862068965517","-10.220019033201257"
"Sand King","Lifestealer","55","18","37","0.32727272727272727","-7.8773115919523296"
"Silencer","Faceless Void","55","18","37","0.32727272727272727","-10.3684933119231"
"Night Stalker","Centaur Warrunner","55","18","37","0.32727272727272727","-12.546474124328169"
"Lion","Chen","52","17","35","0.3269230769230769","-7.341535032905723"
"Faceless Void","Visage","52","17","35","0.3269230769230769","-11.707735155152541"
"Night Stalker","Dragon Knight","74","24","50","0.32432432432432434","-7.285602756581912"
"Warlock","Bane","65","21","44","0.3230769230769231","-7.165640825843205"
"Rubick","Lone Druid","59","19","40","0.3220338983050847","-9.320338619579987"
"Zeus","Faceless Void","59","19","40","0.3220338983050847","-9.536799745220947"
"Grimstroke","Enigma","50","16","34","0.32","-8.265130950573061"
"Night Stalker","Bane","91","29","62","0.31868131868131866","-11.203696279207177"
"Phantom Assassin","Sven","51","16","35","0.3137254901960784","-13.234969358892736"
"Axe","Bane","81","25","56","0.30864197530864196","-11.39791652483908"
"Dazzle","Dragon Knight","52","16","36","0.3076923076923077","-10.13286807912123"
"Underlord","Weaver","62","19","43","0.3064516129032258","-10.233670415646696"
"Axe","Abaddon","69","21","48","0.30434782608695654","-13.022276235086865"
"Earth Spirit","Chen","50","15","35","0.3","-9.162037374609781"
"Invoker","Lifestealer","60","18","42","0.3","-10.540734955940389"
"Night Stalker","Mirana","67","20","47","0.29850746268656714","-11.489827568547396"
"Drow Ranger","Mirana","74","22","52","0.2972972972972973","-12.132525158434278"
"Phoenix","Ancient Apparition","55","16","39","0.2909090909090909","-13.021744434553803"
"Dawnbreaker","Elder Titan","62","18","44","0.2903225806451613","-11.844570634673243"
"Puck","Anti-Mage","53","15","38","0.2830188679245283","-14.886596727563564"
"Axe","Nature's Prophet","57","16","41","0.2807017543859649","-16.331776531222868"
"Weaver","Enigma","61","17","44","0.2786885245901639","-14.884737873109739"
"Lina","Slark","55","15","40","0.2727272727272727","-12.232965915939477"
"Techies","Chen","59","16","43","0.2711864406779661","-11.13956810237401"
"Ember Spirit","Lone Druid","63","17","46","0.2698412698412698","-12.08046897559948"
"Phoenix","Broodmother","57","14","43","0.24561403508771928","-15.053471853888462"
"Kunkka","Ringmaster","52","12","40","0.23076923076923078","-14.953757987234257"